timestamp,scan_number,ch_00,ch_01,ch_02,ch_03,ch_04,system_file,system_id
2025-11-25 14:06:37.919,1,34.3113076,33.2829199,31.7862014,32.715806,33.1362801,biomass\25112025.csv,25112025
2025-11-25 14:06:47.912,2,34.4918237,33.1239345,31.8114125,32.7220343,33.1506248,biomass\25112025.csv,25112025
2025-11-25 14:06:57.912,3,34.634423,33.7077845,31.7499129,33.0111746,33.2321666,biomass\25112025.csv,25112025
2025-11-25 14:07:07.912,4,34.8753819,33.8480732,31.8422064,33.0662921,33.2974068,biomass\25112025.csv,25112025
2025-11-25 14:07:17.912,5,34.9525907,33.7689968,31.7856895,33.0206034,33.3511034,biomass\25112025.csv,25112025
2025-11-25 14:07:27.912,6,35.0552138,32.9890544,31.6917514,32.6135682,33.2845375,biomass\25112025.csv,25112025
2025-11-25 14:07:37.912,7,34.8542748,32.3814185,31.8308678,32.230688,33.0538344,biomass\25112025.csv,25112025
2025-11-25 14:07:47.912,8,34.4463204,32.2540789,31.8731878,32.1244927,32.9008883,biomass\25112025.csv,25112025
2025-11-25 14:07:57.912,9,34.086995,32.4602746,32.0511374,32.1042018,32.8632773,biomass\25112025.csv,25112025
2025-11-25 14:08:07.912,10,33.7781966,32.5210893,32.0242212,32.1105166,32.8243408,biomass\25112025.csv,25112025
2025-11-25 14:08:17.912,11,33.9976928,33.0864663,31.8978592,32.5570206,32.9548586,biomass\25112025.csv,25112025
2025-11-25 14:08:27.912,12,34.2396041,33.1335243,31.7429409,32.7531344,33.0614708,biomass\25112025.csv,25112025
2025-11-25 14:08:37.912,13,34.2716917,32.9445152,31.5398766,32.4538529,33.07099,biomass\25112025.csv,25112025
2025-11-25 14:08:47.912,14,34.2185252,32.7293853,31.6886121,32.3152823,33.0202078,biomass\25112025.csv,25112025
2025-11-25 14:08:57.912,15,34.2165121,32.5760667,31.8263884,32.3125421,32.9704343,biomass\25112025.csv,25112025
2025-11-25 14:09:07.912,16,34.4524115,32.7552367,31.9032225,32.4204725,33.0646736,biomass\25112025.csv,25112025
2025-11-25 14:09:17.912,17,34.5579447,32.7458334,31.7435424,32.4242308,33.0933961,biomass\25112025.csv,25112025
2025-11-25 14:09:27.912,18,34.6429237,33.3936903,31.9512528,32.8022287,33.1400399,biomass\25112025.csv,25112025
2025-11-25 14:09:37.912,19,34.7689008,33.9135338,31.9042112,32.9726515,33.2918503,biomass\25112025.csv,25112025
2025-11-25 14:09:47.912,20,34.9381842,33.6689172,31.8783635,32.8354961,33.3078088,biomass\25112025.csv,25112025
2025-11-25 14:09:57.912,21,34.8700859,32.4228316,31.8145746,32.2669459,33.0868875,biomass\25112025.csv,25112025
2025-11-25 14:10:07.912,22,34.8787922,33.1858063,32.0565895,32.7423719,33.1819975,biomass\25112025.csv,25112025
2025-11-25 14:10:17.912,23,34.8150244,33.1052224,31.9584909,32.4941515,33.1870128,biomass\25112025.csv,25112025
2025-11-25 14:10:27.912,24,34.3877427,32.4455626,32.1160737,31.9865714,32.9396993,biomass\25112025.csv,25112025
2025-11-25 14:10:37.912,25,34.0012282,32.3034375,32.2544,31.8205052,32.7724761,biomass\25112025.csv,25112025
2025-11-25 14:10:47.912,26,33.6621151,32.2191307,32.2169328,31.8167925,32.6661915,biomass\25112025.csv,25112025
2025-11-25 14:10:57.912,27,33.6220303,33.3132863,32.341478,32.5640499,32.8167685,biomass\25112025.csv,25112025
2025-11-25 14:11:07.912,28,33.7748432,34.2375753,32.2241123,33.0255365,33.052993,biomass\25112025.csv,25112025
2025-11-25 14:11:17.912,29,33.7565918,32.7285062,31.9460303,32.2608938,32.9377503,biomass\25112025.csv,25112025
2025-11-25 14:11:27.912,30,33.7655954,32.7803007,31.8886866,32.3654066,32.9861128,biomass\25112025.csv,25112025
2025-11-25 14:11:37.912,31,33.9255815,34.159147,32.0920402,33.2859087,33.1579291,biomass\25112025.csv,25112025
2025-11-25 14:11:47.912,32,34.006988,32.6971235,31.8498915,32.2688554,33.0743947,biomass\25112025.csv,25112025
2025-11-25 14:11:57.912,33,34.0329133,32.4868598,31.862682,32.1081826,33.0044762,biomass\25112025.csv,25112025
2025-11-25 14:12:07.912,34,33.875072,32.7343544,31.8876608,32.5030268,32.9897805,biomass\25112025.csv,25112025
2025-11-25 14:12:17.912,35,34.0156847,32.9568931,31.8324436,32.6858096,33.0954322,biomass\25112025.csv,25112025
2025-11-25 14:12:27.912,36,34.0254525,32.8315347,31.8664785,32.4513465,33.0713426,biomass\25112025.csv,25112025
2025-11-25 14:12:37.912,37,34.0465569,32.8118365,31.9226557,32.5375665,33.1294873,biomass\25112025.csv,25112025
2025-11-25 14:12:47.912,38,34.0671614,45.4205682,84.109101,50.2740703,34.7981432,biomass\25112025.csv,25112025
2025-11-25 14:12:57.912,39,33.5770493,130.86463,44.6928273,36.0427121,34.8845953,biomass\25112025.csv,25112025
2025-11-25 14:13:07.912,40,33.4928526,56.7805972,37.2250895,133.486001,35.7662135,biomass\25112025.csv,25112025
2025-11-25 14:13:17.912,41,33.2505105,42.464862,35.8915661,68.699388,39.8809184,biomass\25112025.csv,25112025
2025-11-25 14:13:27.912,42,32.8402255,39.1151504,35.2468433,55.5150265,43.2024394,biomass\25112025.csv,25112025
2025-11-25 14:13:37.912,43,32.8613102,38.3030657,35.3434802,35.366284,585.962738,biomass\25112025.csv,25112025
2025-11-25 14:13:47.912,44,32.5260157,690.3649,72.7976415,38.544273,145.414015,biomass\25112025.csv,25112025
2025-11-25 14:13:57.912,45,32.0812131,146.272833,44.0962254,33.5046989,52.9761896,biomass\25112025.csv,25112025
2025-11-25 14:14:07.912,46,32.3761609,72.4505265,38.3250494,33.4679666,42.0872473,biomass\25112025.csv,25112025
2025-11-25 14:14:17.912,47,32.6775012,48.7805254,36.2434996,32.9256785,37.1058936,biomass\25112025.csv,25112025
2025-11-25 14:14:27.912,48,32.8754221,44.2437452,35.6159175,32.8346194,36.1548387,biomass\25112025.csv,25112025
2025-11-25 14:14:37.912,49,33.1234664,41.6944054,35.2661015,32.7672348,35.1763175,biomass\25112025.csv,25112025
2025-11-25 14:14:47.912,50,33.4239176,41.5339045,35.1647835,32.8703152,35.6657104,biomass\25112025.csv,25112025
2025-11-25 14:14:57.912,51,33.5666462,40.1561288,34.9003488,32.7099108,34.8337542,biomass\25112025.csv,25112025
2025-11-25 14:15:07.912,52,33.2168598,37.1676841,34.7084293,32.3075642,32.7750509,biomass\25112025.csv,25112025
2025-11-25 14:15:17.912,53,32.8871854,36.4359089,34.7020972,32.2678174,32.8514018,biomass\25112025.csv,25112025
2025-11-25 14:15:27.912,54,32.6764444,35.8410875,34.6654093,32.1927957,32.6242412,biomass\25112025.csv,25112025
2025-11-25 14:15:37.912,55,32.4173697,35.5931173,34.7262901,32.2747833,33.4326148,biomass\25112025.csv,25112025
2025-11-25 14:15:47.912,56,32.4700437,37.016471,34.9517077,32.5782113,35.4719243,biomass\25112025.csv,25112025
2025-11-25 14:15:57.912,57,32.219723,36.5596833,34.6027062,32.3421608,34.682536,biomass\25112025.csv,25112025
2025-11-25 14:16:07.912,58,31.9221322,35.7113021,34.4701884,32.2034831,33.7255698,biomass\25112025.csv,25112025
2025-11-25 14:16:17.912,59,31.9598747,35.3876784,34.4251305,32.3335516,34.5853212,biomass\25112025.csv,25112025
2025-11-25 14:16:27.912,60,32.2320947,35.5015422,34.3802533,32.440607,35.0017829,biomass\25112025.csv,25112025
2025-11-25 14:16:37.912,61,32.4379188,35.6774919,34.3684026,32.4580839,35.0753093,biomass\25112025.csv,25112025
2025-11-25 14:16:47.912,62,32.6865306,35.3025339,34.225977,32.4111931,34.8503278,biomass\25112025.csv,25112025
2025-11-25 14:16:57.912,63,32.8474582,34.244386,34.0944174,32.102867,33.0367237,biomass\25112025.csv,25112025
2025-11-25 14:17:07.912,64,32.6540028,33.7187892,34.119011,32.012372,32.7369736,biomass\25112025.csv,25112025
2025-11-25 14:17:17.912,65,32.730848,34.2194755,34.1027719,32.2163802,33.4953732,biomass\25112025.csv,25112025
2025-11-25 14:17:27.912,66,32.6429481,34.2349079,34.0980118,32.1618325,33.1443243,biomass\25112025.csv,25112025
2025-11-25 14:17:37.912,67,32.4075876,33.545946,33.9965564,32.0320376,32.3028945,biomass\25112025.csv,25112025
2025-11-25 14:17:47.912,68,32.2588877,33.7241209,34.1471323,32.2167174,33.1648368,biomass\25112025.csv,25112025
2025-11-25 14:17:57.912,69,32.3760747,34.0131838,33.9699482,32.2759773,33.6317612,biomass\25112025.csv,25112025
2025-11-25 14:18:07.912,70,32.5193944,34.4184337,34.001947,32.3543497,34.1794377,biomass\25112025.csv,25112025
2025-11-25 14:18:17.912,71,32.8297002,33.558577,33.7930767,32.2044175,33.2897943,biomass\25112025.csv,25112025
2025-11-25 14:18:27.912,72,32.9701415,33.4735746,33.7221635,32.1694094,33.094753,biomass\25112025.csv,25112025
2025-11-25 14:18:37.912,73,33.0669367,33.9495243,33.7610933,32.3335929,33.9137726,biomass\25112025.csv,25112025
2025-11-25 14:18:47.941,74,33.1937256,33.3183032,33.6167849,32.1984545,33.0556961,biomass\25112025.csv,25112025
2025-11-25 14:18:57.912,75,33.0363491,33.0918691,33.5770984,32.0770678,32.5165913,biomass\25112025.csv,25112025
2025-11-25 14:19:07.912,76,33.0122671,33.8402297,33.6671036,32.4080801,33.9749664,biomass\25112025.csv,25112025
2025-11-25 14:19:17.912,77,33.235147,34.4175641,33.7052641,32.4869149,34.6412442,biomass\25112025.csv,25112025
2025-11-25 14:19:27.912,78,33.2193546,33.5740615,33.5565442,32.3719653,33.8999678,biomass\25112025.csv,25112025
2025-11-25 14:19:37.912,79,33.2920199,33.5921027,33.5565146,32.3134783,33.531741,biomass\25112025.csv,25112025
2025-11-25 14:19:47.912,80,33.5685377,33.6257664,33.4838625,32.2912309,33.6824251,biomass\25112025.csv,25112025
2025-11-25 14:19:57.912,81,33.6399508,33.0923421,33.3903019,32.1413355,33.0695426,biomass\25112025.csv,25112025
2025-11-25 14:20:07.912,82,33.6113146,33.9927645,33.4600427,32.3646562,34.203432,biomass\25112025.csv,25112025
2025-11-25 14:20:17.912,83,33.6737567,34.0377209,33.4507805,32.4273946,34.1225082,biomass\25112025.csv,25112025
2025-11-25 14:20:27.912,84,33.6694879,33.0154319,33.1704421,32.1312065,32.8264041,biomass\25112025.csv,25112025
2025-11-25 14:20:37.912,85,33.3909123,33.1720026,33.3820295,32.1890721,33.2551044,biomass\25112025.csv,25112025
2025-11-25 14:20:47.912,86,33.5002859,33.7680275,33.4573737,32.3876049,34.0022135,biomass\25112025.csv,25112025
2025-11-25 14:20:57.912,87,33.7407159,33.5261667,33.2798075,32.2664003,33.3352317,biomass\25112025.csv,25112025
2025-11-25 14:21:07.912,88,33.8510539,33.9622925,33.2596982,32.4191493,33.908771,biomass\25112025.csv,25112025
2025-11-25 14:21:17.912,89,34.175005,33.8456256,33.0999408,32.5337578,33.9903509,biomass\25112025.csv,25112025
2025-11-25 14:21:27.912,90,34.2731814,33.9401729,33.162733,32.5310731,34.220099,biomass\25112025.csv,25112025
2025-11-25 14:21:37.912,91,34.3632633,33.7484649,33.1126094,32.4633366,33.4694196,biomass\25112025.csv,25112025
2025-11-25 14:21:47.912,92,34.0328739,32.7936496,32.9580961,32.2579184,32.6309279,biomass\25112025.csv,25112025
2025-11-25 14:21:57.912,93,33.884163,33.24115,33.0705675,32.3506754,32.9112954,biomass\25112025.csv,25112025
2025-11-25 14:22:07.912,94,33.7931072,33.5505791,33.1975371,32.4850943,34.0176978,biomass\25112025.csv,25112025
2025-11-25 14:22:17.912,95,33.8985011,33.0333364,33.0106037,32.3430329,32.8768575,biomass\25112025.csv,25112025
2025-11-25 14:22:27.912,96,34.0362488,33.7923128,33.0782855,32.4745929,33.7192459,biomass\25112025.csv,25112025
2025-11-25 14:22:37.912,97,34.0702719,33.3309598,32.9465368,32.3926339,33.1895488,biomass\25112025.csv,25112025
2025-11-25 14:22:47.912,98,34.2835733,34.0307802,33.0731898,32.6939389,34.581282,biomass\25112025.csv,25112025
2025-11-25 14:22:57.912,99,34.2805874,33.1853063,32.9334231,32.3654144,32.8212438,biomass\25112025.csv,25112025
2025-11-25 14:23:07.912,100,33.9572505,32.6420397,32.9574283,32.2405628,32.223553,biomass\25112025.csv,25112025
2025-11-25 14:23:17.912,101,33.6941049,32.7361553,32.9121336,32.2682265,32.4727764,biomass\25112025.csv,25112025
2025-11-25 14:23:27.912,102,33.4134916,32.9932137,32.9696264,32.3372884,32.9871028,biomass\25112025.csv,25112025
2025-11-25 14:23:37.912,103,33.2558259,33.2343175,33.0515826,32.4159362,33.5682852,biomass\25112025.csv,25112025
2025-11-25 14:23:47.912,104,33.4181698,33.5310171,32.859284,32.4069044,33.485132,biomass\25112025.csv,25112025
2025-11-25 14:23:57.912,105,33.3108917,32.7763225,32.6272023,32.2933243,32.7776429,biomass\25112025.csv,25112025
2025-11-25 14:24:07.912,106,33.1218274,32.5940539,32.7213128,32.2147189,32.4202959,biomass\25112025.csv,25112025
2025-11-25 14:24:17.912,107,32.9244147,32.3976316,32.6930887,32.2014547,32.3272972,biomass\25112025.csv,25112025
2025-11-25 14:24:27.912,108,32.969379,32.9472156,32.7404269,32.3325194,33.2622486,biomass\25112025.csv,25112025
2025-11-25 14:24:37.912,109,32.8655964,32.3492459,32.6161607,32.1560766,32.336847,biomass\25112025.csv,25112025
2025-11-25 14:24:47.912,110,33.0421897,33.1483207,32.7212835,32.3304963,33.1651681,biomass\25112025.csv,25112025
2025-11-25 14:24:57.912,111,33.1161866,32.2321747,32.5596503,32.1567371,32.1840272,biomass\25112025.csv,25112025
2025-11-25 14:25:07.912,112,33.3238097,33.2062224,32.6633424,32.4864512,33.7399772,biomass\25112025.csv,25112025
2025-11-25 14:25:17.912,113,33.7519984,32.840692,32.4968375,32.3677489,32.8466157,biomass\25112025.csv,25112025
2025-11-25 14:25:27.912,114,33.9440294,33.8084909,32.6205533,32.618084,34.4861971,biomass\25112025.csv,25112025
2025-11-25 14:25:37.912,115,34.1738895,33.2383905,32.4588606,32.464993,33.4468917,biomass\25112025.csv,25112025
2025-11-25 14:25:47.912,116,34.2744725,34.0812048,32.6174864,32.749133,34.4796788,biomass\25112025.csv,25112025
2025-11-25 14:25:57.912,117,34.3209612,33.9371538,32.5499533,32.7535794,34.3738547,biomass\25112025.csv,25112025
2025-11-25 14:26:07.912,118,34.45749,33.4422409,32.3475257,32.5164474,33.3234179,biomass\25112025.csv,25112025
2025-11-25 14:26:17.912,119,34.4543224,33.1836384,32.4050493,32.5989036,33.8506461,biomass\25112025.csv,25112025
2025-11-25 14:26:27.912,120,34.746935,33.5271952,32.4136743,32.6499398,34.211144,biomass\25112025.csv,25112025
2025-11-25 14:26:37.912,121,34.7439249,33.3608777,32.4656656,32.5632394,33.4166167,biomass\25112025.csv,25112025
2025-11-25 14:26:47.912,122,34.5856105,33.0414761,32.5076158,32.5256111,33.2570245,biomass\25112025.csv,25112025
2025-11-25 14:26:57.912,123,34.7952907,33.9161459,32.6805292,32.7606211,34.6398697,biomass\25112025.csv,25112025
2025-11-25 14:27:07.912,124,34.8998111,33.5277066,32.5148549,32.5773583,33.7807618,biomass\25112025.csv,25112025
2025-11-25 14:27:17.912,125,34.6955187,32.9945479,32.467974,32.4144106,32.9192521,biomass\25112025.csv,25112025
2025-11-25 14:27:27.912,126,34.5875326,33.7627295,32.6213555,32.6930333,34.4993632,biomass\25112025.csv,25112025
2025-11-25 14:27:37.912,127,34.6981538,33.3892587,32.4080119,32.5759202,33.864042,biomass\25112025.csv,25112025
2025-11-25 14:27:47.912,128,34.9049471,33.7424188,32.4416309,32.6537191,34.218692,biomass\25112025.csv,25112025
2025-11-25 14:27:57.912,129,35.2264369,33.8410416,32.4466296,32.6300871,34.1313377,biomass\25112025.csv,25112025
2025-11-25 14:28:07.912,130,35.1097285,33.2954496,32.4906898,32.5059014,33.5170052,biomass\25112025.csv,25112025
2025-11-25 14:28:17.912,131,35.0336022,33.1924643,32.5422728,32.4404233,33.2247464,biomass\25112025.csv,25112025
2025-11-25 14:28:27.912,132,34.7714456,33.0144624,32.5686591,32.3912625,33.0692318,biomass\25112025.csv,25112025
2025-11-25 14:28:37.912,133,34.5618651,32.7288084,32.5019369,32.2567666,32.3861846,biomass\25112025.csv,25112025
2025-11-25 14:28:47.912,134,34.4954435,33.3897704,32.6699047,32.5220547,33.9048411,biomass\25112025.csv,25112025
2025-11-25 14:28:57.912,135,34.4439753,33.2147144,32.5353123,32.3763278,33.3565411,biomass\25112025.csv,25112025
2025-11-25 14:29:07.912,136,34.4867184,33.5336182,32.5280788,32.4435276,33.8010614,biomass\25112025.csv,25112025
2025-11-25 14:29:17.912,137,34.3875805,32.9188307,32.429715,32.2528619,32.9424036,biomass\25112025.csv,25112025
2025-11-25 14:29:27.912,138,34.265501,32.56264,32.4870417,32.1563766,32.2465107,biomass\25112025.csv,25112025
2025-11-25 14:29:37.912,139,33.8859026,32.7101131,32.5906429,32.2246027,32.9288124,biomass\25112025.csv,25112025
2025-11-25 14:29:47.912,140,33.8697133,34.5028903,32.8479091,32.5832226,35.1009466,biomass\25112025.csv,25112025
2025-11-25 14:29:57.912,141,34.044853,33.3744768,32.5631403,32.3350546,33.1649682,biomass\25112025.csv,25112025
2025-11-25 14:30:07.912,142,33.8201594,32.8111531,32.3645413,32.313954,33.1514097,biomass\25112025.csv,25112025
2025-11-25 14:30:17.912,143,33.784417,32.8198727,32.4225603,32.2620452,32.8472481,biomass\25112025.csv,25112025
2025-11-25 14:30:27.912,144,33.7019679,33.8041755,32.6439021,32.5067427,34.4639854,biomass\25112025.csv,25112025
2025-11-25 14:30:37.912,145,33.6651749,32.7645102,32.29975,32.2389498,32.837008,biomass\25112025.csv,25112025
2025-11-25 14:30:47.912,146,33.635522,33.7087372,32.4380324,32.5853266,34.5492472,biomass\25112025.csv,25112025
2025-11-25 14:30:57.912,147,33.7595262,33.1186683,32.2969058,32.3796196,33.2386798,biomass\25112025.csv,25112025
2025-11-25 14:31:07.912,148,33.9073397,33.6933333,32.4303703,32.5762647,34.093611,biomass\25112025.csv,25112025
2025-11-25 14:31:17.912,149,34.072623,34.564581,32.5251252,32.8538994,35.2547025,biomass\25112025.csv,25112025
2025-11-25 14:31:27.912,150,34.2417249,33.8703988,32.3997163,32.6701169,34.1529691,biomass\25112025.csv,25112025
2025-11-25 14:31:37.912,151,34.2610142,33.4857602,32.3760683,32.5547791,33.9295303,biomass\25112025.csv,25112025
2025-11-25 14:31:47.912,152,34.3442013,34.1116923,32.5997347,32.7511332,34.9584285,biomass\25112025.csv,25112025
2025-11-25 14:31:57.912,153,34.5354068,33.6658265,32.3822255,32.6135918,33.872373,biomass\25112025.csv,25112025
2025-11-25 14:32:07.912,154,34.3897593,33.55816,32.398434,32.5994119,34.0370474,biomass\25112025.csv,25112025
2025-11-25 14:32:17.912,155,34.3680286,34.1095355,32.5125905,32.6433282,34.4634801,biomass\25112025.csv,25112025
2025-11-25 14:32:27.912,156,34.4034978,34.0248324,32.5842822,32.6820622,34.5217883,biomass\25112025.csv,25112025
2025-11-25 14:32:37.912,157,34.4364486,33.2389368,32.459205,32.4422411,33.3397075,biomass\25112025.csv,25112025
2025-11-25 14:32:47.912,158,34.5401867,34.2389519,32.7305849,32.7721807,34.9479492,biomass\25112025.csv,25112025
2025-11-25 14:32:57.912,159,34.8257895,33.4983848,32.4601394,32.4876017,33.3290632,biomass\25112025.csv,25112025
2025-11-25 14:33:07.912,160,34.7885708,33.3900918,32.5788606,32.4804365,33.4318211,biomass\25112025.csv,25112025
2025-11-25 14:33:17.912,161,34.840804,33.9695757,32.6635145,32.7288986,34.679191,biomass\25112025.csv,25112025
2025-11-25 14:33:27.912,162,34.7425795,33.1070839,32.5303758,32.3945469,33.0720823,biomass\25112025.csv,25112025
2025-11-25 14:33:37.912,163,34.581437,33.0485241,32.4785071,32.3923079,32.9009055,biomass\25112025.csv,25112025
2025-11-25 14:33:47.912,164,34.4407554,32.855869,32.4888878,32.3277804,32.636611,biomass\25112025.csv,25112025
2025-11-25 14:33:57.912,165,34.167087,32.7612077,32.5197503,32.2648739,32.6197826,biomass\25112025.csv,25112025
2025-11-25 14:34:07.916,166,34.0557334,33.6711724,32.6269744,32.5699094,34.3011302,biomass\25112025.csv,25112025
2025-11-25 14:34:17.912,167,34.136763,33.0894575,32.4353644,32.3621289,33.0196509,biomass\25112025.csv,25112025
2025-11-25 14:34:27.912,168,34.0733857,33.693767,32.5925978,32.5632613,34.2583485,biomass\25112025.csv,25112025
2025-11-25 14:34:37.912,169,34.2028748,33.3120044,32.4151435,32.4409344,33.362426,biomass\25112025.csv,25112025
2025-11-25 14:34:47.912,170,34.4477652,33.905867,32.4690216,32.6175147,34.1715806,biomass\25112025.csv,25112025
2025-11-25 14:34:57.912,171,34.3778457,33.2460125,32.3580359,32.4681161,33.6439752,biomass\25112025.csv,25112025
2025-11-25 14:35:07.912,172,34.1420474,33.5064506,32.4763126,32.4790104,33.7738446,biomass\25112025.csv,25112025
2025-11-25 14:35:17.912,173,34.3101617,33.4512361,32.4084507,32.477602,33.5717345,biomass\25112025.csv,25112025
2025-11-25 14:35:27.912,174,34.2161925,32.8040353,32.3341132,32.3309435,32.5404724,biomass\25112025.csv,25112025
2025-11-25 14:35:37.912,175,34.2394368,33.0659133,32.5144773,32.4162748,33.1719677,biomass\25112025.csv,25112025
2025-11-25 14:35:47.912,176,34.3455914,33.3667955,32.5103782,32.4653879,33.5565352,biomass\25112025.csv,25112025
2025-11-25 14:35:57.912,177,34.2871115,33.2722772,32.4645806,32.4290327,33.568798,biomass\25112025.csv,25112025
2025-11-25 14:36:07.912,178,34.0063389,32.6406422,32.5840653,32.2668529,32.3585059,biomass\25112025.csv,25112025
2025-11-25 14:36:17.912,179,33.815285,32.8988589,32.6415826,32.3866107,33.1648885,biomass\25112025.csv,25112025
2025-11-25 14:36:27.912,180,33.6179877,33.5354659,32.6316023,32.5768852,34.3116621,biomass\25112025.csv,25112025
2025-11-25 14:36:37.912,181,33.8246674,33.8271603,32.5334711,32.6508746,34.5118321,biomass\25112025.csv,25112025
2025-11-25 14:36:47.912,182,33.9434434,34.4661403,32.6655218,32.8274234,35.4466133,biomass\25112025.csv,25112025
2025-11-25 14:36:57.912,183,34.0499966,34.7694239,32.7393228,32.9252586,35.8192569,biomass\25112025.csv,25112025
2025-11-25 14:37:07.912,184,34.2537155,34.1570032,32.5009333,32.7692343,34.6623861,biomass\25112025.csv,25112025
2025-11-25 14:37:17.912,185,34.3856421,33.9534489,32.3823343,32.6799873,34.1769732,biomass\25112025.csv,25112025
2025-11-25 14:37:27.912,186,34.4158309,34.4018788,32.6094185,32.8677308,35.05503,biomass\25112025.csv,25112025
2025-11-25 14:37:37.912,187,34.5294749,34.2813315,32.4630245,32.7748562,34.365224,biomass\25112025.csv,25112025
2025-11-25 14:37:47.912,188,34.3866471,34.1458432,32.5847728,32.7966915,34.6327111,biomass\25112025.csv,25112025
2025-11-25 14:37:57.912,189,34.4417057,34.323334,32.6662855,32.8808434,35.1708646,biomass\25112025.csv,25112025
2025-11-25 14:38:07.912,190,34.6186081,34.8430719,32.6419707,33.0464713,35.6933517,biomass\25112025.csv,25112025
2025-11-25 14:38:17.912,191,34.7683359,34.535099,32.4888999,32.8991287,34.6705186,biomass\25112025.csv,25112025
2025-11-25 14:38:27.912,192,34.7828126,33.3266938,32.393064,32.6685838,33.7261828,biomass\25112025.csv,25112025
2025-11-25 14:38:37.912,193,34.6994013,32.7799368,32.3303573,32.4266428,32.58149,biomass\25112025.csv,25112025
2025-11-25 14:38:47.912,194,34.6157188,32.8075627,32.5698389,32.4899618,32.9120093,biomass\25112025.csv,25112025
2025-11-25 14:38:57.912,195,34.3157237,32.4755448,32.5307418,32.3258366,32.3923657,biomass\25112025.csv,25112025
2025-11-25 14:39:07.912,196,34.1765909,33.3527309,32.760325,32.4965525,33.4578369,biomass\25112025.csv,25112025
2025-11-25 14:39:17.912,197,34.1920991,33.9313781,32.7444759,32.6245556,34.2796361,biomass\25112025.csv,25112025
2025-11-25 14:39:27.912,198,34.1565177,33.1415638,32.4981355,32.3991033,33.224444,biomass\25112025.csv,25112025
2025-11-25 14:39:37.912,199,34.0571037,33.6301931,32.6598855,32.5437508,33.9283137,biomass\25112025.csv,25112025
2025-11-25 14:39:47.912,200,34.2284969,33.1382595,32.476844,32.3943201,32.8819848,biomass\25112025.csv,25112025
2025-11-25 14:39:57.912,201,34.1666326,32.7952546,32.33627,32.4822038,32.924591,biomass\25112025.csv,25112025
2025-11-25 14:40:07.912,202,34.3151109,33.6053669,32.4525425,32.6622909,33.9928772,biomass\25112025.csv,25112025
2025-11-25 14:40:17.912,203,34.2102585,33.0724298,32.4482563,32.5310685,33.1735215,biomass\25112025.csv,25112025
2025-11-25 14:40:27.912,204,34.1554716,32.6756092,32.3858773,32.422835,32.7161722,biomass\25112025.csv,25112025
2025-11-25 14:40:37.912,205,34.0095838,32.5362992,32.3398619,32.3687236,32.4033266,biomass\25112025.csv,25112025
2025-11-25 14:40:47.912,206,33.9805732,33.6661147,32.5530191,32.8089548,34.533714,biomass\25112025.csv,25112025
2025-11-25 14:40:57.912,207,33.9291883,33.2886512,32.4855499,32.5271875,33.4951987,biomass\25112025.csv,25112025
2025-11-25 14:41:07.912,208,33.7684635,32.670767,32.5692076,32.3212029,32.5246638,biomass\25112025.csv,25112025
2025-11-25 14:41:17.912,209,33.3964161,43.6376497,35.2184875,34.6325025,42.0993178,biomass\25112025.csv,25112025
2025-11-25 14:41:27.912,210,32.6096338,50.8642209,36.7068817,36.2351505,39.8031106,biomass\25112025.csv,25112025
2025-11-25 14:41:37.912,211,31.4220738,85.4517472,39.8269995,36.7293913,50.2882898,biomass\25112025.csv,25112025
2025-11-25 14:41:47.912,212,28.2865273,72.8462889,37.8005134,35.8559609,45.902549,biomass\25112025.csv,25112025
2025-11-25 14:41:57.912,213,27.064706,77.5788466,37.8154538,35.6199801,45.3879225,biomass\25112025.csv,25112025
2025-11-25 14:42:07.912,214,26.8004585,63.1422299,36.5492341,34.5577715,40.6737948,biomass\25112025.csv,25112025
2025-11-25 14:42:17.912,215,26.5685375,49.56358,35.1470715,33.2883642,36.0475986,biomass\25112025.csv,25112025
2025-11-25 14:42:27.912,216,26.6869864,44.151081,35.1291423,32.9356012,34.488304,biomass\25112025.csv,25112025
2025-11-25 14:42:37.912,217,26.7703482,41.9420383,34.7347209,32.7487767,33.630313,biomass\25112025.csv,25112025
2025-11-25 14:42:47.912,218,26.9318336,41.4436496,34.8400498,33.0391506,34.8279897,biomass\25112025.csv,25112025
2025-11-25 14:42:57.912,219,27.2759542,40.837444,34.8677736,33.0609909,34.9117113,biomass\25112025.csv,25112025
2025-11-25 14:43:07.912,220,27.5575924,40.960132,35.1087619,33.3025146,35.8299162,biomass\25112025.csv,25112025
2025-11-25 14:43:17.912,221,27.9915147,38.921359,34.5844666,33.2070878,35.2314903,biomass\25112025.csv,25112025
2025-11-25 14:43:27.912,222,28.1870788,37.3911883,34.4309795,32.8499143,33.1815954,biomass\25112025.csv,25112025
2025-11-25 14:43:37.912,223,28.1126718,36.567261,34.3681131,32.8878097,33.5209922,biomass\25112025.csv,25112025
2025-11-25 14:43:47.912,224,28.3887311,36.7858494,34.3544967,32.9445597,33.6510879,biomass\25112025.csv,25112025
2025-11-25 14:43:57.912,225,28.6022468,36.7018557,34.4197265,33.1019587,34.4904798,biomass\25112025.csv,25112025
2025-11-25 14:44:07.912,226,28.7242916,41.2270653,35.9392841,34.1058161,39.9628609,biomass\25112025.csv,25112025
2025-11-25 14:44:17.912,227,28.4812935,60.7707138,38.6306569,49.3677941,56.8028503,biomass\25112025.csv,25112025
2025-11-25 14:44:27.912,228,27.9646016,78.1301432,41.853577,55.3513564,60.7771519,biomass\25112025.csv,25112025
2025-11-25 14:44:37.912,229,27.721625,80.6515298,42.5048355,60.818464,77.3789996,biomass\25112025.csv,25112025
2025-11-25 14:44:47.912,230,27.5621836,82.3400778,43.0064321,60.9072536,76.7402322,biomass\25112025.csv,25112025
2025-11-25 14:44:57.912,231,27.1317327,90.9052296,47.2272396,61.9203725,78.2653964,biomass\25112025.csv,25112025
2025-11-25 14:45:07.912,232,26.8712187,99.482432,45.5644683,56.1182267,62.5750655,biomass\25112025.csv,25112025
2025-11-25 14:45:17.912,233,26.3496881,107.247369,49.306338,74.9281091,100.085856,biomass\25112025.csv,25112025
2025-11-25 14:45:27.912,234,25.3691194,119.114612,50.8348011,74.0668556,96.175878,biomass\25112025.csv,25112025
2025-11-25 14:45:37.912,235,24.8894136,137.380303,54.065789,81.7470665,106.507874,biomass\25112025.csv,25112025
2025-11-25 14:45:47.912,236,24.7763202,142.308639,55.1144186,81.8567199,102.32923,biomass\25112025.csv,25112025
2025-11-25 14:45:57.912,237,23.7184101,146.280166,56.5323318,80.6788934,106.133698,biomass\25112025.csv,25112025
2025-11-25 14:46:07.912,238,22.493582,165.296595,58.0278875,77.4071766,93.1374421,biomass\25112025.csv,25112025
2025-11-25 14:46:17.912,239,22.9662373,211.350156,61.206118,77.3896294,82.921015,biomass\25112025.csv,25112025
2025-11-25 14:46:27.912,240,20.1701767,171.802063,61.0796107,81.5445321,94.2232064,biomass\25112025.csv,25112025
2025-11-25 14:46:37.912,241,19.0478881,181.464457,64.8458919,92.710703,122.650316,biomass\25112025.csv,25112025
2025-11-25 14:46:47.912,242,19.5045743,189.526684,68.568991,96.9502343,115.368669,biomass\25112025.csv,25112025
2025-11-25 14:46:57.912,243,21.1149593,240.329343,73.4425646,103.080564,112.677512,biomass\25112025.csv,25112025
2025-11-25 14:47:07.912,244,19.5618455,205.396218,72.2571145,100.357066,132.489554,biomass\25112025.csv,25112025
2025-11-25 14:47:17.912,245,19.6998308,276.228833,78.5068248,99.5751491,113.030152,biomass\25112025.csv,25112025
2025-11-25 14:47:27.912,246,18.8171507,230.03914,78.4599681,108.86541,135.159769,biomass\25112025.csv,25112025
2025-11-25 14:47:37.912,247,19.3029725,276.945916,83.8906568,112.767426,139.200249,biomass\25112025.csv,25112025
2025-11-25 14:47:47.912,248,17.2494375,301.833769,89.0438835,107.003688,132.518318,biomass\25112025.csv,25112025
2025-11-25 14:47:57.912,249,18.0009075,302.670548,106.736793,84.8870644,169.577522,biomass\25112025.csv,25112025
2025-11-25 14:48:07.912,250,18.6727311,311.990751,112.391428,95.8473205,201.620821,biomass\25112025.csv,25112025
2025-11-25 14:48:17.912,251,18.4024172,308.919167,108.596342,90.4883413,185.751264,biomass\25112025.csv,25112025
2025-11-25 14:48:27.912,252,17.5574533,332.991428,108.893519,88.7465814,179.190922,biomass\25112025.csv,25112025
2025-11-25 14:48:37.912,253,12.0699549,364.713738,108.833637,199.931278,195.024321,biomass\25112025.csv,25112025
2025-11-25 14:48:47.912,254,14.9637572,427.628451,114.181381,212.335106,206.839435,biomass\25112025.csv,25112025
2025-11-25 14:48:57.912,255,14.7377628,416.957257,119.524995,225.219752,216.335163,biomass\25112025.csv,25112025
2025-11-25 14:49:07.912,256,2.18888388,419.621371,122.31316,211.242882,203.940702,biomass\25112025.csv,25112025
2025-11-25 14:49:17.912,257,-15.8196197,447.955633,127.055945,223.428223,213.062873,biomass\25112025.csv,25112025
2025-11-25 14:49:27.915,258,-24.4373106,474.583797,131.766109,226.503079,214.60739,biomass\25112025.csv,25112025
2025-11-25 14:49:37.912,259,-32.3399221,480.670089,138.285227,229.716796,219.36187,biomass\25112025.csv,25112025
2025-11-25 14:49:47.912,260,-45.1922377,502.091958,142.531821,229.698142,219.402824,biomass\25112025.csv,25112025
2025-11-25 14:49:57.912,261,-82.2153052,485.906428,148.093258,228.256321,209.084324,biomass\25112025.csv,25112025
2025-11-25 14:50:07.912,262,165.837843,495.405012,151.659957,236.83244,220.76623,biomass\25112025.csv,25112025
2025-11-25 14:50:17.912,263,191.569827,490.988053,154.783673,229.711954,216.937426,biomass\25112025.csv,25112025
2025-11-25 14:50:27.912,264,209.955012,487.663998,161.283494,236.548716,221.643009,biomass\25112025.csv,25112025
2025-11-25 14:50:37.912,265,227.838674,500.638748,165.454312,232.431746,216.93899,biomass\25112025.csv,25112025
2025-11-25 14:50:47.912,266,243.967113,514.770611,168.883918,238.323477,221.172149,biomass\25112025.csv,25112025
2025-11-25 14:50:57.912,267,262.922708,499.108853,171.739363,240.38819,225.823279,biomass\25112025.csv,25112025
2025-11-25 14:51:07.912,268,283.876626,515.896864,174.13799,238.390673,223.2182,biomass\25112025.csv,25112025
2025-11-25 14:51:17.912,269,300.469219,511.036385,176.790302,244.089058,224.408974,biomass\25112025.csv,25112025
2025-11-25 14:51:27.912,270,320.235127,513.904457,180.300419,244.228897,229.145634,biomass\25112025.csv,25112025
2025-11-25 14:51:37.912,271,330.564723,506.969692,183.865482,244.036304,229.029584,biomass\25112025.csv,25112025
2025-11-25 14:51:47.912,272,344.703583,521.707951,186.928675,244.87027,233.205826,biomass\25112025.csv,25112025
2025-11-25 14:51:57.912,273,361.451109,505.892005,190.976725,245.315181,230.452474,biomass\25112025.csv,25112025
2025-11-25 14:52:07.912,274,383.616467,511.055862,193.44264,252.151825,239.485236,biomass\25112025.csv,25112025
2025-11-25 14:52:17.912,275,401.889484,523.953125,197.207085,256.1978,243.850015,biomass\25112025.csv,25112025
2025-11-25 14:52:27.912,276,418.952995,511.415619,199.170509,254.475425,236.121224,biomass\25112025.csv,25112025
2025-11-25 14:52:37.912,277,430.665211,514.260159,203.186591,261.559812,243.086755,biomass\25112025.csv,25112025
2025-11-25 14:52:47.912,278,437.449819,522.662803,206.075402,257.164785,242.948338,biomass\25112025.csv,25112025
2025-11-25 14:52:57.912,279,441.933053,529.479734,211.539745,260.520997,246.166569,biomass\25112025.csv,25112025
2025-11-25 14:53:07.912,280,448.840381,529.822647,214.087777,259.84548,244.534057,biomass\25112025.csv,25112025
2025-11-25 14:53:17.912,281,454.57134,536.742231,218.520565,268.084078,249.171916,biomass\25112025.csv,25112025
2025-11-25 14:53:27.912,282,458.663046,530.999398,221.417949,273.886435,256.0577,biomass\25112025.csv,25112025
2025-11-25 14:53:37.912,283,460.853097,550.907232,225.467606,279.488002,256.971587,biomass\25112025.csv,25112025
2025-11-25 14:53:47.912,284,461.447891,537.50347,227.91847,276.939925,252.21977,biomass\25112025.csv,25112025
2025-11-25 14:53:57.912,285,463.693825,537.878466,229.659423,274.435741,254.458606,biomass\25112025.csv,25112025
2025-11-25 14:54:07.912,286,466.984392,555.095818,234.08124,281.059946,256.735075,biomass\25112025.csv,25112025
2025-11-25 14:54:17.912,287,469.546922,552.712103,236.257581,282.417189,259.602189,biomass\25112025.csv,25112025
2025-11-25 14:54:27.912,288,474.159594,545.354774,239.521646,287.913575,266.023109,biomass\25112025.csv,25112025
2025-11-25 14:54:37.912,289,476.5174,539.802877,241.939037,286.97617,265.490053,biomass\25112025.csv,25112025
2025-11-25 14:54:47.912,290,478.278881,549.392014,244.738631,291.392504,267.760252,biomass\25112025.csv,25112025
2025-11-25 14:54:57.912,291,480.065271,556.07094,248.035597,291.748674,269.518648,biomass\25112025.csv,25112025
2025-11-25 14:55:07.912,292,481.952387,558.602235,251.507127,295.121203,270.009612,biomass\25112025.csv,25112025
2025-11-25 14:55:17.912,293,483.928972,559.30317,253.938552,293.367615,267.846456,biomass\25112025.csv,25112025
2025-11-25 14:55:27.912,294,486.803211,554.183408,255.750357,291.612547,267.640956,biomass\25112025.csv,25112025
2025-11-25 14:55:37.912,295,489.183216,575.593102,259.211867,297.145462,274.089907,biomass\25112025.csv,25112025
2025-11-25 14:55:47.912,296,490.729834,575.495038,262.507561,304.818425,277.211395,biomass\25112025.csv,25112025
2025-11-25 14:55:57.912,297,493.314955,571.632803,264.900743,297.662306,273.442314,biomass\25112025.csv,25112025
2025-11-25 14:56:07.912,298,495.635789,577.302775,266.97588,301.766347,278.129621,biomass\25112025.csv,25112025
2025-11-25 14:56:17.912,299,498.56945,583.225675,270.718557,304.772423,279.20812,biomass\25112025.csv,25112025
2025-11-25 14:56:27.912,300,500.146077,574.344189,273.013536,307.234504,281.658918,biomass\25112025.csv,25112025
2025-11-25 14:56:37.912,301,502.271155,571.908293,275.233893,309.304214,285.615831,biomass\25112025.csv,25112025
2025-11-25 14:56:47.912,302,504.185244,581.482303,277.777019,311.121984,285.846325,biomass\25112025.csv,25112025
2025-11-25 14:56:57.912,303,506.568431,588.001775,280.174373,313.664836,289.477572,biomass\25112025.csv,25112025
2025-11-25 14:57:07.912,304,507.116443,568.489319,282.848174,312.171552,287.356148,biomass\25112025.csv,25112025
2025-11-25 14:57:17.912,305,508.994406,593.403398,285.279233,315.302979,289.320965,biomass\25112025.csv,25112025
2025-11-25 14:57:27.912,306,510.917777,588.321821,289.022479,317.368162,290.840727,biomass\25112025.csv,25112025
2025-11-25 14:57:37.912,307,512.768703,598.280334,290.065673,316.465918,289.272878,biomass\25112025.csv,25112025
2025-11-25 14:57:47.912,308,514.369686,592.514255,293.532749,315.262127,287.216425,biomass\25112025.csv,25112025
2025-11-25 14:57:57.912,309,515.754595,595.343156,296.050726,316.152462,288.85467,biomass\25112025.csv,25112025
2025-11-25 14:58:07.912,310,517.830435,611.368841,299.083923,320.186646,292.717882,biomass\25112025.csv,25112025
2025-11-25 14:58:17.912,311,519.368318,599.891456,299.891796,320.839055,296.466784,biomass\25112025.csv,25112025
2025-11-25 14:58:27.912,312,521.697234,597.139996,302.291377,327.415946,304.376804,biomass\25112025.csv,25112025
2025-11-25 14:58:37.912,313,513.154474,647.868029,317.24749,357.425803,326.073944,biomass\25112025.csv,25112025
2025-11-25 14:58:47.912,314,507.075042,636.301209,322.349651,346.973692,319.794239,biomass\25112025.csv,25112025
2025-11-25 14:58:57.912,315,501.620815,612.547377,319.714638,353.722553,325.564403,biomass\25112025.csv,25112025
2025-11-25 14:59:07.912,316,498.570576,612.709198,325.566033,340.985295,319.316559,biomass\25112025.csv,25112025
2025-11-25 14:59:17.912,317,495.07709,611.159513,324.805529,336.297943,316.360307,biomass\25112025.csv,25112025
2025-11-25 14:59:27.912,318,492.769582,609.629776,326.173848,332.941514,314.12095,biomass\25112025.csv,25112025
2025-11-25 14:59:37.912,319,490.540234,604.140756,338.323687,334.622764,311.839976,biomass\25112025.csv,25112025
2025-11-25 14:59:47.912,320,488.151784,597.594225,338.198668,341.231393,314.89954,biomass\25112025.csv,25112025
2025-11-25 14:59:57.912,321,486.56659,590.054927,334.671168,334.413106,305.669309,biomass\25112025.csv,25112025
2025-11-25 15:00:07.912,322,484.848315,583.59607,339.226828,337.150315,306.704261,biomass\25112025.csv,25112025
2025-11-25 15:00:17.912,323,482.968078,593.054621,339.899695,334.654661,310.25726,biomass\25112025.csv,25112025
2025-11-25 15:00:27.912,324,481.682845,591.50863,341.635724,334.665756,311.592386,biomass\25112025.csv,25112025
2025-11-25 15:00:37.912,325,480.616568,594.782946,336.407634,332.538889,311.640092,biomass\25112025.csv,25112025
2025-11-25 15:00:47.912,326,480.419954,597.428722,341.719308,336.144545,311.922221,biomass\25112025.csv,25112025
2025-11-25 15:00:57.912,327,480.435946,588.240406,337.924558,331.091663,305.346148,biomass\25112025.csv,25112025
2025-11-25 15:01:07.912,328,479.696317,583.662263,332.50836,333.164893,313.550226,biomass\25112025.csv,25112025
2025-11-25 15:01:17.912,329,479.344893,585.889154,332.653012,334.095446,313.715781,biomass\25112025.csv,25112025
2025-11-25 15:01:27.912,330,478.667095,593.50184,333.028803,337.590736,317.281965,biomass\25112025.csv,25112025
2025-11-25 15:01:37.912,331,478.331985,585.086256,341.261221,339.532666,311.40138,biomass\25112025.csv,25112025
2025-11-25 15:01:47.912,332,478.751608,584.330333,347.262604,346.767131,302.788699,biomass\25112025.csv,25112025
2025-11-25 15:01:57.912,333,478.190688,579.147635,341.518744,334.013107,309.424634,biomass\25112025.csv,25112025
2025-11-25 15:02:07.912,334,477.863737,585.006135,341.297418,333.128089,309.257093,biomass\25112025.csv,25112025
2025-11-25 15:02:17.912,335,478.18214,575.451233,339.455662,333.994885,311.137178,biomass\25112025.csv,25112025
2025-11-25 15:02:27.912,336,478.444614,585.390372,339.812131,331.382698,308.748161,biomass\25112025.csv,25112025
2025-11-25 15:02:37.912,337,478.428771,583.338239,349.971342,338.165938,306.324591,biomass\25112025.csv,25112025
2025-11-25 15:02:47.912,338,478.450616,577.8312,338.793228,340.576405,318.936576,biomass\25112025.csv,25112025
2025-11-25 15:02:57.912,339,477.545805,581.029204,348.33845,337.81693,311.922731,biomass\25112025.csv,25112025
2025-11-25 15:03:07.912,340,478.015547,582.987062,351.120177,335.61553,307.683268,biomass\25112025.csv,25112025
2025-11-25 15:03:17.912,341,477.973583,580.183721,352.251139,333.796746,305.157657,biomass\25112025.csv,25112025
2025-11-25 15:03:27.912,342,479.369659,579.480739,353.886383,340.678046,304.593046,biomass\25112025.csv,25112025
2025-11-25 15:03:37.912,343,478.833299,573.490703,355.114579,341.920307,300.712172,biomass\25112025.csv,25112025
2025-11-25 15:03:47.912,344,478.542947,579.671523,353.951359,329.684176,302.300803,biomass\25112025.csv,25112025
2025-11-25 15:03:57.912,345,478.402501,579.295836,353.334522,342.626479,305.500554,biomass\25112025.csv,25112025
2025-11-25 15:04:07.912,346,477.940824,575.740079,346.385363,330.993817,309.08523,biomass\25112025.csv,25112025
2025-11-25 15:04:17.912,347,478.206934,573.402905,359.588308,340.058826,300.591549,biomass\25112025.csv,25112025
2025-11-25 15:04:27.912,348,478.62674,575.357311,346.129471,333.253885,313.583919,biomass\25112025.csv,25112025
2025-11-25 15:04:37.968,349,478.484632,575.636695,347.951565,336.079373,313.970136,biomass\25112025.csv,25112025
2025-11-25 15:04:47.912,350,479.023801,579.241549,353.150673,329.214923,309.746966,biomass\25112025.csv,25112025
2025-11-25 15:04:57.912,351,479.078059,577.380511,359.039853,334.727605,303.753012,biomass\25112025.csv,25112025
2025-11-25 15:05:07.912,352,479.427538,584.682412,373.151443,333.150236,307.550288,biomass\25112025.csv,25112025
2025-11-25 15:05:17.912,353,493.015292,572.288898,342.70918,335.157184,273.414557,biomass\25112025.csv,25112025
2025-11-25 15:05:27.912,354,497.011321,605.054609,356.182216,218.068265,288.165816,biomass\25112025.csv,25112025
2025-11-25 15:05:37.912,355,502.570758,618.038679,362.657416,217.297114,286.084812,biomass\25112025.csv,25112025
2025-11-25 15:05:47.912,356,507.043568,619.511414,358.372927,219.207242,290.542249,biomass\25112025.csv,25112025
2025-11-25 15:05:57.912,357,510.914735,629.069423,373.569241,221.163826,291.253098,biomass\25112025.csv,25112025
2025-11-25 15:06:07.912,358,514.249056,627.282087,374.294789,225.461369,297.558055,biomass\25112025.csv,25112025
2025-11-25 15:06:17.912,359,518.835677,635.776135,377.196882,221.477384,292.0171,biomass\25112025.csv,25112025
2025-11-25 15:06:27.912,360,520.091652,625.323742,375.536043,234.921387,320.652523,biomass\25112025.csv,25112025
2025-11-25 15:06:37.912,361,520.059979,634.995686,377.663811,229.346273,304.973465,biomass\25112025.csv,25112025
2025-11-25 15:06:47.912,362,528.345313,579.807945,371.618624,192.299973,272.760645,biomass\25112025.csv,25112025
2025-11-25 15:06:57.912,363,533.67716,580.556897,363.888553,192.605172,286.725053,biomass\25112025.csv,25112025
2025-11-25 15:07:07.912,364,537.98285,582.915208,367.814824,195.273497,294.25608,biomass\25112025.csv,25112025
2025-11-25 15:07:17.912,365,540.439835,555.233818,361.052627,189.74027,301.28241,biomass\25112025.csv,25112025
2025-11-25 15:07:27.912,366,542.416735,569.410441,360.532065,192.953253,279.932612,biomass\25112025.csv,25112025
2025-11-25 15:07:37.912,367,545.533057,531.693355,360.198391,190.117417,291.146318,biomass\25112025.csv,25112025
2025-11-25 15:07:47.912,368,517.47914,328.028803,337.444653,170.211031,241.860485,biomass\25112025.csv,25112025
2025-11-25 15:07:57.912,369,497.382986,277.617344,320.499611,168.808702,230.02274,biomass\25112025.csv,25112025
2025-11-25 15:08:07.912,370,480.975193,251.4255,311.772537,127.611905,197.144702,biomass\25112025.csv,25112025
2025-11-25 15:08:17.912,371,466.773469,232.620452,307.716534,126.152409,182.548613,biomass\25112025.csv,25112025
2025-11-25 15:08:27.912,372,454.056977,220.005664,297.67962,124.921454,173.308473,biomass\25112025.csv,25112025
2025-11-25 15:08:37.912,373,442.32959,212.824629,295.404054,124.680357,164.279017,biomass\25112025.csv,25112025
2025-11-25 15:08:47.912,374,431.902237,158.633072,249.194654,135.123648,172.674249,biomass\25112025.csv,25112025
2025-11-25 15:08:57.912,375,421.818598,143.974569,235.753938,133.845169,163.344848,biomass\25112025.csv,25112025
2025-11-25 15:09:07.912,376,412.747779,141.165438,217.312756,134.687058,168.272952,biomass\25112025.csv,25112025
2025-11-25 15:09:17.912,377,404.38638,137.651872,268.6797,132.449336,150.034853,biomass\25112025.csv,25112025
2025-11-25 15:09:27.912,378,396.283193,136.112609,264.972852,127.749446,145.34447,biomass\25112025.csv,25112025
2025-11-25 15:09:37.912,379,389.225369,136.518465,262.386366,139.967383,183.742298,biomass\25112025.csv,25112025
2025-11-25 15:09:47.912,380,383.780726,136.94226,267.258583,147.72065,206.342867,biomass\25112025.csv,25112025
2025-11-25 15:09:57.912,381,377.961805,137.1366,266.571989,148.31987,210.184404,biomass\25112025.csv,25112025
2025-11-25 15:10:07.912,382,372.372047,136.838333,264.212809,145.691157,210.665135,biomass\25112025.csv,25112025
2025-11-25 15:10:17.912,383,367.047453,136.357439,261.666622,145.762805,210.912414,biomass\25112025.csv,25112025
2025-11-25 15:10:27.912,384,361.872843,136.073978,257.954629,146.365653,210.465405,biomass\25112025.csv,25112025
2025-11-25 15:10:37.912,385,356.772998,135.9701,255.268979,145.189989,208.234792,biomass\25112025.csv,25112025
2025-11-25 15:10:47.912,386,352.403137,136.199995,253.974329,145.59201,207.438326,biomass\25112025.csv,25112025
2025-11-25 15:10:57.912,387,347.917414,135.800192,251.051801,145.670108,205.503524,biomass\25112025.csv,25112025
2025-11-25 15:11:07.912,388,343.809072,135.480626,248.547128,146.069501,203.838095,biomass\25112025.csv,25112025
2025-11-25 15:11:17.912,389,340.055535,135.357045,245.49836,145.778845,202.760118,biomass\25112025.csv,25112025
2025-11-25 15:11:27.912,390,336.39124,134.7523,242.521746,145.765916,201.15113,biomass\25112025.csv,25112025
2025-11-25 15:11:37.912,391,331.780502,131.98947,239.26011,140.012683,159.503245,biomass\25112025.csv,25112025
2025-11-25 15:11:47.912,392,325.348662,125.189155,231.247535,132.31975,125.170963,biomass\25112025.csv,25112025
2025-11-25 15:11:57.912,393,318.726417,122.489657,227.382966,130.943071,118.34324,biomass\25112025.csv,25112025
2025-11-25 15:12:07.912,394,313.31548,120.57313,224.300718,128.0913,115.45733,biomass\25112025.csv,25112025
2025-11-25 15:12:17.912,395,307.718941,119.184556,221.539317,124.793304,113.140386,biomass\25112025.csv,25112025
2025-11-25 15:12:27.912,396,302.903606,117.946297,218.654046,122.9683,111.047089,biomass\25112025.csv,25112025
2025-11-25 15:12:37.912,397,298.662433,116.807123,216.543799,120.097505,108.655343,biomass\25112025.csv,25112025
2025-11-25 15:12:47.912,398,294.66114,116.034185,214.712509,118.48242,106.971271,biomass\25112025.csv,25112025
2025-11-25 15:12:57.912,399,291.337118,115.284796,212.782676,117.307303,105.700088,biomass\25112025.csv,25112025
2025-11-25 15:13:07.912,400,287.897164,114.384674,210.031384,115.894679,104.583158,biomass\25112025.csv,25112025
2025-11-25 15:13:17.912,401,284.31427,113.574311,208.208713,114.243071,102.780415,biomass\25112025.csv,25112025
2025-11-25 15:13:27.912,402,281.387534,112.736851,206.108974,113.064909,101.248295,biomass\25112025.csv,25112025
2025-11-25 15:13:37.912,403,277.828094,112.127893,203.898955,111.666823,100.226812,biomass\25112025.csv,25112025
2025-11-25 15:13:47.912,404,274.709971,111.386235,201.848264,110.138444,98.8754331,biomass\25112025.csv,25112025
2025-11-25 15:13:57.912,405,271.637007,110.768934,200.497367,109.480964,97.6617396,biomass\25112025.csv,25112025
2025-11-25 15:14:07.912,406,268.368236,110.367128,198.703165,108.035383,96.645183,biomass\25112025.csv,25112025
2025-11-25 15:14:17.912,407,265.129641,109.608748,196.743554,106.953129,96.2372581,biomass\25112025.csv,25112025
2025-11-25 15:14:27.912,408,262.732425,109.15526,195.030216,105.814021,95.1483414,biomass\25112025.csv,25112025
2025-11-25 15:14:37.912,409,259.628697,108.584821,193.399543,105.161937,94.5688098,biomass\25112025.csv,25112025
2025-11-25 15:14:47.912,410,257.012733,108.023757,191.525623,104.312739,93.6204739,biomass\25112025.csv,25112025
2025-11-25 15:14:57.912,411,254.814949,107.317817,190.049035,103.511524,93.0276012,biomass\25112025.csv,25112025
2025-11-25 15:15:07.912,412,251.822345,106.584527,188.106093,103.047788,92.0980629,biomass\25112025.csv,25112025
2025-11-25 15:15:17.912,413,249.721972,105.953616,186.52894,101.662885,90.6136248,biomass\25112025.csv,25112025
2025-11-25 15:15:27.912,414,247.402308,105.466549,185.060948,100.746548,90.5241374,biomass\25112025.csv,25112025
2025-11-25 15:15:37.912,415,245.469502,105.110712,184.027074,100.558321,90.3484571,biomass\25112025.csv,25112025
2025-11-25 15:15:47.912,416,243.424382,104.62998,182.342318,98.9560149,89.2199908,biomass\25112025.csv,25112025
2025-11-25 15:15:57.912,417,241.937888,103.979833,180.810347,97.9175821,88.726825,biomass\25112025.csv,25112025
2025-11-25 15:16:07.912,418,239.352994,103.391693,178.824703,96.9185258,87.8596632,biomass\25112025.csv,25112025
2025-11-25 15:16:17.912,419,237.177099,102.757676,178.133744,96.6452765,87.0703616,biomass\25112025.csv,25112025
2025-11-25 15:16:27.912,420,234.701076,102.350501,176.770043,96.4667642,86.5123962,biomass\25112025.csv,25112025
2025-11-25 15:16:37.912,421,232.998731,101.850242,175.470808,95.879227,85.5427985,biomass\25112025.csv,25112025
2025-11-25 15:16:47.912,422,231.395356,101.419297,174.640586,93.6554895,84.7959147,biomass\25112025.csv,25112025
2025-11-25 15:16:57.912,423,229.976271,101.299975,173.348799,93.3543173,84.146089,biomass\25112025.csv,25112025
2025-11-25 15:17:07.912,424,228.453142,100.990088,172.319751,93.4500719,84.4999487,biomass\25112025.csv,25112025
2025-11-25 15:17:17.912,425,227.255147,100.660493,171.53562,92.4977507,83.292063,biomass\25112025.csv,25112025
2025-11-25 15:17:27.912,426,226.009952,100.366962,170.546648,92.0128497,82.8893268,biomass\25112025.csv,25112025
2025-11-25 15:17:37.912,427,225.014099,100.204101,169.297156,91.2582944,82.0819598,biomass\25112025.csv,25112025
2025-11-25 15:17:47.912,428,224.081909,99.7913933,168.02186,91.1743607,81.6040514,biomass\25112025.csv,25112025
2025-11-25 15:17:57.912,429,223.286542,99.394022,166.439217,89.5206214,81.220495,biomass\25112025.csv,25112025
2025-11-25 15:18:07.912,430,221.975267,98.9677031,165.298231,89.6111054,80.6830496,biomass\25112025.csv,25112025
2025-11-25 15:18:17.912,431,221.540204,98.4688056,164.257652,88.7009042,80.4100906,biomass\25112025.csv,25112025
2025-11-25 15:18:27.912,432,221.013772,98.5792085,163.442949,88.2328178,79.5828723,biomass\25112025.csv,25112025
2025-11-25 15:18:37.912,433,220.083703,98.229443,162.050069,87.5123629,79.278329,biomass\25112025.csv,25112025
2025-11-25 15:18:47.912,434,219.919604,97.8165829,161.418875,86.8941548,78.7030897,biomass\25112025.csv,25112025
2025-11-25 15:18:57.912,435,220.264094,97.7291632,160.433266,87.205887,78.4677609,biomass\25112025.csv,25112025
2025-11-25 15:19:07.912,436,220.061584,97.5704391,159.676144,85.9999183,77.7797916,biomass\25112025.csv,25112025
2025-11-25 15:19:17.912,437,219.988785,97.3631615,159.089904,85.5176177,77.4352407,biomass\25112025.csv,25112025
2025-11-25 15:19:27.912,438,220.500517,96.8986127,157.859451,85.100808,77.1660345,biomass\25112025.csv,25112025
2025-11-25 15:19:37.912,439,220.531522,96.466981,156.937278,84.495872,76.4275658,biomass\25112025.csv,25112025
2025-11-25 15:19:47.912,440,220.618624,96.0226811,155.563176,84.1368556,76.0181638,biomass\25112025.csv,25112025
2025-11-25 15:19:57.912,441,220.701226,95.6345876,154.693537,83.4534037,75.9024723,biomass\25112025.csv,25112025
2025-11-25 15:20:07.965,442,221.703543,95.4037699,154.063504,83.4350617,75.4542227,biomass\25112025.csv,25112025
2025-11-25 15:20:17.912,443,223.099277,94.8854534,153.377421,82.7256416,75.4043273,biomass\25112025.csv,25112025
2025-11-25 15:20:27.912,444,224.20521,94.710136,152.491904,82.2547285,74.9540433,biomass\25112025.csv,25112025
2025-11-25 15:20:37.912,445,225.213497,94.2086795,151.286107,81.8507723,73.7743074,biomass\25112025.csv,25112025
2025-11-25 15:20:47.912,446,226.234428,93.8146646,150.411137,80.8494161,74.0996395,biomass\25112025.csv,25112025
2025-11-25 15:20:57.912,447,227.026264,93.622285,149.616038,80.6796452,73.789969,biomass\25112025.csv,25112025
2025-11-25 15:21:07.912,448,228.395197,92.8371509,148.566299,80.3484615,73.2250247,biomass\25112025.csv,25112025
2025-11-25 15:21:17.912,449,230.634329,92.8635951,147.970639,80.186024,73.0467707,biomass\25112025.csv,25112025
2025-11-25 15:21:27.912,450,232.82802,91.4975545,146.962203,79.5319487,72.4174414,biomass\25112025.csv,25112025
2025-11-25 15:21:37.912,451,243.260359,90.9872945,146.39099,79.1823194,71.9774435,biomass\25112025.csv,25112025
2025-11-25 15:21:47.912,452,275.320648,91.7019844,145.29111,78.6931484,72.0943821,biomass\25112025.csv,25112025
2025-11-25 15:21:57.912,453,308.50785,91.7099923,144.720943,78.3469592,71.6060352,biomass\25112025.csv,25112025
2025-11-25 15:22:07.912,454,324.569315,91.6223112,144.121568,77.8131233,71.2076934,biomass\25112025.csv,25112025
2025-11-25 15:22:17.912,455,333.343207,91.1825325,143.317913,77.1714233,70.5462264,biomass\25112025.csv,25112025
2025-11-25 15:22:27.912,456,336.465129,90.6815345,142.515306,77.607708,70.3004705,biomass\25112025.csv,25112025
2025-11-25 15:22:37.912,457,332.541272,90.1188185,141.758925,77.1010915,70.1186809,biomass\25112025.csv,25112025
2025-11-25 15:22:47.912,458,333.215235,89.8001276,141.079748,76.7627568,69.8625224,biomass\25112025.csv,25112025
2025-11-25 15:22:57.912,459,340.519348,89.6486431,140.039144,76.2772389,69.4649885,biomass\25112025.csv,25112025
2025-11-25 15:23:07.912,460,349.520591,89.259123,139.262034,76.0261965,69.087224,biomass\25112025.csv,25112025
2025-11-25 15:23:17.912,461,358.200981,88.1548682,138.663724,75.7837796,69.0585818,biomass\25112025.csv,25112025
2025-11-25 15:23:27.912,462,366.99192,87.4572691,137.830175,75.4511608,68.7608435,biomass\25112025.csv,25112025
2025-11-25 15:23:37.912,463,374.619914,86.9140834,137.302837,74.8695097,68.4520696,biomass\25112025.csv,25112025
2025-11-25 15:23:47.912,464,381.19962,86.0023088,136.737477,74.8937037,68.2226387,biomass\25112025.csv,25112025
2025-11-25 15:23:57.912,465,387.800259,85.3516095,136.682073,74.6293395,68.3026644,biomass\25112025.csv,25112025
2025-11-25 15:24:07.912,466,395.567054,84.6173684,136.023404,74.2529343,67.617114,biomass\25112025.csv,25112025
2025-11-25 15:24:17.912,467,400.765374,83.9176684,135.359629,73.9307664,67.5184527,biomass\25112025.csv,25112025
2025-11-25 15:24:27.912,468,404.163409,83.2513296,134.454517,73.5957259,67.4837919,biomass\25112025.csv,25112025
2025-11-25 15:24:37.912,469,408.856891,82.726939,133.923726,73.4257545,67.151072,biomass\25112025.csv,25112025
2025-11-25 15:24:47.912,470,419.851049,82.1852885,133.38351,72.9447649,66.7858218,biomass\25112025.csv,25112025
2025-11-25 15:24:57.912,471,429.697053,81.5501048,132.950347,72.7361527,66.5001912,biomass\25112025.csv,25112025
2025-11-25 15:25:07.912,472,427.025086,80.8224147,132.254776,72.7079631,66.2620523,biomass\25112025.csv,25112025
2025-11-25 15:25:17.912,473,427.533855,80.3864425,131.987204,72.3378479,65.9199308,biomass\25112025.csv,25112025
2025-11-25 15:25:27.912,474,418.770438,80.6088339,131.466293,72.2547232,66.0265628,biomass\25112025.csv,25112025
2025-11-25 15:25:37.912,475,432.619279,80.0226684,130.477145,71.468684,65.4621807,biomass\25112025.csv,25112025
2025-11-25 15:25:47.912,476,438.871121,79.352388,130.126216,71.6743088,65.2936063,biomass\25112025.csv,25112025
2025-11-25 15:25:57.912,477,445.802546,79.0793929,129.503662,71.2267248,65.4176341,biomass\25112025.csv,25112025
2025-11-25 15:26:07.912,478,452.909149,78.4471692,128.753218,71.2108027,65.2049652,biomass\25112025.csv,25112025
2025-11-25 15:26:17.912,479,458.594793,77.7780491,128.122738,70.9912437,64.7444795,biomass\25112025.csv,25112025
2025-11-25 15:26:27.912,480,459.948252,77.9521284,127.944238,70.5613083,64.994031,biomass\25112025.csv,25112025
2025-11-25 15:26:37.912,481,453.729044,81.6943893,130.901633,74.9075841,68.0185242,biomass\25112025.csv,25112025
2025-11-25 15:26:47.912,482,451.626242,82.806388,131.099409,75.9399072,68.9121874,biomass\25112025.csv,25112025
2025-11-25 15:26:57.912,483,450.213019,83.314784,131.16814,75.9817384,69.0619625,biomass\25112025.csv,25112025
2025-11-25 15:27:07.912,484,448.708411,83.2163977,130.556209,76.0047478,68.8884839,biomass\25112025.csv,25112025
2025-11-25 15:27:17.912,485,448.70541,83.3164768,130.310378,75.8644371,69.4982051,biomass\25112025.csv,25112025
2025-11-25 15:27:27.912,486,449.25379,82.9517782,130.493858,75.8590866,69.3776438,biomass\25112025.csv,25112025
2025-11-25 15:27:37.912,487,451.568419,83.2460283,130.704406,76.2123467,70.0056504,biomass\25112025.csv,25112025
2025-11-25 15:27:47.912,488,455.011356,82.91131,130.68058,75.8026542,69.3691181,biomass\25112025.csv,25112025
2025-11-25 15:27:57.912,489,458.119856,82.602554,130.232257,76.1463985,69.8846301,biomass\25112025.csv,25112025
2025-11-25 15:28:07.912,490,460.200999,81.9962102,129.050374,75.5216249,69.1625527,biomass\25112025.csv,25112025
2025-11-25 15:28:17.912,491,461.386044,82.4158938,129.166805,75.8315507,69.2558338,biomass\25112025.csv,25112025
2025-11-25 15:28:27.912,492,462.849142,82.2365736,128.593686,76.1835889,69.3768575,biomass\25112025.csv,25112025
2025-11-25 15:28:37.912,493,464.750256,82.2397844,129.195266,76.0968395,69.5942218,biomass\25112025.csv,25112025
2025-11-25 15:28:47.912,494,467.09623,82.104617,128.702568,76.4061213,69.3804042,biomass\25112025.csv,25112025
2025-11-25 15:28:57.912,495,469.578103,81.6962798,128.073689,75.3810306,69.4604508,biomass\25112025.csv,25112025
2025-11-25 15:29:07.912,496,471.529259,81.7418772,127.820634,75.9659514,69.5519358,biomass\25112025.csv,25112025
2025-11-25 15:29:17.912,497,473.948177,81.7702526,127.500115,75.6843348,69.4707962,biomass\25112025.csv,25112025
2025-11-25 15:29:27.912,498,476.023794,81.7786077,126.95566,75.3065194,69.3991097,biomass\25112025.csv,25112025
2025-11-25 15:29:37.912,499,478.439289,82.229379,126.904583,75.2448009,69.0398879,biomass\25112025.csv,25112025
2025-11-25 15:29:47.912,500,481.038483,82.2547343,126.499268,75.0211385,68.6265071,biomass\25112025.csv,25112025
2025-11-25 15:29:57.912,501,483.685998,81.6232353,126.362729,75.0218284,68.5906211,biomass\25112025.csv,25112025
2025-11-25 15:30:07.912,502,486.242701,81.2615863,126.157422,74.9873292,68.7102182,biomass\25112025.csv,25112025
2025-11-25 15:30:17.912,503,488.648081,81.3339221,125.910406,75.3714535,68.7681046,biomass\25112025.csv,25112025
2025-11-25 15:30:27.912,504,491.596411,81.1338385,125.835708,74.8427054,68.482075,biomass\25112025.csv,25112025
2025-11-25 15:30:37.912,505,494.667806,81.2286813,125.243307,73.7859481,68.024932,biomass\25112025.csv,25112025
2025-11-25 15:30:47.912,506,498.531045,81.0181942,124.750108,74.3589004,68.5358759,biomass\25112025.csv,25112025
2025-11-25 15:30:57.912,507,502.474253,81.2516644,123.934577,74.5958042,68.5020028,biomass\25112025.csv,25112025
2025-11-25 15:31:07.912,508,506.011267,81.6388894,123.921797,73.9385305,67.9702652,biomass\25112025.csv,25112025
2025-11-25 15:31:17.912,509,509.634244,81.3117899,123.032508,74.1615379,67.7526237,biomass\25112025.csv,25112025
2025-11-25 15:31:27.912,510,513.664963,81.6668802,123.30042,74.0791214,67.8239997,biomass\25112025.csv,25112025
2025-11-25 15:31:37.912,511,517.646555,82.1200103,122.94326,74.1500729,67.6682804,biomass\25112025.csv,25112025
2025-11-25 15:31:47.912,512,520.942546,82.3362952,122.800006,73.7277222,67.7104537,biomass\25112025.csv,25112025
2025-11-25 15:31:57.912,513,524.643791,82.5198675,122.946373,73.3368289,67.7555739,biomass\25112025.csv,25112025
2025-11-25 15:32:07.912,514,528.17428,82.3920748,122.115013,74.0992902,67.5483099,biomass\25112025.csv,25112025
2025-11-25 15:32:17.912,515,531.446292,82.8580349,122.311247,73.7812685,67.6844258,biomass\25112025.csv,25112025
2025-11-25 15:32:27.912,516,534.324018,83.3345353,121.797471,73.563426,67.3034516,biomass\25112025.csv,25112025
2025-11-25 15:32:37.912,517,536.898444,84.5613134,121.462077,73.1065356,67.5880771,biomass\25112025.csv,25112025
2025-11-25 15:32:47.912,518,539.724768,85.5082273,121.96357,73.1507364,67.1709284,biomass\25112025.csv,25112025
2025-11-25 15:32:57.912,519,542.46051,86.846879,121.963952,73.1231251,67.444041,biomass\25112025.csv,25112025
2025-11-25 15:33:07.912,520,544.40078,87.0762327,121.28921,72.9597009,66.8551462,biomass\25112025.csv,25112025
2025-11-25 15:33:17.912,521,546.520104,87.9053702,120.943979,72.905867,67.1317487,biomass\25112025.csv,25112025
2025-11-25 15:33:27.912,522,548.057831,88.4473649,120.229855,72.2516168,66.5129209,biomass\25112025.csv,25112025
2025-11-25 15:33:37.912,523,548.95454,88.5780127,120.014996,72.8570192,66.9286931,biomass\25112025.csv,25112025
2025-11-25 15:33:47.912,524,549.633828,89.3527751,120.092677,72.3931318,66.5906824,biomass\25112025.csv,25112025
2025-11-25 15:33:57.912,525,550.209898,90.236138,119.590829,72.33569,66.588256,biomass\25112025.csv,25112025
2025-11-25 15:34:07.912,526,550.727761,90.4682332,119.200147,71.9358554,66.2097507,biomass\25112025.csv,25112025
2025-11-25 15:34:17.912,527,551.01336,90.0708688,118.960918,72.1334815,66.1381424,biomass\25112025.csv,25112025
2025-11-25 15:34:27.912,528,550.577624,90.949579,118.611422,71.7810077,66.1378526,biomass\25112025.csv,25112025
2025-11-25 15:34:37.912,529,550.898941,92.0476172,118.933291,72.192371,66.2981925,biomass\25112025.csv,25112025
2025-11-25 15:34:47.912,530,551.226143,93.3802864,118.772122,71.7163855,66.399622,biomass\25112025.csv,25112025
2025-11-25 15:34:57.912,531,551.886163,93.5962655,117.848365,71.4952947,65.8932996,biomass\25112025.csv,25112025
2025-11-25 15:35:07.912,532,552.667787,94.7027531,117.928416,72.1852988,66.3411315,biomass\25112025.csv,25112025
2025-11-25 15:35:17.912,533,553.6565,96.2221188,117.800896,71.8146982,65.9817248,biomass\25112025.csv,25112025
2025-11-25 15:35:27.912,534,554.857498,96.2627982,117.754447,71.8743476,65.8986243,biomass\25112025.csv,25112025
2025-11-25 15:35:37.912,535,555.811956,97.3910238,117.170005,71.4233165,65.6272673,biomass\25112025.csv,25112025
2025-11-25 15:35:47.950,536,557.019003,96.982795,116.987819,71.2451933,65.2604539,biomass\25112025.csv,25112025
2025-11-25 15:35:57.912,537,559.16895,96.3018708,116.898939,71.77518,65.2270412,biomass\25112025.csv,25112025
2025-11-25 15:36:07.912,538,559.90943,96.783846,116.293801,71.563596,65.3259468,biomass\25112025.csv,25112025
2025-11-25 15:36:17.912,539,560.559431,97.4274239,116.519542,71.2013815,65.7448916,biomass\25112025.csv,25112025
2025-11-25 15:36:27.912,540,562.065634,97.8011146,116.477507,71.0347996,65.699652,biomass\25112025.csv,25112025
2025-11-25 15:36:37.912,541,563.59837,98.04573,116.497143,71.7054868,65.7143889,biomass\25112025.csv,25112025
2025-11-25 15:36:47.912,542,564.505244,97.8935871,116.03418,70.8797206,65.6697377,biomass\25112025.csv,25112025
2025-11-25 15:36:57.912,543,566.492846,97.8871753,115.643973,71.4690725,65.6547978,biomass\25112025.csv,25112025
2025-11-25 15:37:07.912,544,568.447769,98.8580777,115.668311,71.0881822,65.4092218,biomass\25112025.csv,25112025
2025-11-25 15:37:17.912,545,570.711896,99.8970799,115.138532,71.1992763,65.2048748,biomass\25112025.csv,25112025
2025-11-25 15:37:27.912,546,572.616916,101.002185,115.020959,71.058639,65.663289,biomass\25112025.csv,25112025
2025-11-25 15:37:37.912,547,574.762115,103.055275,114.378472,70.7797865,65.0554337,biomass\25112025.csv,25112025
2025-11-25 15:37:47.912,548,576.287295,104.069877,114.677323,70.9222195,65.7539884,biomass\25112025.csv,25112025
2025-11-25 15:37:57.912,549,578.197472,105.142557,114.893821,71.652187,65.77882,biomass\25112025.csv,25112025
2025-11-25 15:38:07.912,550,580.12046,106.357211,114.937887,70.7967464,65.4149202,biomass\25112025.csv,25112025
2025-11-25 15:38:17.912,551,580.72839,107.568712,114.628825,71.2063259,65.4099328,biomass\25112025.csv,25112025
2025-11-25 15:38:27.912,552,580.702565,108.553264,114.482835,71.1463499,65.5992235,biomass\25112025.csv,25112025
2025-11-25 15:38:37.912,553,582.067861,109.322718,114.027209,71.0832031,65.7048941,biomass\25112025.csv,25112025
2025-11-25 15:38:47.912,554,582.770386,109.688946,114.038161,70.6288856,65.6833791,biomass\25112025.csv,25112025
2025-11-25 15:38:57.912,555,583.099626,110.28669,113.929488,71.1297509,65.7626183,biomass\25112025.csv,25112025
2025-11-25 15:39:07.912,556,582.960021,110.338263,113.678594,71.8633696,65.9333517,biomass\25112025.csv,25112025
2025-11-25 15:39:17.912,557,582.810626,110.305324,113.251213,71.5435106,65.5879239,biomass\25112025.csv,25112025
2025-11-25 15:39:27.912,558,582.947168,111.290469,113.220673,71.5741623,65.7592252,biomass\25112025.csv,25112025
2025-11-25 15:39:37.912,559,582.838509,111.972382,113.026628,71.5292564,65.5272561,biomass\25112025.csv,25112025
2025-11-25 15:39:47.912,560,582.958525,112.782141,113.035455,71.7942243,65.8275653,biomass\25112025.csv,25112025
2025-11-25 15:39:57.912,561,582.588401,113.396152,112.849225,71.4186417,66.0242262,biomass\25112025.csv,25112025
2025-11-25 15:40:07.912,562,582.410889,113.873387,112.133032,71.3910549,66.0709809,biomass\25112025.csv,25112025
2025-11-25 15:40:17.912,563,582.03194,114.85049,112.256413,71.9118342,65.8282138,biomass\25112025.csv,25112025
2025-11-25 15:40:27.912,564,581.710279,116.538194,112.228404,71.7086489,65.7663569,biomass\25112025.csv,25112025
2025-11-25 15:40:37.912,565,581.387349,118.210394,112.253542,72.7541422,66.5206637,biomass\25112025.csv,25112025
2025-11-25 15:40:47.912,566,581.112982,119.812854,112.239856,72.4834154,66.6440933,biomass\25112025.csv,25112025
2025-11-25 15:40:57.912,567,580.754673,122.058249,112.063024,72.1964906,66.6756113,biomass\25112025.csv,25112025
2025-11-25 15:41:07.912,568,580.388336,126.263759,112.444298,72.6769174,67.1171658,biomass\25112025.csv,25112025
2025-11-25 15:41:17.912,569,580.182074,125.864871,112.049485,73.4675715,67.2067988,biomass\25112025.csv,25112025
2025-11-25 15:41:27.912,570,580.420823,128.467181,112.52762,73.9460341,67.497222,biomass\25112025.csv,25112025
2025-11-25 15:41:37.912,571,580.88778,130.615501,112.248738,73.764561,67.8751087,biomass\25112025.csv,25112025
2025-11-25 15:41:47.912,572,581.828847,133.105235,112.533689,74.2053013,68.2070226,biomass\25112025.csv,25112025
2025-11-25 15:41:57.912,573,584.825596,139.13928,112.292598,74.4175552,68.6346646,biomass\25112025.csv,25112025
2025-11-25 15:42:07.912,574,588.346409,146.092463,112.543034,74.7510068,68.9408907,biomass\25112025.csv,25112025
2025-11-25 15:42:17.912,575,590.306045,151.503335,112.849348,75.7679271,69.2203873,biomass\25112025.csv,25112025
2025-11-25 15:42:27.912,576,591.31654,152.124837,112.298171,75.849949,69.574339,biomass\25112025.csv,25112025
2025-11-25 15:42:37.912,577,591.164321,148.48527,112.333767,76.7729004,70.4285088,biomass\25112025.csv,25112025
2025-11-25 15:42:47.912,578,589.915194,141.543846,112.6216,76.2915425,70.5263105,biomass\25112025.csv,25112025
2025-11-25 15:42:57.912,579,585.96445,144.741801,111.323533,76.3894135,67.7160969,biomass\25112025.csv,25112025
2025-11-25 15:43:07.912,580,583.189938,141.202469,111.586061,75.3130356,68.902611,biomass\25112025.csv,25112025
2025-11-25 15:43:17.912,581,581.005518,142.306553,114.096305,77.5288307,70.9923579,biomass\25112025.csv,25112025
2025-11-25 15:43:27.912,582,581.43638,142.652713,114.890432,78.5800387,71.7304136,biomass\25112025.csv,25112025
2025-11-25 15:43:37.912,583,582.178784,144.884505,117.243649,86.8559853,79.4271041,biomass\25112025.csv,25112025
2025-11-25 15:43:47.912,584,583.368797,143.00077,119.586782,90.8053113,81.6602052,biomass\25112025.csv,25112025
2025-11-25 15:43:57.912,585,584.579698,142.813542,121.394694,103.216087,92.6114244,biomass\25112025.csv,25112025
2025-11-25 15:44:07.912,586,585.65957,147.717775,126.0933,116.311831,107.570218,biomass\25112025.csv,25112025
2025-11-25 15:44:17.912,587,586.196818,147.564329,128.298906,121.078848,111.800378,biomass\25112025.csv,25112025
2025-11-25 15:44:27.912,588,587.104202,151.848194,130.188168,127.235981,117.24466,biomass\25112025.csv,25112025
2025-11-25 15:44:37.912,589,588.718325,155.346817,131.216985,127.498092,119.656219,biomass\25112025.csv,25112025
2025-11-25 15:44:47.912,590,590.063516,158.448934,132.962052,123.563385,125.419322,biomass\25112025.csv,25112025
2025-11-25 15:44:57.912,591,574.403866,162.401845,134.207877,139.875556,130.489994,biomass\25112025.csv,25112025
2025-11-25 15:45:07.912,592,591.34927,166.008388,135.51293,143.187817,131.823532,biomass\25112025.csv,25112025
2025-11-25 15:45:17.912,593,591.632855,168.88744,136.167887,141.703202,132.834378,biomass\25112025.csv,25112025
2025-11-25 15:45:27.912,594,591.713396,173.866547,137.659461,146.723866,138.02784,biomass\25112025.csv,25112025
2025-11-25 15:45:37.912,595,590.778148,178.339425,139.011178,152.087416,140.436592,biomass\25112025.csv,25112025
2025-11-25 15:45:47.912,596,589.8401,184.334658,140.836714,155.076709,143.625169,biomass\25112025.csv,25112025
2025-11-25 15:45:57.912,597,588.002039,189.628529,142.23172,160.885622,149.44666,biomass\25112025.csv,25112025
2025-11-25 15:46:07.912,598,587.532183,194.45185,143.610998,162.325598,153.746612,biomass\25112025.csv,25112025
2025-11-25 15:46:17.912,599,586.413063,200.433137,146.491017,178.676879,164.835862,biomass\25112025.csv,25112025
2025-11-25 15:46:27.912,600,586.083842,206.420839,148.511814,182.208769,167.711631,biomass\25112025.csv,25112025
2025-11-25 15:46:37.912,601,585.830202,212.376834,150.571397,187.331573,173.215121,biomass\25112025.csv,25112025
2025-11-25 15:46:47.912,602,584.694409,218.391001,152.536532,192.379632,177.533952,biomass\25112025.csv,25112025
2025-11-25 15:46:57.912,603,583.653932,226.144962,155.547739,203.405043,185.006731,biomass\25112025.csv,25112025
2025-11-25 15:47:07.912,604,583.194683,233.678554,158.860819,214.293073,192.163793,biomass\25112025.csv,25112025
2025-11-25 15:47:17.912,605,582.286549,240.852434,161.351469,222.568538,199.934737,biomass\25112025.csv,25112025
2025-11-25 15:47:27.912,606,581.352784,248.680086,163.491307,219.557372,194.817979,biomass\25112025.csv,25112025
2025-11-25 15:47:37.912,607,580.88588,253.925129,164.911209,220.342737,198.297309,biomass\25112025.csv,25112025
2025-11-25 15:47:47.912,608,580.264897,262.206483,166.723533,221.621986,201.458607,biomass\25112025.csv,25112025
2025-11-25 15:47:57.912,609,580.131023,268.997404,169.477152,226.279155,202.998338,biomass\25112025.csv,25112025
2025-11-25 15:48:07.912,610,580.18434,280.755445,171.74342,226.657685,201.695898,biomass\25112025.csv,25112025
2025-11-25 15:48:17.912,611,580.597528,288.815045,175.675515,245.970027,211.54416,biomass\25112025.csv,25112025
2025-11-25 15:48:27.912,612,581.354658,559.68428,196.077834,270.753463,223.761122,biomass\25112025.csv,25112025
2025-11-25 15:48:37.912,613,581.986882,703.888238,204.509442,261.530308,230.887922,biomass\25112025.csv,25112025
2025-11-25 15:48:47.912,614,582.145472,747.073108,197.935832,314.301641,247.241698,biomass\25112025.csv,25112025
2025-11-25 15:48:57.912,615,581.049742,748.111782,212.107995,366.678826,237.230656,biomass\25112025.csv,25112025
2025-11-25 15:49:07.912,616,579.71092,633.661159,201.187883,321.678072,256.744007,biomass\25112025.csv,25112025
2025-11-25 15:49:17.912,617,578.312556,605.143108,210.893495,334.843821,260.754554,biomass\25112025.csv,25112025
2025-11-25 15:49:27.912,618,576.801962,630.795687,231.4046,338.75525,260.262796,biomass\25112025.csv,25112025
2025-11-25 15:49:37.912,619,575.312975,636.971481,216.537647,327.916783,265.6714,biomass\25112025.csv,25112025
2025-11-25 15:49:47.912,620,573.7051,526.61476,215.289208,335.420085,278.929513,biomass\25112025.csv,25112025
2025-11-25 15:49:57.912,621,570.899325,549.581381,224.691543,360.090989,278.729897,biomass\25112025.csv,25112025
2025-11-25 15:50:07.912,622,567.541719,574.445218,225.457468,337.854957,280.825208,biomass\25112025.csv,25112025
2025-11-25 15:50:17.912,623,564.058148,539.305014,231.786411,338.187084,287.115088,biomass\25112025.csv,25112025
2025-11-25 15:50:27.912,624,560.732816,530.618351,230.418266,343.068999,298.140047,biomass\25112025.csv,25112025
2025-11-25 15:50:37.912,625,557.801615,584.672647,239.14756,366.788566,303.560612,biomass\25112025.csv,25112025
2025-11-25 15:50:47.912,626,555.398754,521.465086,237.572143,354.728107,299.008745,biomass\25112025.csv,25112025
2025-11-25 15:50:57.912,627,552.88395,542.395106,237.655929,338.331302,303.848529,biomass\25112025.csv,25112025
2025-11-25 15:51:07.950,628,550.657942,539.927484,245.700073,357.74248,314.673119,biomass\25112025.csv,25112025
2025-11-25 15:51:17.912,629,548.524371,569.570316,250.373462,357.562127,311.156499,biomass\25112025.csv,25112025
2025-11-25 15:51:27.912,630,547.070789,576.119211,249.446764,341.065946,298.244751,biomass\25112025.csv,25112025
2025-11-25 15:51:37.912,631,545.60726,570.752178,253.787299,335.660693,298.556406,biomass\25112025.csv,25112025
2025-11-25 15:51:47.912,632,544.442159,565.988831,253.992096,317.849242,287.756638,biomass\25112025.csv,25112025
2025-11-25 15:51:57.912,633,542.9295,548.398771,257.686788,305.886379,285.155248,biomass\25112025.csv,25112025
2025-11-25 15:52:07.912,634,541.879317,562.43253,258.248267,293.029534,281.52621,biomass\25112025.csv,25112025
2025-11-25 15:52:17.912,635,540.826607,577.23094,261.938474,289.222427,277.766115,biomass\25112025.csv,25112025
2025-11-25 15:52:27.912,636,539.828351,573.176231,266.802851,288.394128,284.296133,biomass\25112025.csv,25112025
2025-11-25 15:52:37.912,637,538.941813,582.511841,268.034705,289.470719,286.367256,biomass\25112025.csv,25112025
2025-11-25 15:52:47.912,638,538.441004,587.174376,276.121805,292.395069,288.935167,biomass\25112025.csv,25112025
2025-11-25 15:52:57.912,639,538.092572,597.162776,278.80298,295.762771,291.553774,biomass\25112025.csv,25112025
2025-11-25 15:53:07.912,640,537.723748,592.309788,280.106036,298.709395,295.853419,biomass\25112025.csv,25112025
2025-11-25 15:53:17.912,641,537.558338,600.616708,285.506971,300.634008,296.124679,biomass\25112025.csv,25112025
2025-11-25 15:53:27.912,642,537.354327,619.370254,288.56106,305.257712,302.346912,biomass\25112025.csv,25112025
2025-11-25 15:53:37.912,643,537.058186,595.03001,292.058401,304.871362,302.550424,biomass\25112025.csv,25112025
2025-11-25 15:53:47.912,644,537.6214,604.089894,293.448432,303.394137,305.466478,biomass\25112025.csv,25112025
2025-11-25 15:53:57.912,645,537.719505,611.861461,295.920014,307.299864,305.159226,biomass\25112025.csv,25112025
2025-11-25 15:54:07.912,646,538.087262,607.281003,299.415903,306.835071,310.341124,biomass\25112025.csv,25112025
2025-11-25 15:54:17.912,647,538.398966,604.974049,301.204804,306.756315,308.956926,biomass\25112025.csv,25112025
2025-11-25 15:54:27.912,648,538.855962,597.100514,306.697067,303.9884,310.25311,biomass\25112025.csv,25112025
2025-11-25 15:54:37.912,649,539.408305,616.3649,307.79644,309.705697,313.161548,biomass\25112025.csv,25112025
2025-11-25 15:54:47.912,650,540.0476,608.306086,312.299014,306.792525,314.578963,biomass\25112025.csv,25112025
2025-11-25 15:54:57.912,651,540.717798,616.748329,314.627298,312.328399,314.893632,biomass\25112025.csv,25112025
2025-11-25 15:55:07.912,652,541.743884,607.142619,317.103097,307.035493,316.305845,biomass\25112025.csv,25112025
2025-11-25 15:55:17.912,653,542.437891,613.907318,319.837427,300.394525,314.678663,biomass\25112025.csv,25112025
2025-11-25 15:55:27.912,654,543.792036,609.620401,321.155384,302.006015,320.807652,biomass\25112025.csv,25112025
2025-11-25 15:55:37.912,655,545.399163,620.910798,322.573872,294.395134,317.328144,biomass\25112025.csv,25112025
2025-11-25 15:55:47.912,656,547.246633,624.414292,326.268597,291.521627,322.418222,biomass\25112025.csv,25112025
2025-11-25 15:55:57.912,657,552.48934,612.873344,328.451125,289.983262,324.430261,biomass\25112025.csv,25112025
2025-11-25 15:56:07.912,658,565.908419,608.939993,333.399287,292.16936,326.983987,biomass\25112025.csv,25112025
2025-11-25 15:56:17.912,659,599.826109,620.511984,332.028193,284.067755,327.839931,biomass\25112025.csv,25112025
2025-11-25 15:56:27.912,660,613.881837,630.785016,339.396703,296.770993,330.989108,biomass\25112025.csv,25112025
2025-11-25 15:56:37.912,661,625.396266,618.580405,339.051462,286.506113,329.794866,biomass\25112025.csv,25112025
2025-11-25 15:56:47.912,662,634.83573,618.469902,345.602283,285.917357,329.320357,biomass\25112025.csv,25112025
2025-11-25 15:56:57.912,663,638.629543,617.508463,345.989886,282.232788,331.94629,biomass\25112025.csv,25112025
2025-11-25 15:57:07.912,664,644.523202,613.951615,344.107719,276.422994,330.865221,biomass\25112025.csv,25112025
2025-11-25 15:57:17.912,665,648.631721,620.473049,345.515848,278.288782,328.96992,biomass\25112025.csv,25112025
2025-11-25 15:57:27.912,666,652.386831,620.156623,350.494334,280.300005,333.39875,biomass\25112025.csv,25112025
2025-11-25 15:57:37.912,667,657.073841,608.593138,350.075676,278.021373,335.166311,biomass\25112025.csv,25112025
2025-11-25 15:57:47.912,668,661.095928,622.514496,351.206,278.059681,339.08353,biomass\25112025.csv,25112025
2025-11-25 15:57:57.912,669,664.269736,622.189737,355.790194,284.524837,339.405241,biomass\25112025.csv,25112025
2025-11-25 15:58:07.912,670,668.002278,624.319906,356.248591,279.587014,336.756671,biomass\25112025.csv,25112025
2025-11-25 15:58:17.912,671,671.403669,622.176605,358.134564,282.801144,343.365312,biomass\25112025.csv,25112025
2025-11-25 15:58:27.912,672,673.72602,618.160739,358.128373,275.761986,341.856352,biomass\25112025.csv,25112025
2025-11-25 15:58:37.912,673,677.760824,616.196871,362.192118,278.1501,343.632013,biomass\25112025.csv,25112025
2025-11-25 15:58:47.912,674,679.71692,616.90994,362.086936,270.274382,341.581309,biomass\25112025.csv,25112025
2025-11-25 15:58:57.912,675,681.495931,610.606631,366.050017,270.786511,346.456751,biomass\25112025.csv,25112025
2025-11-25 15:59:07.912,676,683.601413,619.583201,369.160457,267.154696,340.078144,biomass\25112025.csv,25112025
2025-11-25 15:59:17.912,677,685.872632,621.919093,367.701663,263.069596,340.598839,biomass\25112025.csv,25112025
2025-11-25 15:59:27.912,678,688.43835,619.634468,370.754511,264.787715,342.82397,biomass\25112025.csv,25112025
2025-11-25 15:59:37.912,679,689.773059,622.327741,370.907086,266.07965,347.83219,biomass\25112025.csv,25112025
2025-11-25 15:59:47.912,680,691.986144,626.066844,373.158234,263.169431,342.972908,biomass\25112025.csv,25112025
2025-11-25 15:59:57.912,681,692.641102,618.091614,374.193284,260.065834,347.747481,biomass\25112025.csv,25112025
2025-11-25 16:00:07.912,682,694.135496,621.895454,376.238684,264.306076,352.186649,biomass\25112025.csv,25112025
2025-11-25 16:00:17.912,683,695.604581,623.48666,377.701866,260.855289,348.044074,biomass\25112025.csv,25112025
2025-11-25 16:00:27.912,684,696.75694,619.938833,380.238119,257.708309,348.824748,biomass\25112025.csv,25112025
2025-11-25 16:00:37.912,685,696.993394,626.166252,379.474653,260.924375,350.499232,biomass\25112025.csv,25112025
2025-11-25 16:00:47.912,686,697.830892,629.616624,383.732655,260.836296,349.401234,biomass\25112025.csv,25112025
2025-11-25 16:00:57.912,687,698.360205,617.670295,382.043411,260.861979,350.981073,biomass\25112025.csv,25112025
2025-11-25 16:01:07.912,688,692.380267,606.631114,373.840185,247.969313,324.225733,biomass\25112025.csv,25112025
2025-11-25 16:01:17.912,689,692.299727,621.00701,373.468696,245.804612,316.452601,biomass\25112025.csv,25112025
2025-11-25 16:01:27.912,690,703.414874,637.208979,376.609174,251.045909,318.410058,biomass\25112025.csv,25112025
2025-11-25 16:01:37.912,691,712.529181,642.301628,380.161694,257.027208,325.232822,biomass\25112025.csv,25112025
2025-11-25 16:01:47.912,692,721.76991,649.934309,382.507497,256.874182,326.98519,biomass\25112025.csv,25112025
2025-11-25 16:01:57.912,693,730.781481,654.978338,383.627133,258.479279,330.289526,biomass\25112025.csv,25112025
2025-11-25 16:02:07.912,694,736.990372,659.732992,385.212148,259.624226,330.102683,biomass\25112025.csv,25112025
2025-11-25 16:02:17.912,695,728.346986,662.10129,387.76813,263.292423,334.646859,biomass\25112025.csv,25112025
2025-11-25 16:02:27.912,696,739.165946,663.165447,389.244203,262.124219,340.236245,biomass\25112025.csv,25112025
2025-11-25 16:02:37.912,697,751.227532,666.123977,391.814861,262.537475,339.783121,biomass\25112025.csv,25112025
2025-11-25 16:02:47.912,698,714.988293,666.890854,393.293096,265.072278,343.116789,biomass\25112025.csv,25112025
2025-11-25 16:02:57.912,699,687.702798,670.358447,395.691146,266.012429,345.147688,biomass\25112025.csv,25112025
2025-11-25 16:03:07.912,700,701.200306,669.68591,395.818205,264.670373,346.686476,biomass\25112025.csv,25112025
2025-11-25 16:03:17.912,701,729.551468,668.56565,399.198148,265.230979,345.670715,biomass\25112025.csv,25112025
2025-11-25 16:03:27.912,702,756.871291,671.622515,401.20121,265.029865,345.56349,biomass\25112025.csv,25112025
2025-11-25 16:03:37.912,703,781.401101,670.079102,401.927994,264.227942,345.710178,biomass\25112025.csv,25112025
2025-11-25 16:03:47.912,704,786.052903,678.588789,404.516423,264.726883,350.739935,biomass\25112025.csv,25112025
2025-11-25 16:03:57.912,705,790.147559,675.399997,406.161389,268.170806,352.760596,biomass\25112025.csv,25112025
2025-11-25 16:04:07.912,706,764.109158,680.553799,407.29208,266.816041,349.702293,biomass\25112025.csv,25112025
2025-11-25 16:04:17.912,707,718.856582,668.580759,407.37432,265.947298,351.411539,biomass\25112025.csv,25112025
2025-11-25 16:04:27.912,708,688.21565,679.639175,410.133795,267.161821,353.980024,biomass\25112025.csv,25112025
2025-11-25 16:04:37.912,709,670.561296,668.144177,412.549005,268.316477,348.959541,biomass\25112025.csv,25112025
2025-11-25 16:04:47.912,710,668.885954,675.239782,412.584735,268.895958,353.396113,biomass\25112025.csv,25112025
2025-11-25 16:04:57.912,711,677.199436,676.608776,414.343714,267.212323,350.070552,biomass\25112025.csv,25112025
2025-11-25 16:05:07.912,712,673.982159,670.84341,416.130659,265.777426,354.173824,biomass\25112025.csv,25112025
2025-11-25 16:05:17.912,713,654.771445,674.95818,417.121923,268.326022,350.608832,biomass\25112025.csv,25112025
2025-11-25 16:05:27.912,714,651.385035,674.760525,419.08009,270.404251,354.365953,biomass\25112025.csv,25112025
2025-11-25 16:05:37.912,715,649.532299,671.882634,420.325975,269.993895,358.235973,biomass\25112025.csv,25112025
2025-11-25 16:05:47.912,716,659.836491,677.219085,421.747362,270.911386,354.977964,biomass\25112025.csv,25112025
2025-11-25 16:05:57.912,717,678.568143,671.718877,422.677033,273.184595,358.536532,biomass\25112025.csv,25112025
2025-11-25 16:06:07.912,718,689.945788,670.402116,423.14521,270.715601,359.56739,biomass\25112025.csv,25112025
2025-11-25 16:06:17.912,719,689.8329,675.008409,425.914788,271.150108,354.474464,biomass\25112025.csv,25112025
2025-11-25 16:06:27.912,720,694.895722,670.115682,425.703237,271.800466,354.598145,biomass\25112025.csv,25112025
2025-11-25 16:06:37.924,721,709.138647,673.703167,426.408495,272.608217,356.503347,biomass\25112025.csv,25112025
2025-11-25 16:06:47.912,722,704.636099,669.562168,428.833502,272.485671,355.909973,biomass\25112025.csv,25112025
2025-11-25 16:06:57.912,723,773.798587,675.535746,428.562848,274.092638,359.293016,biomass\25112025.csv,25112025
2025-11-25 16:07:07.912,724,817.205372,670.701922,430.679408,272.776688,355.011058,biomass\25112025.csv,25112025
2025-11-25 16:07:17.912,725,818.042858,663.750394,431.196118,276.348594,361.571866,biomass\25112025.csv,25112025
2025-11-25 16:07:27.912,726,827.895952,670.763842,430.809618,277.671374,362.80457,biomass\25112025.csv,25112025
2025-11-25 16:07:37.912,727,845.925475,669.319796,432.288205,276.227259,361.068107,biomass\25112025.csv,25112025
2025-11-25 16:07:47.912,728,848.376498,668.626236,434.158238,275.661686,359.602514,biomass\25112025.csv,25112025
2025-11-25 16:07:57.912,729,850.250441,671.38423,434.857872,277.586428,361.198168,biomass\25112025.csv,25112025
2025-11-25 16:08:07.912,730,852.485815,666.381,434.849221,279.376907,359.418838,biomass\25112025.csv,25112025
2025-11-25 16:08:17.912,731,855.449737,662.184346,435.635238,281.054626,360.630547,biomass\25112025.csv,25112025
2025-11-25 16:08:27.912,732,857.032188,661.100567,435.761166,282.504978,362.598631,biomass\25112025.csv,25112025
2025-11-25 16:08:37.912,733,859.147987,660.862564,438.298528,283.248084,360.866893,biomass\25112025.csv,25112025
2025-11-25 16:08:47.912,734,861.868574,667.948239,438.559755,279.664555,355.881597,biomass\25112025.csv,25112025
2025-11-25 16:08:57.912,735,826.918908,670.893872,438.508632,282.740156,361.497802,biomass\25112025.csv,25112025
2025-11-25 16:09:07.912,736,800.081145,666.9643,439.456404,284.953375,366.058304,biomass\25112025.csv,25112025
2025-11-25 16:09:17.912,737,827.218047,669.544703,441.093264,283.122585,358.736738,biomass\25112025.csv,25112025
2025-11-25 16:09:27.912,738,828.211609,671.016116,440.553467,284.395495,362.715067,biomass\25112025.csv,25112025
2025-11-25 16:09:37.912,739,827.670344,665.243279,440.543553,285.725796,362.791952,biomass\25112025.csv,25112025
2025-11-25 16:09:47.912,740,828.76469,667.949373,442.04434,287.585131,361.76727,biomass\25112025.csv,25112025
2025-11-25 16:09:57.912,741,828.926037,671.192155,442.818739,287.067717,365.263264,biomass\25112025.csv,25112025
2025-11-25 16:10:07.912,742,871.982244,671.23631,444.009926,288.099155,364.206358,biomass\25112025.csv,25112025
2025-11-25 16:10:17.912,743,873.088183,663.670339,444.191749,289.080145,365.546646,biomass\25112025.csv,25112025
2025-11-25 16:10:27.912,744,874.446042,667.705137,446.142853,285.783316,361.388979,biomass\25112025.csv,25112025
2025-11-25 16:10:37.912,745,874.912264,667.596984,445.244738,287.308511,365.00766,biomass\25112025.csv,25112025
2025-11-25 16:10:47.912,746,875.579675,670.486961,445.893023,288.652234,363.564061,biomass\25112025.csv,25112025
2025-11-25 16:10:57.912,747,876.284483,668.384437,446.827381,289.774188,364.000243,biomass\25112025.csv,25112025
2025-11-25 16:11:07.912,748,876.405271,663.819953,446.955195,289.847822,363.717571,biomass\25112025.csv,25112025
2025-11-25 16:11:17.912,749,876.427175,664.070951,448.068465,291.258292,364.43629,biomass\25112025.csv,25112025
2025-11-25 16:11:27.912,750,877.207337,667.102282,449.403832,291.449311,364.083239,biomass\25112025.csv,25112025
2025-11-25 16:11:37.912,751,877.621159,665.610016,450.039823,292.386687,363.265026,biomass\25112025.csv,25112025
2025-11-25 16:11:47.912,752,879.351831,666.123836,450.347976,292.991072,367.355232,biomass\25112025.csv,25112025
2025-11-25 16:11:57.912,753,879.474991,663.43652,449.909432,292.720694,362.798389,biomass\25112025.csv,25112025
2025-11-25 16:12:07.912,754,880.379303,670.428749,452.02498,292.902402,362.454256,biomass\25112025.csv,25112025
2025-11-25 16:12:17.912,755,881.068132,671.15444,452.079441,294.899191,367.8827,biomass\25112025.csv,25112025
2025-11-25 16:12:27.912,756,883.194382,657.241517,452.418491,293.012294,366.304078,biomass\25112025.csv,25112025
2025-11-25 16:12:37.912,757,884.28359,674.714442,453.497817,293.569584,368.226441,biomass\25112025.csv,25112025
2025-11-25 16:12:47.912,758,885.546252,658.606154,452.294919,292.558177,365.127789,biomass\25112025.csv,25112025
2025-11-25 16:12:57.912,759,886.632868,662.004163,453.328935,293.123789,364.121807,biomass\25112025.csv,25112025
2025-11-25 16:13:07.912,760,887.683084,660.173218,453.501307,291.564294,364.454941,biomass\25112025.csv,25112025
2025-11-25 16:13:17.912,761,888.603903,664.840057,454.328194,293.067016,361.26786,biomass\25112025.csv,25112025
2025-11-25 16:13:27.912,762,889.927818,662.7232,454.567754,295.726313,365.955031,biomass\25112025.csv,25112025
2025-11-25 16:13:37.912,763,891.038588,668.168086,455.261239,295.468193,362.85738,biomass\25112025.csv,25112025
2025-11-25 16:13:47.912,764,891.7734,655.766939,454.523893,294.019779,364.718129,biomass\25112025.csv,25112025
2025-11-25 16:13:57.912,765,892.556439,652.50471,456.063861,295.803628,363.084011,biomass\25112025.csv,25112025
2025-11-25 16:14:07.912,766,892.309167,663.014109,455.558801,294.082256,360.684205,biomass\25112025.csv,25112025
2025-11-25 16:14:17.912,767,892.204984,666.796185,458.494966,294.015336,363.595843,biomass\25112025.csv,25112025
2025-11-25 16:14:27.912,768,892.110853,665.592168,457.370233,295.520951,365.495466,biomass\25112025.csv,25112025
2025-11-25 16:14:37.912,769,892.277069,663.689159,456.760076,295.558257,361.763263,biomass\25112025.csv,25112025
2025-11-25 16:14:47.912,770,892.371892,661.291962,457.704515,296.604284,366.176246,biomass\25112025.csv,25112025
2025-11-25 16:14:57.912,771,892.629442,650.029444,456.783928,296.706129,365.639398,biomass\25112025.csv,25112025
2025-11-25 16:15:07.912,772,892.726609,660.576172,458.591603,298.044344,363.948767,biomass\25112025.csv,25112025
2025-11-25 16:15:17.912,773,892.831125,656.013326,458.289091,297.876847,367.175709,biomass\25112025.csv,25112025
2025-11-25 16:15:27.912,774,891.703386,663.607059,459.433065,298.511157,367.321744,biomass\25112025.csv,25112025
2025-11-25 16:15:37.912,775,891.12391,660.383153,459.08054,295.753923,362.566501,biomass\25112025.csv,25112025
2025-11-25 16:15:47.912,776,891.660904,664.369824,460.400295,297.826742,362.200451,biomass\25112025.csv,25112025
2025-11-25 16:15:57.912,777,891.222923,661.52251,460.817166,295.863406,364.511473,biomass\25112025.csv,25112025
2025-11-25 16:16:07.912,778,891.211055,660.855622,459.853176,295.530136,364.131013,biomass\25112025.csv,25112025
2025-11-25 16:16:17.912,779,890.908033,657.669449,461.241621,295.650769,363.915946,biomass\25112025.csv,25112025
2025-11-25 16:16:27.912,780,890.264234,654.633926,461.488147,297.126322,363.707905,biomass\25112025.csv,25112025
2025-11-25 16:16:37.912,781,889.163576,654.722279,461.544239,296.431764,367.6963,biomass\25112025.csv,25112025
2025-11-25 16:16:47.912,782,888.556963,656.023796,461.428172,296.301546,361.73294,biomass\25112025.csv,25112025
2025-11-25 16:16:57.912,783,887.996329,655.211008,462.301524,296.765345,363.938551,biomass\25112025.csv,25112025
2025-11-25 16:17:07.912,784,887.549799,657.659656,462.318072,298.048774,362.296207,biomass\25112025.csv,25112025
2025-11-25 16:17:17.912,785,886.426003,661.001853,462.287382,295.669607,364.456632,biomass\25112025.csv,25112025
2025-11-25 16:17:27.912,786,885.048822,653.910988,462.866184,296.782992,366.076223,biomass\25112025.csv,25112025
2025-11-25 16:17:37.912,787,883.704474,652.494362,463.277668,297.287088,363.90666,biomass\25112025.csv,25112025
2025-11-25 16:17:47.912,788,861.302632,619.632474,453.397228,271.59609,288.497907,biomass\25112025.csv,25112025
2025-11-25 16:17:57.912,789,854.289443,605.590651,450.142439,261.983293,262.128178,biomass\25112025.csv,25112025
2025-11-25 16:18:07.912,790,874.641471,598.351367,447.771562,255.097357,269.451889,biomass\25112025.csv,25112025
2025-11-25 16:18:17.912,791,822.16205,638.882271,458.554787,272.32954,340.984135,biomass\25112025.csv,25112025
2025-11-25 16:18:27.912,792,796.385837,628.489328,460.391061,274.781603,349.287005,biomass\25112025.csv,25112025
2025-11-25 16:18:37.912,793,812.121419,633.519622,459.687535,274.859538,351.953388,biomass\25112025.csv,25112025
2025-11-25 16:18:47.912,794,806.459662,632.733008,459.037402,275.234417,351.771103,biomass\25112025.csv,25112025
2025-11-25 16:18:57.912,795,795.863875,634.087812,459.039148,275.600858,351.891663,biomass\25112025.csv,25112025
2025-11-25 16:19:07.912,796,789.300887,629.357307,458.930279,275.567854,352.467951,biomass\25112025.csv,25112025
2025-11-25 16:19:17.912,797,770.504412,625.23113,458.568411,275.91379,352.890443,biomass\25112025.csv,25112025
2025-11-25 16:19:27.912,798,732.236388,619.170043,457.541375,277.326941,352.423825,biomass\25112025.csv,25112025
2025-11-25 16:19:37.912,799,727.880207,622.023264,458.466796,276.744353,350.642668,biomass\25112025.csv,25112025
2025-11-25 16:19:47.912,800,728.076362,623.691357,458.09762,277.554367,349.679007,biomass\25112025.csv,25112025
2025-11-25 16:19:57.912,801,680.633181,613.315887,457.127605,278.794106,350.232936,biomass\25112025.csv,25112025
2025-11-25 16:20:07.912,802,677.819222,617.263451,457.487302,277.653879,346.499888,biomass\25112025.csv,25112025
2025-11-25 16:20:17.912,803,676.345319,612.323715,457.502922,279.085156,350.429275,biomass\25112025.csv,25112025
2025-11-25 16:20:27.912,804,668.644366,621.321117,457.534442,279.218618,348.076069,biomass\25112025.csv,25112025
2025-11-25 16:20:37.912,805,672.215711,619.842573,456.755237,279.064682,347.439869,biomass\25112025.csv,25112025
2025-11-25 16:20:47.912,806,672.896005,616.867804,456.900281,279.0519,350.723186,biomass\25112025.csv,25112025
2025-11-25 16:20:57.912,807,689.773822,618.513806,456.611796,279.457767,347.13938,biomass\25112025.csv,25112025
2025-11-25 16:21:07.912,808,761.526267,615.53569,456.3262,280.267038,349.633904,biomass\25112025.csv,25112025
2025-11-25 16:21:17.912,809,757.714391,614.568472,456.154332,280.421628,346.681532,biomass\25112025.csv,25112025
2025-11-25 16:21:27.912,810,754.791977,608.063507,456.290958,279.89015,345.952853,biomass\25112025.csv,25112025
2025-11-25 16:21:37.912,811,752.480767,609.456266,455.615022,280.276756,344.882091,biomass\25112025.csv,25112025
2025-11-25 16:21:47.926,812,749.359914,611.348634,455.861227,280.743803,345.549497,biomass\25112025.csv,25112025
2025-11-25 16:21:57.912,813,745.555658,608.621339,454.674667,281.178184,345.257684,biomass\25112025.csv,25112025
2025-11-25 16:22:07.912,814,743.391695,612.525713,455.174889,281.55311,345.755474,biomass\25112025.csv,25112025
2025-11-25 16:22:17.912,815,740.94094,616.634379,456.734006,281.55453,342.324125,biomass\25112025.csv,25112025
2025-11-25 16:22:27.912,816,738.731588,606.023309,454.171571,282.3587,343.113872,biomass\25112025.csv,25112025
2025-11-25 16:22:37.912,817,716.410333,604.749162,454.301712,282.742759,346.704488,biomass\25112025.csv,25112025
2025-11-25 16:22:47.912,818,714.269784,602.291354,453.781052,281.967264,343.666783,biomass\25112025.csv,25112025
2025-11-25 16:22:57.912,819,708.235924,609.209532,454.27834,281.951542,338.368537,biomass\25112025.csv,25112025
2025-11-25 16:23:07.912,820,703.678208,602.865721,452.536053,282.138152,340.060341,biomass\25112025.csv,25112025
2025-11-25 16:23:17.912,821,700.866206,603.148231,452.699526,282.842444,342.369599,biomass\25112025.csv,25112025
2025-11-25 16:23:27.912,822,699.831113,593.484767,451.962335,283.06197,340.603408,biomass\25112025.csv,25112025
2025-11-25 16:23:37.912,823,697.047019,606.069962,453.357704,283.637986,341.473864,biomass\25112025.csv,25112025
2025-11-25 16:23:47.912,824,732.420971,601.275567,451.899571,283.725919,341.520679,biomass\25112025.csv,25112025
2025-11-25 16:23:57.912,825,730.812849,595.727624,451.415443,283.132131,336.151062,biomass\25112025.csv,25112025
2025-11-25 16:24:07.912,826,734.075641,598.958187,451.735373,284.430785,339.501529,biomass\25112025.csv,25112025
2025-11-25 16:24:17.912,827,731.929876,598.23041,451.399335,284.585549,338.78049,biomass\25112025.csv,25112025
2025-11-25 16:24:27.912,828,730.517744,597.412567,450.437645,284.423984,338.02545,biomass\25112025.csv,25112025
2025-11-25 16:24:37.912,829,728.291187,586.654058,450.37673,284.439386,338.205783,biomass\25112025.csv,25112025
2025-11-25 16:24:47.912,830,720.28189,588.250405,449.613826,285.467191,338.051595,biomass\25112025.csv,25112025
2025-11-25 16:24:57.912,831,718.190107,596.364388,449.980813,284.490815,335.207727,biomass\25112025.csv,25112025
2025-11-25 16:25:07.912,832,716.329461,590.36224,449.354874,285.204317,334.997974,biomass\25112025.csv,25112025
2025-11-25 16:25:17.912,833,714.780822,584.155058,449.107316,285.743572,336.238149,biomass\25112025.csv,25112025
2025-11-25 16:25:27.912,834,712.911812,590.035537,448.270448,285.014683,335.271374,biomass\25112025.csv,25112025
2025-11-25 16:25:37.912,835,711.139389,588.246046,448.545065,284.95741,333.134318,biomass\25112025.csv,25112025
2025-11-25 16:25:47.912,836,709.258445,582.091551,448.189655,285.947797,333.523169,biomass\25112025.csv,25112025
2025-11-25 16:25:57.912,837,707.100497,577.968882,448.995912,285.734473,333.732744,biomass\25112025.csv,25112025
2025-11-25 16:26:07.912,838,705.288081,585.17739,447.37851,285.950849,334.722989,biomass\25112025.csv,25112025
2025-11-25 16:26:17.912,839,703.398206,587.070879,448.366678,286.341726,331.571307,biomass\25112025.csv,25112025
2025-11-25 16:26:27.912,840,701.449786,582.226126,447.415408,286.761011,330.4023,biomass\25112025.csv,25112025
2025-11-25 16:26:37.912,841,699.819375,587.694088,446.933788,287.237519,331.291441,biomass\25112025.csv,25112025
2025-11-25 16:26:47.912,842,698.009667,580.054951,446.340782,286.551595,332.158585,biomass\25112025.csv,25112025
2025-11-25 16:26:57.912,843,696.032481,584.171239,445.868022,286.274309,330.0747,biomass\25112025.csv,25112025
2025-11-25 16:27:07.912,844,695.539256,578.325516,445.464279,286.811273,330.314674,biomass\25112025.csv,25112025
2025-11-25 16:27:17.912,845,693.731963,575.848723,445.365029,287.243885,332.30121,biomass\25112025.csv,25112025
2025-11-25 16:27:27.912,846,692.06917,569.543234,444.910436,287.518966,331.930323,biomass\25112025.csv,25112025
2025-11-25 16:27:37.912,847,690.027518,578.902871,445.12358,288.138245,330.155852,biomass\25112025.csv,25112025
2025-11-25 16:27:47.912,848,684.539505,583.272585,444.887592,287.57201,330.054346,biomass\25112025.csv,25112025
2025-11-25 16:27:57.912,849,682.795078,587.49542,446.612862,288.371982,330.404063,biomass\25112025.csv,25112025
2025-11-25 16:28:07.912,850,681.021928,579.317808,445.748326,288.837188,328.766381,biomass\25112025.csv,25112025
2025-11-25 16:28:17.912,851,679.101667,575.893343,445.3442,289.276451,332.108389,biomass\25112025.csv,25112025
2025-11-25 16:28:27.912,852,676.970112,579.010018,444.743918,289.205125,330.781755,biomass\25112025.csv,25112025
2025-11-25 16:28:37.912,853,675.368517,577.37454,444.311192,289.245613,332.489287,biomass\25112025.csv,25112025
2025-11-25 16:28:47.912,854,673.521625,581.670508,445.556867,290.700152,330.618673,biomass\25112025.csv,25112025
2025-11-25 16:28:57.912,855,671.620008,576.994831,444.652687,290.181671,331.213635,biomass\25112025.csv,25112025
2025-11-25 16:29:07.912,856,632.603537,576.873025,443.11008,289.704936,328.047147,biomass\25112025.csv,25112025
2025-11-25 16:29:17.912,857,617.074519,574.048102,443.496777,290.203857,327.335229,biomass\25112025.csv,25112025
2025-11-25 16:29:27.912,858,613.242929,577.003122,442.569378,290.943439,329.016733,biomass\25112025.csv,25112025
2025-11-25 16:29:37.912,859,610.93828,564.949304,443.106879,290.53487,326.229134,biomass\25112025.csv,25112025
2025-11-25 16:29:47.912,860,611.519785,572.393634,443.116535,291.439453,325.871991,biomass\25112025.csv,25112025
2025-11-25 16:29:57.912,861,611.223943,578.037854,442.883856,289.804039,323.12373,biomass\25112025.csv,25112025
2025-11-25 16:30:07.912,862,610.547486,576.27988,443.157238,290.901393,325.917277,biomass\25112025.csv,25112025
2025-11-25 16:30:17.912,863,606.559911,570.958717,442.118123,291.083171,326.813572,biomass\25112025.csv,25112025
2025-11-25 16:30:27.912,864,604.310687,570.616973,442.257859,291.100553,326.2359,biomass\25112025.csv,25112025
2025-11-25 16:30:37.912,865,604.282147,566.664251,441.157826,291.134678,325.355673,biomass\25112025.csv,25112025
2025-11-25 16:30:47.912,866,602.188446,558.807394,441.35028,290.940415,323.798548,biomass\25112025.csv,25112025
2025-11-25 16:30:57.912,867,600.515281,562.436424,440.775508,291.035275,323.887076,biomass\25112025.csv,25112025
2025-11-25 16:31:07.912,868,598.34827,573.795076,441.437474,292.119636,324.685318,biomass\25112025.csv,25112025
2025-11-25 16:31:17.912,869,597.10715,560.717886,440.729655,290.973216,320.645508,biomass\25112025.csv,25112025
2025-11-25 16:31:27.912,870,596.243527,560.694189,440.794142,291.618375,323.528508,biomass\25112025.csv,25112025
2025-11-25 16:31:37.912,871,595.717566,565.195507,439.684173,292.129297,322.3052,biomass\25112025.csv,25112025
2025-11-25 16:31:47.912,872,634.790692,562.855617,439.499911,291.61372,321.175385,biomass\25112025.csv,25112025
2025-11-25 16:31:57.912,873,633.05555,566.257881,440.272577,292.201396,323.845766,biomass\25112025.csv,25112025
2025-11-25 16:32:07.912,874,631.157648,574.763579,440.942224,292.332863,322.79201,biomass\25112025.csv,25112025
2025-11-25 16:32:17.912,875,630.400964,560.857408,439.235754,291.967172,321.810419,biomass\25112025.csv,25112025
2025-11-25 16:32:27.912,876,627.771315,568.017687,440.351367,292.26522,318.32096,biomass\25112025.csv,25112025
2025-11-25 16:32:37.912,877,627.248817,566.814906,439.092925,292.446504,322.487964,biomass\25112025.csv,25112025
2025-11-25 16:32:47.912,878,625.165402,561.483966,439.873808,293.152719,321.424042,biomass\25112025.csv,25112025
2025-11-25 16:32:57.912,879,624.715169,558.142889,438.038942,292.244983,320.063182,biomass\25112025.csv,25112025
2025-11-25 16:33:07.912,880,623.117138,557.325082,437.934871,293.055272,320.994723,biomass\25112025.csv,25112025
2025-11-25 16:33:17.912,881,621.762679,563.132736,438.368702,293.919795,323.013443,biomass\25112025.csv,25112025
2025-11-25 16:33:27.912,882,620.605608,561.634959,438.573735,293.331446,321.122177,biomass\25112025.csv,25112025
2025-11-25 16:33:37.912,883,620.351916,557.093961,438.081773,292.450475,319.6168,biomass\25112025.csv,25112025
2025-11-25 16:33:47.912,884,618.400779,553.662924,437.406663,292.861323,318.612621,biomass\25112025.csv,25112025
2025-11-25 16:33:57.912,885,617.118574,555.601058,437.289033,292.72138,317.527233,biomass\25112025.csv,25112025
2025-11-25 16:34:07.912,886,615.887252,559.587962,436.347704,293.016474,317.363267,biomass\25112025.csv,25112025
2025-11-25 16:34:17.912,887,614.548477,553.809858,436.530124,293.009722,317.842316,biomass\25112025.csv,25112025
2025-11-25 16:34:27.912,888,613.310926,557.956008,436.354192,292.602082,314.640473,biomass\25112025.csv,25112025
2025-11-25 16:34:37.912,889,611.816557,553.780147,435.261702,292.631553,315.848575,biomass\25112025.csv,25112025
2025-11-25 16:34:47.912,890,610.66379,540.398335,434.49658,293.230473,317.256373,biomass\25112025.csv,25112025
2025-11-25 16:34:57.912,891,609.324598,555.24364,435.073931,292.640054,313.988146,biomass\25112025.csv,25112025
2025-11-25 16:35:07.912,892,608.017906,545.28848,434.682346,292.628527,312.596758,biomass\25112025.csv,25112025
2025-11-25 16:35:17.912,893,606.516954,549.395757,433.969561,291.999734,311.641522,biomass\25112025.csv,25112025
2025-11-25 16:35:27.912,894,605.134894,550.840117,434.299629,293.385658,314.437942,biomass\25112025.csv,25112025
2025-11-25 16:35:37.912,895,603.776721,547.58677,434.369654,293.76723,316.91157,biomass\25112025.csv,25112025
2025-11-25 16:35:47.912,896,603.136336,551.364576,434.689856,293.60005,315.527285,biomass\25112025.csv,25112025
2025-11-25 16:35:57.912,897,601.545191,550.243807,434.175039,293.255967,314.269358,biomass\25112025.csv,25112025
2025-11-25 16:36:07.912,898,600.713432,555.522428,434.082084,294.245142,315.594858,biomass\25112025.csv,25112025
2025-11-25 16:36:17.912,899,599.572254,547.023122,433.393139,292.538798,314.881097,biomass\25112025.csv,25112025
2025-11-25 16:36:27.912,900,598.342565,547.243407,432.921004,293.976818,313.83756,biomass\25112025.csv,25112025
2025-11-25 16:36:37.912,901,597.166366,550.134017,432.480876,292.7594,312.855857,biomass\25112025.csv,25112025
2025-11-25 16:36:47.912,902,596.300081,547.766536,431.724954,292.836692,311.228207,biomass\25112025.csv,25112025
2025-11-25 16:36:57.942,903,584.922599,547.418673,431.751292,293.260465,310.229185,biomass\25112025.csv,25112025
2025-11-25 16:37:07.912,904,583.004495,538.006646,431.509512,292.69346,312.347879,biomass\25112025.csv,25112025
2025-11-25 16:37:17.912,905,579.362925,549.906061,431.450467,292.31134,312.729299,biomass\25112025.csv,25112025
2025-11-25 16:37:27.912,906,577.27088,534.02302,430.330415,291.893389,308.708396,biomass\25112025.csv,25112025
2025-11-25 16:37:37.912,907,612.439104,544.653989,429.883038,291.970361,305.218118,biomass\25112025.csv,25112025
2025-11-25 16:37:47.912,908,610.902174,544.35598,430.477525,292.877298,309.02953,biomass\25112025.csv,25112025
2025-11-25 16:37:57.912,909,609.108159,541.641676,430.245425,292.94325,308.912119,biomass\25112025.csv,25112025
2025-11-25 16:38:07.912,910,607.464581,541.845084,428.774296,292.987713,309.9386,biomass\25112025.csv,25112025
2025-11-25 16:38:17.912,911,605.735232,538.453995,428.511356,293.114083,309.29221,biomass\25112025.csv,25112025
2025-11-25 16:38:27.912,912,603.243975,540.047861,429.77903,293.493448,309.871242,biomass\25112025.csv,25112025
2025-11-25 16:38:37.912,913,582.541443,534.781009,428.416352,292.805943,307.025616,biomass\25112025.csv,25112025
2025-11-25 16:38:47.912,914,574.264824,542.276516,428.366951,291.685463,303.269547,biomass\25112025.csv,25112025
2025-11-25 16:38:57.912,915,583.134427,534.381103,427.5662,292.683875,303.651306,biomass\25112025.csv,25112025
2025-11-25 16:39:07.912,916,580.509036,554.256603,428.216276,292.673715,304.58307,biomass\25112025.csv,25112025
2025-11-25 16:39:17.912,917,574.955152,535.100397,427.329065,292.181467,304.669169,biomass\25112025.csv,25112025
2025-11-25 16:39:27.912,918,571.945446,540.762135,426.817141,292.229453,304.771917,biomass\25112025.csv,25112025
2025-11-25 16:39:37.912,919,567.601537,537.66459,426.311777,292.803316,306.424297,biomass\25112025.csv,25112025
2025-11-25 16:39:47.912,920,561.274283,548.552234,427.466718,292.222027,302.232681,biomass\25112025.csv,25112025
2025-11-25 16:39:57.912,921,555.633351,532.214532,426.371736,292.825981,303.451698,biomass\25112025.csv,25112025
2025-11-25 16:40:07.912,922,551.806189,520.888396,425.460487,292.597117,303.610839,biomass\25112025.csv,25112025
2025-11-25 16:40:17.912,923,547.05668,529.672614,425.615706,292.477832,303.363586,biomass\25112025.csv,25112025
2025-11-25 16:40:27.912,924,554.435999,526.832508,425.308157,291.875709,304.266943,biomass\25112025.csv,25112025
2025-11-25 16:40:37.912,925,550.123543,530.680706,425.113417,292.274586,302.582699,biomass\25112025.csv,25112025
2025-11-25 16:40:47.912,926,557.948074,530.528508,424.207887,291.76139,301.415249,biomass\25112025.csv,25112025
2025-11-25 16:40:57.912,927,568.194358,526.712987,425.388179,292.15738,302.461316,biomass\25112025.csv,25112025
2025-11-25 16:41:07.912,928,578.277298,530.446404,424.156213,291.206097,297.435014,biomass\25112025.csv,25112025
2025-11-25 16:41:17.912,929,577.091686,529.682494,423.731146,291.711637,301.627795,biomass\25112025.csv,25112025
2025-11-25 16:41:27.912,930,576.119331,527.40145,422.710119,292.445188,302.427895,biomass\25112025.csv,25112025
2025-11-25 16:41:37.912,931,574.585398,519.022965,422.238462,291.570842,298.570663,biomass\25112025.csv,25112025
2025-11-25 16:41:47.912,932,575.018743,518.805747,421.17701,290.597101,296.379652,biomass\25112025.csv,25112025
2025-11-25 16:41:57.912,933,573.507167,515.245426,421.617234,291.356286,296.348285,biomass\25112025.csv,25112025
2025-11-25 16:42:07.912,934,569.05708,508.079146,420.413771,290.853084,295.32209,biomass\25112025.csv,25112025
2025-11-25 16:42:17.912,935,565.636792,526.210012,420.576832,290.845569,295.152837,biomass\25112025.csv,25112025
2025-11-25 16:42:27.912,936,568.461562,511.319276,419.928896,291.004077,295.308028,biomass\25112025.csv,25112025
2025-11-25 16:42:37.912,937,566.215293,510.17664,419.707816,291.298906,296.233174,biomass\25112025.csv,25112025
2025-11-25 16:42:47.912,938,563.584829,519.475451,419.517026,290.342803,294.814193,biomass\25112025.csv,25112025
2025-11-25 16:42:57.912,939,568.71699,515.998714,418.593485,290.328542,293.216287,biomass\25112025.csv,25112025
2025-11-25 16:43:07.912,940,567.568119,521.364441,419.262448,290.736124,293.447182,biomass\25112025.csv,25112025
2025-11-25 16:43:17.912,941,565.462934,524.580116,418.165773,290.606517,291.769991,biomass\25112025.csv,25112025
2025-11-25 16:43:27.912,942,562.295344,515.191832,416.849489,289.919665,289.997405,biomass\25112025.csv,25112025
2025-11-25 16:43:37.912,943,560.653787,512.291444,417.60537,290.288529,291.395916,biomass\25112025.csv,25112025
2025-11-25 16:43:47.912,944,559.207094,509.872912,416.292282,289.540263,286.310083,biomass\25112025.csv,25112025
2025-11-25 16:43:57.912,945,556.336628,522.605653,416.560825,289.196279,289.936309,biomass\25112025.csv,25112025
2025-11-25 16:44:07.912,946,554.968521,518.688258,415.582212,289.447973,289.462489,biomass\25112025.csv,25112025
2025-11-25 16:44:17.912,947,553.471089,502.140886,414.766405,289.425769,285.830657,biomass\25112025.csv,25112025
2025-11-25 16:44:27.912,948,552.015197,509.877742,414.921189,289.450052,287.463641,biomass\25112025.csv,25112025
2025-11-25 16:44:37.912,949,548.418011,500.269952,413.667288,289.16689,286.859028,biomass\25112025.csv,25112025
2025-11-25 16:44:47.912,950,547.25918,511.703871,413.333069,289.678872,287.034935,biomass\25112025.csv,25112025
2025-11-25 16:44:57.912,951,546.403332,501.893874,411.905528,288.161074,284.863906,biomass\25112025.csv,25112025
2025-11-25 16:45:07.912,952,544.846652,505.533179,412.244235,289.192183,287.160822,biomass\25112025.csv,25112025
2025-11-25 16:45:17.912,953,543.474515,499.718727,411.331649,288.726365,286.759324,biomass\25112025.csv,25112025
2025-11-25 16:45:27.912,954,542.241189,504.679665,411.123401,288.112698,283.762931,biomass\25112025.csv,25112025
2025-11-25 16:45:37.912,955,540.647032,488.03157,410.318962,288.873173,285.394377,biomass\25112025.csv,25112025
2025-11-25 16:45:47.912,956,539.185847,488.890099,409.365295,287.81742,280.615329,biomass\25112025.csv,25112025
2025-11-25 16:45:57.912,957,537.603566,485.146342,408.63181,288.364284,283.575852,biomass\25112025.csv,25112025
2025-11-25 16:46:07.912,958,536.522797,474.725061,407.795351,287.328697,279.258027,biomass\25112025.csv,25112025
2025-11-25 16:46:17.912,959,534.994196,485.298759,408.02838,286.737656,277.425522,biomass\25112025.csv,25112025
2025-11-25 16:46:27.912,960,533.633856,494.685346,407.883167,287.246755,277.006126,biomass\25112025.csv,25112025
2025-11-25 16:46:37.912,961,532.201019,482.949445,407.074406,286.625894,276.820318,biomass\25112025.csv,25112025
2025-11-25 16:46:47.912,962,530.992308,484.458484,406.017447,286.84748,279.958065,biomass\25112025.csv,25112025
2025-11-25 16:46:57.912,963,527.952057,479.140913,405.16005,286.064147,276.804673,biomass\25112025.csv,25112025
2025-11-25 16:47:07.912,964,526.964048,486.938627,405.168921,285.836615,273.607451,biomass\25112025.csv,25112025
2025-11-25 16:47:17.912,965,525.860709,481.172192,404.062155,285.848676,273.834163,biomass\25112025.csv,25112025
2025-11-25 16:47:27.912,966,523.98474,468.772822,402.675088,284.982298,270.874863,biomass\25112025.csv,25112025
2025-11-25 16:47:37.912,967,522.544062,463.938094,402.34218,285.493749,274.182093,biomass\25112025.csv,25112025
2025-11-25 16:47:47.912,968,521.160457,466.723926,401.12071,284.514721,267.667914,biomass\25112025.csv,25112025
2025-11-25 16:47:57.912,969,519.722139,464.729912,400.745584,284.630672,268.997533,biomass\25112025.csv,25112025
2025-11-25 16:48:07.912,970,518.751519,462.302111,399.598142,284.601458,268.028513,biomass\25112025.csv,25112025
2025-11-25 16:48:17.912,971,517.138216,461.798364,398.18222,283.498824,268.515844,biomass\25112025.csv,25112025
2025-11-25 16:48:27.912,972,515.20629,469.100378,399.001213,284.116627,266.562243,biomass\25112025.csv,25112025
2025-11-25 16:48:37.912,973,514.176722,457.278835,397.61975,282.808837,264.405252,biomass\25112025.csv,25112025
2025-11-25 16:48:47.912,974,512.864023,466.481447,397.799963,283.588901,265.360377,biomass\25112025.csv,25112025
2025-11-25 16:48:57.912,975,512.202697,470.547822,396.768924,283.000225,265.73119,biomass\25112025.csv,25112025
2025-11-25 16:49:07.912,976,511.333511,472.029488,399.555596,285.698472,281.858576,biomass\25112025.csv,25112025
