Address,USB0::0x2A8D::0x5101::MY58027919::0::INSTR,,,,,,,,,,,,,,,,,,,,,
Model,DAQ970A,,,,,,,,,,,,,,,,,,,,,
Serial Number:,MY58027919,,,,,,,,,,,,,,,,,,,,,
Firmware Version,A.02.03-01.00-02.01-00.02-02.00-03-02,,,,,,,,,,,,,,,,,,,,,
Start Time,2025-11-21 13:39:21.884,,,,,,,,,,,,,,,,,,,,,
Stop Time,2025-11-21 14:25:30.951,,,,,,,,,,,,,,,,,,,,,
Data Log Stopped,,,,,,,,,,,,,,,,,,,,,,
,,,,,,,,,,,,,,,,,,,,,,
Instrument Configuration,,,,,,,,,,,,,,,,,,,,,,
Modules,4,Slot 0,SCD,Slot 1,DAQM901A,Slot 4,DAQ970A Computed Channels,Slot 10,Virtual Digitizer Channels,,,,,,,,,,,,,
Total Channels,1,,,,,,,,,,,,,,,,,,,,,
,,,,,,,,,,,,,,,,,,,,,,
Channel Configuration,,,,,,,,,,,,,,,,,,,,,,
Channels,Name,Function,Range/Arg1,Res/Arg2,NPLC,Channel Delay (Seconds),Scale,Function,Gain (M),Offset (B),Label,Test,Low,High,Delta,After N,Alarm,,,,,
101,,Temp (Type K),None,C,1,0.0006,False,SCAL,1,0,°C,Off,0,0,None,1,None,,,,,
,,,,,,,,,,,,,,,,,,,,,,
Relay Information,,,,,,,,,,,,,,,,,,,,,,
DAQ970A,,,,,,,,,,,,,,,,,,,,,,
Channel ID,,,,,,,,,,,,,,,,,,,,,,
Odometer,,,,,,,,,,,,,,,,,,,,,,
SCD,,,,,,,,,,,,,,,,,,,,,,
Channel ID,101,,,,,,,,,,,,,,,,,,,,,
Odometer,-1,,,,,,,,,,,,,,,,,,,,,
DAQM901A,,,,,,,,,,,,,,,,,,,,,,
Channel ID,101,102,103,104,105,106,107,108,109,110,111,112,113,114,115,116,117,118,119,120,121,122
Odometer,-1,-1,-1,-1,-1,-1,-1,-1,-1,-1,-1,-1,-1,-1,-1,-1,-1,-1,-1,-1,-1,-1
Virtual Digitizer Channels,,,,,,,,,,,,,,,,,,,,,,
Channel ID,,,,,,,,,,,,,,,,,,,,,,
Odometer,,,,,,,,,,,,,,,,,,,,,,
,,,,,,,,,,,,,,,,,,,,,,
Scan Control Configuration,,,,,,,,,,,,,,,,,,,,,,
Start Data Logging,Immediately with Start Button,,,,,,,,,,,,,,,,,,,,,
Scan Interval,00:00:00:01.000,,,,,,,,,,,,,,,,,,,,,
Stop Data Logging,Immediately with Stop Button,,,,,,,,,,,,,,,,,,,,,
,,,,,,,,,,,,,,,,,,,,,,
Unstrained Infomation,,,,,,,,,,,,,,,,,,,,,,
Channels,Offset,Units,,,,,,,,,,,,,,,,,,,,
-,-,,,,,,,,,,,,,,,,,,,,,
,,,,,,,,,,,,,,,,,,,,,,
Calibration,,,,,,,,,,,,,,,,,,,,,,
Calibration Date/Time:,-,,,,,,,,,,,,,,,,,,,,,
Calibration Temperature:,-,,,,,,,,,,,,,,,,,,,,,
,,,,,,,,,,,,,,,,,,,,,,
Auto Calibration ,,,,,,,,,,,,,,,,,,,,,,
ACAL Date/Time:,-,,,,,,,,,,,,,,,,,,,,,
ACAL Temperature:,-,,,,,,,,,,,,,,,,,,,,,
,,,,,,,,,,,,,,,,,,,,,,
User Description,,,,,,,,,,,,,,,,,,,,,,
,,,,,,,,,,,,,,,,,,,,,,
,,,,,,,,,,,,,,,,,,,,,,
Scan Sweep Time (Sec),Scan Number,101Time (Sec),101 (°C),,,,,,,,,,,,,,,,,,,
2025-11-21 13:39:21.958,1,2025-11-21 13:39:21.958,23.6057955,,,,,,,,,,,,,,,,,,,
2025-11-21 13:39:22.951,2,2025-11-21 13:39:22.951,23.5948337,,,,,,,,,,,,,,,,,,,
2025-11-21 13:39:23.951,3,2025-11-21 13:39:23.951,23.6084687,,,,,,,,,,,,,,,,,,,
2025-11-21 13:39:24.951,4,2025-11-21 13:39:24.951,23.6003236,,,,,,,,,,,,,,,,,,,
2025-11-21 13:39:25.951,5,2025-11-21 13:39:25.951,23.5972112,,,,,,,,,,,,,,,,,,,
2025-11-21 13:39:26.951,6,2025-11-21 13:39:26.951,23.6068107,,,,,,,,,,,,,,,,,,,
2025-11-21 13:39:27.951,7,2025-11-21 13:39:27.951,23.6047993,,,,,,,,,,,,,,,,,,,
2025-11-21 13:39:28.951,8,2025-11-21 13:39:28.951,23.6112257,,,,,,,,,,,,,,,,,,,
2025-11-21 13:39:29.951,9,2025-11-21 13:39:29.951,23.5964188,,,,,,,,,,,,,,,,,,,
2025-11-21 13:39:30.951,10,2025-11-21 13:39:30.951,23.6020175,,,,,,,,,,,,,,,,,,,
2025-11-21 13:39:31.951,11,2025-11-21 13:39:31.951,23.6003962,,,,,,,,,,,,,,,,,,,
2025-11-21 13:39:32.951,12,2025-11-21 13:39:32.951,23.6131399,,,,,,,,,,,,,,,,,,,
2025-11-21 13:39:33.951,13,2025-11-21 13:39:33.951,23.604079,,,,,,,,,,,,,,,,,,,
2025-11-21 13:39:34.951,14,2025-11-21 13:39:34.951,23.6011302,,,,,,,,,,,,,,,,,,,
2025-11-21 13:39:35.951,15,2025-11-21 13:39:35.951,23.591704,,,,,,,,,,,,,,,,,,,
2025-11-21 13:39:36.951,16,2025-11-21 13:39:36.951,23.6125239,,,,,,,,,,,,,,,,,,,
2025-11-21 13:39:37.951,17,2025-11-21 13:39:37.951,23.5887506,,,,,,,,,,,,,,,,,,,
2025-11-21 13:39:38.951,18,2025-11-21 13:39:38.951,23.6078174,,,,,,,,,,,,,,,,,,,
2025-11-21 13:39:39.951,19,2025-11-21 13:39:39.951,23.6130712,,,,,,,,,,,,,,,,,,,
2025-11-21 13:39:40.951,20,2025-11-21 13:39:40.951,23.5973324,,,,,,,,,,,,,,,,,,,
2025-11-21 13:39:41.951,21,2025-11-21 13:39:41.951,23.5855888,,,,,,,,,,,,,,,,,,,
2025-11-21 13:39:42.951,22,2025-11-21 13:39:42.951,23.6048416,,,,,,,,,,,,,,,,,,,
2025-11-21 13:39:43.951,23,2025-11-21 13:39:43.951,23.6023211,,,,,,,,,,,,,,,,,,,
2025-11-21 13:39:44.951,24,2025-11-21 13:39:44.951,23.5890427,,,,,,,,,,,,,,,,,,,
2025-11-21 13:39:45.951,25,2025-11-21 13:39:45.951,23.5960715,,,,,,,,,,,,,,,,,,,
2025-11-21 13:39:46.951,26,2025-11-21 13:39:46.951,23.5959335,,,,,,,,,,,,,,,,,,,
2025-11-21 13:39:47.951,27,2025-11-21 13:39:47.951,23.6052973,,,,,,,,,,,,,,,,,,,
2025-11-21 13:39:48.951,28,2025-11-21 13:39:48.951,23.5982751,,,,,,,,,,,,,,,,,,,
2025-11-21 13:39:49.951,29,2025-11-21 13:39:49.951,23.5964702,,,,,,,,,,,,,,,,,,,
2025-11-21 13:39:50.951,30,2025-11-21 13:39:50.951,23.5801041,,,,,,,,,,,,,,,,,,,
2025-11-21 13:39:51.951,31,2025-11-21 13:39:51.951,23.6088855,,,,,,,,,,,,,,,,,,,
2025-11-21 13:39:52.951,32,2025-11-21 13:39:52.951,23.578851,,,,,,,,,,,,,,,,,,,
2025-11-21 13:39:53.951,33,2025-11-21 13:39:53.951,23.5688834,,,,,,,,,,,,,,,,,,,
2025-11-21 13:39:54.951,34,2025-11-21 13:39:54.951,23.5982636,,,,,,,,,,,,,,,,,,,
2025-11-21 13:39:55.951,35,2025-11-21 13:39:55.951,23.5942632,,,,,,,,,,,,,,,,,,,
2025-11-21 13:39:56.951,36,2025-11-21 13:39:56.951,23.5944529,,,,,,,,,,,,,,,,,,,
2025-11-21 13:39:57.951,37,2025-11-21 13:39:57.951,23.5979938,,,,,,,,,,,,,,,,,,,
2025-11-21 13:39:58.951,38,2025-11-21 13:39:58.951,23.5792142,,,,,,,,,,,,,,,,,,,
2025-11-21 13:39:59.951,39,2025-11-21 13:39:59.951,23.5794092,,,,,,,,,,,,,,,,,,,
2025-11-21 13:40:00.951,40,2025-11-21 13:40:00.951,23.5838641,,,,,,,,,,,,,,,,,,,
2025-11-21 13:40:01.951,41,2025-11-21 13:40:01.951,23.5866862,,,,,,,,,,,,,,,,,,,
2025-11-21 13:40:02.951,42,2025-11-21 13:40:02.951,23.5619344,,,,,,,,,,,,,,,,,,,
2025-11-21 13:40:03.951,43,2025-11-21 13:40:03.951,23.5804383,,,,,,,,,,,,,,,,,,,
2025-11-21 13:40:04.951,44,2025-11-21 13:40:04.951,23.5751807,,,,,,,,,,,,,,,,,,,
2025-11-21 13:40:05.951,45,2025-11-21 13:40:05.951,23.5678844,,,,,,,,,,,,,,,,,,,
2025-11-21 13:40:06.951,46,2025-11-21 13:40:06.951,23.5596301,,,,,,,,,,,,,,,,,,,
2025-11-21 13:40:07.951,47,2025-11-21 13:40:07.951,23.5654129,,,,,,,,,,,,,,,,,,,
2025-11-21 13:40:08.951,48,2025-11-21 13:40:08.951,23.5697049,,,,,,,,,,,,,,,,,,,
2025-11-21 13:40:09.951,49,2025-11-21 13:40:09.951,23.5589957,,,,,,,,,,,,,,,,,,,
2025-11-21 13:40:10.951,50,2025-11-21 13:40:10.951,23.5687892,,,,,,,,,,,,,,,,,,,
2025-11-21 13:40:11.951,51,2025-11-21 13:40:11.951,23.5397711,,,,,,,,,,,,,,,,,,,
2025-11-21 13:40:12.951,52,2025-11-21 13:40:12.951,23.5542133,,,,,,,,,,,,,,,,,,,
2025-11-21 13:40:13.951,53,2025-11-21 13:40:13.951,23.5500219,,,,,,,,,,,,,,,,,,,
2025-11-21 13:40:14.951,54,2025-11-21 13:40:14.951,23.551379,,,,,,,,,,,,,,,,,,,
2025-11-21 13:40:15.951,55,2025-11-21 13:40:15.951,23.5589385,,,,,,,,,,,,,,,,,,,
2025-11-21 13:40:16.951,56,2025-11-21 13:40:16.951,23.5662706,,,,,,,,,,,,,,,,,,,
2025-11-21 13:40:17.951,57,2025-11-21 13:40:17.951,23.5624824,,,,,,,,,,,,,,,,,,,
2025-11-21 13:40:18.951,58,2025-11-21 13:40:18.951,23.5462398,,,,,,,,,,,,,,,,,,,
2025-11-21 13:40:19.951,59,2025-11-21 13:40:19.951,23.5442677,,,,,,,,,,,,,,,,,,,
2025-11-21 13:40:20.951,60,2025-11-21 13:40:20.951,23.5458316,,,,,,,,,,,,,,,,,,,
2025-11-21 13:40:21.951,61,2025-11-21 13:40:21.951,23.5350589,,,,,,,,,,,,,,,,,,,
2025-11-21 13:40:22.951,62,2025-11-21 13:40:22.951,23.5289774,,,,,,,,,,,,,,,,,,,
2025-11-21 13:40:23.951,63,2025-11-21 13:40:23.951,23.5510402,,,,,,,,,,,,,,,,,,,
2025-11-21 13:40:24.951,64,2025-11-21 13:40:24.951,23.5504423,,,,,,,,,,,,,,,,,,,
2025-11-21 13:40:25.951,65,2025-11-21 13:40:25.951,23.5732938,,,,,,,,,,,,,,,,,,,
2025-11-21 13:40:26.951,66,2025-11-21 13:40:26.951,23.53705,,,,,,,,,,,,,,,,,,,
2025-11-21 13:40:27.951,67,2025-11-21 13:40:27.951,23.5377513,,,,,,,,,,,,,,,,,,,
2025-11-21 13:40:28.951,68,2025-11-21 13:40:28.951,23.5277887,,,,,,,,,,,,,,,,,,,
2025-11-21 13:40:29.951,69,2025-11-21 13:40:29.951,23.552904,,,,,,,,,,,,,,,,,,,
2025-11-21 13:40:30.951,70,2025-11-21 13:40:30.951,23.5162456,,,,,,,,,,,,,,,,,,,
2025-11-21 13:40:31.951,71,2025-11-21 13:40:31.951,23.5325933,,,,,,,,,,,,,,,,,,,
2025-11-21 13:40:32.951,72,2025-11-21 13:40:32.951,23.5408424,,,,,,,,,,,,,,,,,,,
2025-11-21 13:40:33.951,73,2025-11-21 13:40:33.951,23.5446766,,,,,,,,,,,,,,,,,,,
2025-11-21 13:40:34.951,74,2025-11-21 13:40:34.951,23.5347949,,,,,,,,,,,,,,,,,,,
2025-11-21 13:40:35.951,75,2025-11-21 13:40:35.951,23.5280117,,,,,,,,,,,,,,,,,,,
2025-11-21 13:40:36.951,76,2025-11-21 13:40:36.951,23.5440866,,,,,,,,,,,,,,,,,,,
2025-11-21 13:40:37.951,77,2025-11-21 13:40:37.951,23.5245186,,,,,,,,,,,,,,,,,,,
2025-11-21 13:40:38.951,78,2025-11-21 13:40:38.951,23.5354798,,,,,,,,,,,,,,,,,,,
2025-11-21 13:40:39.951,79,2025-11-21 13:40:39.951,23.5356975,,,,,,,,,,,,,,,,,,,
2025-11-21 13:40:40.951,80,2025-11-21 13:40:40.951,23.5306962,,,,,,,,,,,,,,,,,,,
2025-11-21 13:40:41.951,81,2025-11-21 13:40:41.951,23.5211873,,,,,,,,,,,,,,,,,,,
2025-11-21 13:40:42.951,82,2025-11-21 13:40:42.951,23.5117998,,,,,,,,,,,,,,,,,,,
2025-11-21 13:40:43.951,83,2025-11-21 13:40:43.951,23.5247921,,,,,,,,,,,,,,,,,,,
2025-11-21 13:40:44.951,84,2025-11-21 13:40:44.951,23.5173538,,,,,,,,,,,,,,,,,,,
2025-11-21 13:40:45.951,85,2025-11-21 13:40:45.951,23.5120708,,,,,,,,,,,,,,,,,,,
2025-11-21 13:40:46.951,86,2025-11-21 13:40:46.951,23.5152843,,,,,,,,,,,,,,,,,,,
2025-11-21 13:40:47.951,87,2025-11-21 13:40:47.951,23.5088059,,,,,,,,,,,,,,,,,,,
2025-11-21 13:40:48.951,88,2025-11-21 13:40:48.951,23.527943,,,,,,,,,,,,,,,,,,,
2025-11-21 13:40:49.951,89,2025-11-21 13:40:49.951,23.5251209,,,,,,,,,,,,,,,,,,,
2025-11-21 13:40:50.951,90,2025-11-21 13:40:50.951,23.5373772,,,,,,,,,,,,,,,,,,,
2025-11-21 13:40:51.951,91,2025-11-21 13:40:51.951,23.5150468,,,,,,,,,,,,,,,,,,,
2025-11-21 13:40:52.951,92,2025-11-21 13:40:52.951,23.5258859,,,,,,,,,,,,,,,,,,,
2025-11-21 13:40:53.951,93,2025-11-21 13:40:53.951,23.5442754,,,,,,,,,,,,,,,,,,,
2025-11-21 13:40:54.951,94,2025-11-21 13:40:54.951,23.534349,,,,,,,,,,,,,,,,,,,
2025-11-21 13:40:55.951,95,2025-11-21 13:40:55.951,23.5256227,,,,,,,,,,,,,,,,,,,
2025-11-21 13:40:56.951,96,2025-11-21 13:40:56.951,23.5243966,,,,,,,,,,,,,,,,,,,
2025-11-21 13:40:57.951,97,2025-11-21 13:40:57.951,23.505886,,,,,,,,,,,,,,,,,,,
2025-11-21 13:40:58.951,98,2025-11-21 13:40:58.951,23.5154633,,,,,,,,,,,,,,,,,,,
2025-11-21 13:40:59.951,99,2025-11-21 13:40:59.951,23.5078061,,,,,,,,,,,,,,,,,,,
2025-11-21 13:41:00.951,100,2025-11-21 13:41:00.951,23.5086663,,,,,,,,,,,,,,,,,,,
2025-11-21 13:41:01.951,101,2025-11-21 13:41:01.951,23.5065853,,,,,,,,,,,,,,,,,,,
2025-11-21 13:41:02.951,102,2025-11-21 13:41:02.951,23.5451299,,,,,,,,,,,,,,,,,,,
2025-11-21 13:41:03.951,103,2025-11-21 13:41:03.951,23.5229578,,,,,,,,,,,,,,,,,,,
2025-11-21 13:41:04.951,104,2025-11-21 13:41:04.951,23.5256674,,,,,,,,,,,,,,,,,,,
2025-11-21 13:41:05.951,105,2025-11-21 13:41:05.951,23.5319621,,,,,,,,,,,,,,,,,,,
2025-11-21 13:41:06.951,106,2025-11-21 13:41:06.951,23.5168655,,,,,,,,,,,,,,,,,,,
2025-11-21 13:41:07.951,107,2025-11-21 13:41:07.951,23.5134623,,,,,,,,,,,,,,,,,,,
2025-11-21 13:41:08.951,108,2025-11-21 13:41:08.951,23.5172781,,,,,,,,,,,,,,,,,,,
2025-11-21 13:41:09.951,109,2025-11-21 13:41:09.951,23.5271197,,,,,,,,,,,,,,,,,,,
2025-11-21 13:41:10.951,110,2025-11-21 13:41:10.951,23.5061602,,,,,,,,,,,,,,,,,,,
2025-11-21 13:41:11.951,111,2025-11-21 13:41:11.951,23.5181634,,,,,,,,,,,,,,,,,,,
2025-11-21 13:41:12.951,112,2025-11-21 13:41:12.951,23.513048,,,,,,,,,,,,,,,,,,,
2025-11-21 13:41:13.951,113,2025-11-21 13:41:13.951,23.5347489,,,,,,,,,,,,,,,,,,,
2025-11-21 13:41:14.951,114,2025-11-21 13:41:14.951,23.5098932,,,,,,,,,,,,,,,,,,,
2025-11-21 13:41:15.951,115,2025-11-21 13:41:15.951,23.5098932,,,,,,,,,,,,,,,,,,,
2025-11-21 13:41:16.951,116,2025-11-21 13:41:16.951,23.5150141,,,,,,,,,,,,,,,,,,,
2025-11-21 13:41:17.951,117,2025-11-21 13:41:17.951,23.5087287,,,,,,,,,,,,,,,,,,,
2025-11-21 13:41:18.951,118,2025-11-21 13:41:18.951,23.5059923,,,,,,,,,,,,,,,,,,,
2025-11-21 13:41:19.951,119,2025-11-21 13:41:19.951,23.5194758,,,,,,,,,,,,,,,,,,,
2025-11-21 13:41:20.951,120,2025-11-21 13:41:20.951,23.5213371,,,,,,,,,,,,,,,,,,,
2025-11-21 13:41:21.951,121,2025-11-21 13:41:21.951,23.5200207,,,,,,,,,,,,,,,,,,,
2025-11-21 13:41:22.951,122,2025-11-21 13:41:22.951,23.5239014,,,,,,,,,,,,,,,,,,,
2025-11-21 13:41:23.951,123,2025-11-21 13:41:23.951,23.5235733,,,,,,,,,,,,,,,,,,,
2025-11-21 13:41:24.951,124,2025-11-21 13:41:24.951,23.5205208,,,,,,,,,,,,,,,,,,,
2025-11-21 13:41:25.951,125,2025-11-21 13:41:25.951,23.5113189,,,,,,,,,,,,,,,,,,,
2025-11-21 13:41:26.951,126,2025-11-21 13:41:26.951,23.5210283,,,,,,,,,,,,,,,,,,,
2025-11-21 13:41:27.951,127,2025-11-21 13:41:27.951,23.5068345,,,,,,,,,,,,,,,,,,,
2025-11-21 13:41:28.951,128,2025-11-21 13:41:28.951,23.500281,,,,,,,,,,,,,,,,,,,
2025-11-21 13:41:29.951,129,2025-11-21 13:41:29.951,23.5000112,,,,,,,,,,,,,,,,,,,
2025-11-21 13:41:30.951,130,2025-11-21 13:41:30.951,23.5093184,,,,,,,,,,,,,,,,,,,
2025-11-21 13:41:31.951,131,2025-11-21 13:41:31.951,23.5214442,,,,,,,,,,,,,,,,,,,
2025-11-21 13:41:32.951,132,2025-11-21 13:41:32.951,23.5283425,,,,,,,,,,,,,,,,,,,
2025-11-21 13:41:33.951,133,2025-11-21 13:41:33.951,23.5013859,,,,,,,,,,,,,,,,,,,
2025-11-21 13:41:34.951,134,2025-11-21 13:41:34.951,23.5041338,,,,,,,,,,,,,,,,,,,
2025-11-21 13:41:35.951,135,2025-11-21 13:41:35.951,23.5039083,,,,,,,,,,,,,,,,,,,
2025-11-21 13:41:36.951,136,2025-11-21 13:41:36.951,23.5034944,,,,,,,,,,,,,,,,,,,
2025-11-21 13:41:37.951,137,2025-11-21 13:41:37.951,23.5187498,,,,,,,,,,,,,,,,,,,
2025-11-21 13:41:38.951,138,2025-11-21 13:41:38.951,23.5161112,,,,,,,,,,,,,,,,,,,
2025-11-21 13:41:39.951,139,2025-11-21 13:41:39.951,23.5086745,,,,,,,,,,,,,,,,,,,
2025-11-21 13:41:40.951,140,2025-11-21 13:41:40.951,23.4903074,,,,,,,,,,,,,,,,,,,
2025-11-21 13:41:41.951,141,2025-11-21 13:41:41.951,23.4971077,,,,,,,,,,,,,,,,,,,
2025-11-21 13:41:42.951,142,2025-11-21 13:41:42.951,23.4926467,,,,,,,,,,,,,,,,,,,
2025-11-21 13:41:43.951,143,2025-11-21 13:41:43.951,23.5034994,,,,,,,,,,,,,,,,,,,
2025-11-21 13:41:44.951,144,2025-11-21 13:41:44.951,23.5102365,,,,,,,,,,,,,,,,,,,
2025-11-21 13:41:45.951,145,2025-11-21 13:41:45.951,23.5000728,,,,,,,,,,,,,,,,,,,
2025-11-21 13:41:46.951,146,2025-11-21 13:41:46.951,23.5020323,,,,,,,,,,,,,,,,,,,
2025-11-21 13:41:47.951,147,2025-11-21 13:41:47.951,23.5113567,,,,,,,,,,,,,,,,,,,
2025-11-21 13:41:48.951,148,2025-11-21 13:41:48.951,23.5011815,,,,,,,,,,,,,,,,,,,
2025-11-21 13:41:49.951,149,2025-11-21 13:41:49.951,23.4901152,,,,,,,,,,,,,,,,,,,
2025-11-21 13:41:50.951,150,2025-11-21 13:41:50.951,23.493989,,,,,,,,,,,,,,,,,,,
2025-11-21 13:41:51.951,151,2025-11-21 13:41:51.951,23.4794159,,,,,,,,,,,,,,,,,,,
2025-11-21 13:41:52.951,152,2025-11-21 13:41:52.951,23.5226761,,,,,,,,,,,,,,,,,,,
2025-11-21 13:41:53.951,153,2025-11-21 13:41:53.951,23.4988421,,,,,,,,,,,,,,,,,,,
2025-11-21 13:41:54.951,154,2025-11-21 13:41:54.951,23.5007277,,,,,,,,,,,,,,,,,,,
2025-11-21 13:41:55.951,155,2025-11-21 13:41:55.951,23.4894717,,,,,,,,,,,,,,,,,,,
2025-11-21 13:41:56.951,156,2025-11-21 13:41:56.951,23.4823005,,,,,,,,,,,,,,,,,,,
2025-11-21 13:41:57.951,157,2025-11-21 13:41:57.951,23.4945285,,,,,,,,,,,,,,,,,,,
2025-11-21 13:41:58.951,158,2025-11-21 13:41:58.951,23.4970349,,,,,,,,,,,,,,,,,,,
2025-11-21 13:41:59.951,159,2025-11-21 13:41:59.951,23.5061869,,,,,,,,,,,,,,,,,,,
2025-11-21 13:42:00.951,160,2025-11-21 13:42:00.951,23.4860557,,,,,,,,,,,,,,,,,,,
2025-11-21 13:42:01.951,161,2025-11-21 13:42:01.951,23.5110794,,,,,,,,,,,,,,,,,,,
2025-11-21 13:42:02.951,162,2025-11-21 13:42:02.951,23.4919133,,,,,,,,,,,,,,,,,,,
2025-11-21 13:42:03.951,163,2025-11-21 13:42:03.951,23.5043198,,,,,,,,,,,,,,,,,,,
2025-11-21 13:42:04.951,164,2025-11-21 13:42:04.951,23.496541,,,,,,,,,,,,,,,,,,,
2025-11-21 13:42:05.951,165,2025-11-21 13:42:05.951,23.4939886,,,,,,,,,,,,,,,,,,,
2025-11-21 13:42:06.951,166,2025-11-21 13:42:06.951,23.4825095,,,,,,,,,,,,,,,,,,,
2025-11-21 13:42:07.951,167,2025-11-21 13:42:07.951,23.4965998,,,,,,,,,,,,,,,,,,,
2025-11-21 13:42:08.951,168,2025-11-21 13:42:08.951,23.4871319,,,,,,,,,,,,,,,,,,,
2025-11-21 13:42:09.951,169,2025-11-21 13:42:09.951,23.5143061,,,,,,,,,,,,,,,,,,,
2025-11-21 13:42:10.951,170,2025-11-21 13:42:10.951,23.4976087,,,,,,,,,,,,,,,,,,,
2025-11-21 13:42:11.951,171,2025-11-21 13:42:11.951,23.5125368,,,,,,,,,,,,,,,,,,,
2025-11-21 13:42:12.951,172,2025-11-21 13:42:12.951,23.4904153,,,,,,,,,,,,,,,,,,,
2025-11-21 13:42:13.951,173,2025-11-21 13:42:13.951,23.48001,,,,,,,,,,,,,,,,,,,
2025-11-21 13:42:14.951,174,2025-11-21 13:42:14.951,23.4959284,,,,,,,,,,,,,,,,,,,
2025-11-21 13:42:15.951,175,2025-11-21 13:42:15.951,23.4991945,,,,,,,,,,,,,,,,,,,
2025-11-21 13:42:16.951,176,2025-11-21 13:42:16.951,23.4948772,,,,,,,,,,,,,,,,,,,
2025-11-21 13:42:17.951,177,2025-11-21 13:42:17.951,23.4893249,,,,,,,,,,,,,,,,,,,
2025-11-21 13:42:18.951,178,2025-11-21 13:42:18.951,23.4735156,,,,,,,,,,,,,,,,,,,
2025-11-21 13:42:19.951,179,2025-11-21 13:42:19.951,23.500626,,,,,,,,,,,,,,,,,,,
2025-11-21 13:42:20.951,180,2025-11-21 13:42:20.951,23.4959868,,,,,,,,,,,,,,,,,,,
2025-11-21 13:42:21.951,181,2025-11-21 13:42:21.951,23.4903755,,,,,,,,,,,,,,,,,,,
2025-11-21 13:42:22.951,182,2025-11-21 13:42:22.951,23.4752677,,,,,,,,,,,,,,,,,,,
2025-11-21 13:42:23.951,183,2025-11-21 13:42:23.951,23.4854993,,,,,,,,,,,,,,,,,,,
2025-11-21 13:42:24.951,184,2025-11-21 13:42:24.951,23.4861374,,,,,,,,,,,,,,,,,,,
2025-11-21 13:42:25.951,185,2025-11-21 13:42:25.951,23.4753182,,,,,,,,,,,,,,,,,,,
2025-11-21 13:42:26.951,186,2025-11-21 13:42:26.951,23.4888932,,,,,,,,,,,,,,,,,,,
2025-11-21 13:42:27.951,187,2025-11-21 13:42:27.951,23.4782982,,,,,,,,,,,,,,,,,,,
2025-11-21 13:42:28.951,188,2025-11-21 13:42:28.951,23.4822159,,,,,,,,,,,,,,,,,,,
2025-11-21 13:42:29.951,189,2025-11-21 13:42:29.951,23.4887235,,,,,,,,,,,,,,,,,,,
2025-11-21 13:42:30.951,190,2025-11-21 13:42:30.951,23.4667543,,,,,,,,,,,,,,,,,,,
2025-11-21 13:42:31.951,191,2025-11-21 13:42:31.951,23.4554092,,,,,,,,,,,,,,,,,,,
2025-11-21 13:42:32.951,192,2025-11-21 13:42:32.951,23.4795775,,,,,,,,,,,,,,,,,,,
2025-11-21 13:42:33.951,193,2025-11-21 13:42:33.951,23.480857,,,,,,,,,,,,,,,,,,,
2025-11-21 13:42:34.951,194,2025-11-21 13:42:34.951,23.4817769,,,,,,,,,,,,,,,,,,,
2025-11-21 13:42:35.951,195,2025-11-21 13:42:35.951,23.4850735,,,,,,,,,,,,,,,,,,,
2025-11-21 13:42:36.951,196,2025-11-21 13:42:36.951,23.4882677,,,,,,,,,,,,,,,,,,,
2025-11-21 13:42:37.951,197,2025-11-21 13:42:37.951,23.4941716,,,,,,,,,,,,,,,,,,,
2025-11-21 13:42:38.951,198,2025-11-21 13:42:38.951,23.4726358,,,,,,,,,,,,,,,,,,,
2025-11-21 13:42:39.951,199,2025-11-21 13:42:39.951,23.4573955,,,,,,,,,,,,,,,,,,,
2025-11-21 13:42:40.951,200,2025-11-21 13:42:40.951,23.4478362,,,,,,,,,,,,,,,,,,,
2025-11-21 13:42:41.951,201,2025-11-21 13:42:41.951,23.4610876,,,,,,,,,,,,,,,,,,,
2025-11-21 13:42:42.951,202,2025-11-21 13:42:42.951,23.4620813,,,,,,,,,,,,,,,,,,,
2025-11-21 13:42:43.951,203,2025-11-21 13:42:43.951,23.4613109,,,,,,,,,,,,,,,,,,,
2025-11-21 13:42:44.951,204,2025-11-21 13:42:44.951,23.46935,,,,,,,,,,,,,,,,,,,
2025-11-21 13:42:45.951,205,2025-11-21 13:42:45.951,23.4597033,,,,,,,,,,,,,,,,,,,
2025-11-21 13:42:46.951,206,2025-11-21 13:42:46.951,23.4474231,,,,,,,,,,,,,,,,,,,
2025-11-21 13:42:47.951,207,2025-11-21 13:42:47.951,23.4612149,,,,,,,,,,,,,,,,,,,
2025-11-21 13:42:48.951,208,2025-11-21 13:42:48.951,23.4525291,,,,,,,,,,,,,,,,,,,
2025-11-21 13:42:49.951,209,2025-11-21 13:42:49.951,23.469086,,,,,,,,,,,,,,,,,,,
2025-11-21 13:42:50.951,210,2025-11-21 13:42:50.951,23.4669629,,,,,,,,,,,,,,,,,,,
2025-11-21 13:42:51.951,211,2025-11-21 13:42:51.951,23.4468704,,,,,,,,,,,,,,,,,,,
2025-11-21 13:42:52.951,212,2025-11-21 13:42:52.951,23.4557246,,,,,,,,,,,,,,,,,,,
2025-11-21 13:42:53.951,213,2025-11-21 13:42:53.951,23.473368,,,,,,,,,,,,,,,,,,,
2025-11-21 13:42:54.951,214,2025-11-21 13:42:54.951,23.4796121,,,,,,,,,,,,,,,,,,,
2025-11-21 13:42:55.951,215,2025-11-21 13:42:55.951,23.4864877,,,,,,,,,,,,,,,,,,,
2025-11-21 13:42:56.951,216,2025-11-21 13:42:56.951,23.4790717,,,,,,,,,,,,,,,,,,,
2025-11-21 13:42:57.951,217,2025-11-21 13:42:57.951,23.4620723,,,,,,,,,,,,,,,,,,,
2025-11-21 13:42:58.951,218,2025-11-21 13:42:58.951,23.4660369,,,,,,,,,,,,,,,,,,,
2025-11-21 13:42:59.951,219,2025-11-21 13:42:59.951,23.4609952,,,,,,,,,,,,,,,,,,,
2025-11-21 13:43:00.951,220,2025-11-21 13:43:00.951,23.4690091,,,,,,,,,,,,,,,,,,,
2025-11-21 13:43:01.951,221,2025-11-21 13:43:01.951,23.4885634,,,,,,,,,,,,,,,,,,,
2025-11-21 13:43:02.951,222,2025-11-21 13:43:02.951,23.4879483,,,,,,,,,,,,,,,,,,,
2025-11-21 13:43:03.951,223,2025-11-21 13:43:03.951,23.4697873,,,,,,,,,,,,,,,,,,,
2025-11-21 13:43:04.951,224,2025-11-21 13:43:04.951,23.4805262,,,,,,,,,,,,,,,,,,,
2025-11-21 13:43:05.951,225,2025-11-21 13:43:05.951,23.4780229,,,,,,,,,,,,,,,,,,,
2025-11-21 13:43:06.951,226,2025-11-21 13:43:06.951,23.4824113,,,,,,,,,,,,,,,,,,,
2025-11-21 13:43:07.951,227,2025-11-21 13:43:07.951,23.486493,,,,,,,,,,,,,,,,,,,
2025-11-21 13:43:08.951,228,2025-11-21 13:43:08.951,23.4972649,,,,,,,,,,,,,,,,,,,
2025-11-21 13:43:09.951,229,2025-11-21 13:43:09.951,23.480267,,,,,,,,,,,,,,,,,,,
2025-11-21 13:43:10.951,230,2025-11-21 13:43:10.951,23.4856249,,,,,,,,,,,,,,,,,,,
2025-11-21 13:43:11.951,231,2025-11-21 13:43:11.951,23.5007388,,,,,,,,,,,,,,,,,,,
2025-11-21 13:43:12.951,232,2025-11-21 13:43:12.951,23.4946222,,,,,,,,,,,,,,,,,,,
2025-11-21 13:43:13.951,233,2025-11-21 13:43:13.951,23.4804634,,,,,,,,,,,,,,,,,,,
2025-11-21 13:43:14.951,234,2025-11-21 13:43:14.951,23.4967726,,,,,,,,,,,,,,,,,,,
2025-11-21 13:43:15.951,235,2025-11-21 13:43:15.951,23.4998921,,,,,,,,,,,,,,,,,,,
2025-11-21 13:43:16.951,236,2025-11-21 13:43:16.951,23.4935052,,,,,,,,,,,,,,,,,,,
2025-11-21 13:43:17.951,237,2025-11-21 13:43:17.951,23.5070147,,,,,,,,,,,,,,,,,,,
2025-11-21 13:43:18.951,238,2025-11-21 13:43:18.951,23.4982041,,,,,,,,,,,,,,,,,,,
2025-11-21 13:43:19.951,239,2025-11-21 13:43:19.951,23.5092703,,,,,,,,,,,,,,,,,,,
2025-11-21 13:43:20.951,240,2025-11-21 13:43:20.951,23.519541,,,,,,,,,,,,,,,,,,,
2025-11-21 13:43:21.986,241,2025-11-21 13:43:21.986,23.4894983,,,,,,,,,,,,,,,,,,,
2025-11-21 13:43:22.951,242,2025-11-21 13:43:22.951,23.4998978,,,,,,,,,,,,,,,,,,,
2025-11-21 13:43:23.951,243,2025-11-21 13:43:23.951,23.5166968,,,,,,,,,,,,,,,,,,,
2025-11-21 13:43:24.951,244,2025-11-21 13:43:24.951,23.4949955,,,,,,,,,,,,,,,,,,,
2025-11-21 13:43:25.951,245,2025-11-21 13:43:25.951,23.4960728,,,,,,,,,,,,,,,,,,,
2025-11-21 13:43:26.951,246,2025-11-21 13:43:26.951,23.4893985,,,,,,,,,,,,,,,,,,,
2025-11-21 13:43:27.951,247,2025-11-21 13:43:27.951,23.4910829,,,,,,,,,,,,,,,,,,,
2025-11-21 13:43:28.951,248,2025-11-21 13:43:28.951,23.4872731,,,,,,,,,,,,,,,,,,,
2025-11-21 13:43:29.951,249,2025-11-21 13:43:29.951,23.4881584,,,,,,,,,,,,,,,,,,,
2025-11-21 13:43:30.951,250,2025-11-21 13:43:30.951,23.4825206,,,,,,,,,,,,,,,,,,,
2025-11-21 13:43:31.951,251,2025-11-21 13:43:31.951,23.4937927,,,,,,,,,,,,,,,,,,,
2025-11-21 13:43:32.951,252,2025-11-21 13:43:32.951,23.5058477,,,,,,,,,,,,,,,,,,,
2025-11-21 13:43:33.951,253,2025-11-21 13:43:33.951,23.5055948,,,,,,,,,,,,,,,,,,,
2025-11-21 13:43:34.951,254,2025-11-21 13:43:34.951,23.5115132,,,,,,,,,,,,,,,,,,,
2025-11-21 13:43:35.951,255,2025-11-21 13:43:35.951,23.4938647,,,,,,,,,,,,,,,,,,,
2025-11-21 13:43:36.951,256,2025-11-21 13:43:36.951,23.5043273,,,,,,,,,,,,,,,,,,,
2025-11-21 13:43:37.951,257,2025-11-21 13:43:37.951,23.491188,,,,,,,,,,,,,,,,,,,
2025-11-21 13:43:38.951,258,2025-11-21 13:43:38.951,23.4873536,,,,,,,,,,,,,,,,,,,
2025-11-21 13:43:39.951,259,2025-11-21 13:43:39.951,23.4941261,,,,,,,,,,,,,,,,,,,
2025-11-21 13:43:40.951,260,2025-11-21 13:43:40.951,23.4964026,,,,,,,,,,,,,,,,,,,
2025-11-21 13:43:41.951,261,2025-11-21 13:43:41.951,23.501174,,,,,,,,,,,,,,,,,,,
2025-11-21 13:43:42.951,262,2025-11-21 13:43:42.951,23.5010842,,,,,,,,,,,,,,,,,,,
2025-11-21 13:43:43.951,263,2025-11-21 13:43:43.951,23.5019292,,,,,,,,,,,,,,,,,,,
2025-11-21 13:43:44.951,264,2025-11-21 13:43:44.951,23.5158936,,,,,,,,,,,,,,,,,,,
2025-11-21 13:43:45.951,265,2025-11-21 13:43:45.951,23.501223,,,,,,,,,,,,,,,,,,,
2025-11-21 13:43:46.951,266,2025-11-21 13:43:46.951,23.5107482,,,,,,,,,,,,,,,,,,,
2025-11-21 13:43:47.951,267,2025-11-21 13:43:47.951,23.4959604,,,,,,,,,,,,,,,,,,,
2025-11-21 13:43:48.951,268,2025-11-21 13:43:48.951,23.4964203,,,,,,,,,,,,,,,,,,,
2025-11-21 13:43:49.951,269,2025-11-21 13:43:49.951,23.4964318,,,,,,,,,,,,,,,,,,,
2025-11-21 13:43:50.951,270,2025-11-21 13:43:50.951,23.5055294,,,,,,,,,,,,,,,,,,,
2025-11-21 13:43:51.951,271,2025-11-21 13:43:51.951,23.5052247,,,,,,,,,,,,,,,,,,,
2025-11-21 13:43:52.951,272,2025-11-21 13:43:52.951,23.491537,,,,,,,,,,,,,,,,,,,
2025-11-21 13:43:53.951,273,2025-11-21 13:43:53.951,23.4807638,,,,,,,,,,,,,,,,,,,
2025-11-21 13:43:54.951,274,2025-11-21 13:43:54.951,23.501105,,,,,,,,,,,,,,,,,,,
2025-11-21 13:43:55.951,275,2025-11-21 13:43:55.951,23.5070952,,,,,,,,,,,,,,,,,,,
2025-11-21 13:43:56.951,276,2025-11-21 13:43:56.951,23.5061878,,,,,,,,,,,,,,,,,,,
2025-11-21 13:43:57.951,277,2025-11-21 13:43:57.951,23.4810657,,,,,,,,,,,,,,,,,,,
2025-11-21 13:43:58.951,278,2025-11-21 13:43:58.951,23.5017095,,,,,,,,,,,,,,,,,,,
2025-11-21 13:43:59.951,279,2025-11-21 13:43:59.951,23.5007323,,,,,,,,,,,,,,,,,,,
2025-11-21 13:44:00.951,280,2025-11-21 13:44:00.951,23.5050565,,,,,,,,,,,,,,,,,,,
2025-11-21 13:44:01.951,281,2025-11-21 13:44:01.951,23.4882185,,,,,,,,,,,,,,,,,,,
2025-11-21 13:44:02.951,282,2025-11-21 13:44:02.951,23.5000999,,,,,,,,,,,,,,,,,,,
2025-11-21 13:44:03.951,283,2025-11-21 13:44:03.951,23.5031237,,,,,,,,,,,,,,,,,,,
2025-11-21 13:44:04.951,284,2025-11-21 13:44:04.951,23.5112298,,,,,,,,,,,,,,,,,,,
2025-11-21 13:44:05.951,285,2025-11-21 13:44:05.951,23.5037163,,,,,,,,,,,,,,,,,,,
2025-11-21 13:44:06.951,286,2025-11-21 13:44:06.951,23.4954554,,,,,,,,,,,,,,,,,,,
2025-11-21 13:44:07.951,287,2025-11-21 13:44:07.951,23.5116437,,,,,,,,,,,,,,,,,,,
2025-11-21 13:44:08.951,288,2025-11-21 13:44:08.951,23.52453,,,,,,,,,,,,,,,,,,,
2025-11-21 13:44:09.951,289,2025-11-21 13:44:09.951,23.4951773,,,,,,,,,,,,,,,,,,,
2025-11-21 13:44:10.951,290,2025-11-21 13:44:10.951,23.4901529,,,,,,,,,,,,,,,,,,,
2025-11-21 13:44:11.951,291,2025-11-21 13:44:11.951,23.4991727,,,,,,,,,,,,,,,,,,,
2025-11-21 13:44:12.951,292,2025-11-21 13:44:12.951,23.500058,,,,,,,,,,,,,,,,,,,
2025-11-21 13:44:13.951,293,2025-11-21 13:44:13.951,23.4954439,,,,,,,,,,,,,,,,,,,
2025-11-21 13:44:14.951,294,2025-11-21 13:44:14.951,23.5080681,,,,,,,,,,,,,,,,,,,
2025-11-21 13:44:15.951,295,2025-11-21 13:44:15.951,23.4918316,,,,,,,,,,,,,,,,,,,
2025-11-21 13:44:16.951,296,2025-11-21 13:44:16.951,23.49205,,,,,,,,,,,,,,,,,,,
2025-11-21 13:44:17.951,297,2025-11-21 13:44:17.951,23.4999373,,,,,,,,,,,,,,,,,,,
2025-11-21 13:44:18.951,298,2025-11-21 13:44:18.951,23.5089172,,,,,,,,,,,,,,,,,,,
2025-11-21 13:44:19.951,299,2025-11-21 13:44:19.951,23.4990388,,,,,,,,,,,,,,,,,,,
2025-11-21 13:44:20.951,300,2025-11-21 13:44:20.951,23.4924278,,,,,,,,,,,,,,,,,,,
2025-11-21 13:44:21.951,301,2025-11-21 13:44:21.951,23.4792311,,,,,,,,,,,,,,,,,,,
2025-11-21 13:44:22.951,302,2025-11-21 13:44:22.951,23.4879118,,,,,,,,,,,,,,,,,,,
2025-11-21 13:44:23.951,303,2025-11-21 13:44:23.951,23.4764947,,,,,,,,,,,,,,,,,,,
2025-11-21 13:44:24.951,304,2025-11-21 13:44:24.951,23.479328,,,,,,,,,,,,,,,,,,,
2025-11-21 13:44:25.951,305,2025-11-21 13:44:25.951,23.4821161,,,,,,,,,,,,,,,,,,,
2025-11-21 13:44:26.951,306,2025-11-21 13:44:26.951,23.4803512,,,,,,,,,,,,,,,,,,,
2025-11-21 13:44:27.951,307,2025-11-21 13:44:27.951,23.4645233,,,,,,,,,,,,,,,,,,,
2025-11-21 13:44:28.951,308,2025-11-21 13:44:28.951,23.476672,,,,,,,,,,,,,,,,,,,
2025-11-21 13:44:29.951,309,2025-11-21 13:44:29.951,23.4470191,,,,,,,,,,,,,,,,,,,
2025-11-21 13:44:30.951,310,2025-11-21 13:44:30.951,23.4515378,,,,,,,,,,,,,,,,,,,
2025-11-21 13:44:31.951,311,2025-11-21 13:44:31.951,23.4613742,,,,,,,,,,,,,,,,,,,
2025-11-21 13:44:32.951,312,2025-11-21 13:44:32.951,23.4360306,,,,,,,,,,,,,,,,,,,
2025-11-21 13:44:33.951,313,2025-11-21 13:44:33.951,23.466409,,,,,,,,,,,,,,,,,,,
2025-11-21 13:44:34.951,314,2025-11-21 13:44:34.951,23.4522724,,,,,,,,,,,,,,,,,,,
2025-11-21 13:44:35.951,315,2025-11-21 13:44:35.951,23.4486678,,,,,,,,,,,,,,,,,,,
2025-11-21 13:44:36.951,316,2025-11-21 13:44:36.951,23.4600853,,,,,,,,,,,,,,,,,,,
2025-11-21 13:44:37.951,317,2025-11-21 13:44:37.951,23.429252,,,,,,,,,,,,,,,,,,,
2025-11-21 13:44:38.951,318,2025-11-21 13:44:38.951,23.4387207,,,,,,,,,,,,,,,,,,,
2025-11-21 13:44:39.951,319,2025-11-21 13:44:39.951,23.4458911,,,,,,,,,,,,,,,,,,,
2025-11-21 13:44:40.951,320,2025-11-21 13:44:40.951,23.4586998,,,,,,,,,,,,,,,,,,,
2025-11-21 13:44:41.951,321,2025-11-21 13:44:41.951,23.4731604,,,,,,,,,,,,,,,,,,,
2025-11-21 13:44:42.951,322,2025-11-21 13:44:42.951,23.4445652,,,,,,,,,,,,,,,,,,,
2025-11-21 13:44:43.951,323,2025-11-21 13:44:43.951,23.4659779,,,,,,,,,,,,,,,,,,,
2025-11-21 13:44:44.951,324,2025-11-21 13:44:44.951,23.4570786,,,,,,,,,,,,,,,,,,,
2025-11-21 13:44:45.951,325,2025-11-21 13:44:45.951,23.444931,,,,,,,,,,,,,,,,,,,
2025-11-21 13:44:46.951,326,2025-11-21 13:44:46.951,23.4667942,,,,,,,,,,,,,,,,,,,
2025-11-21 13:44:47.951,327,2025-11-21 13:44:47.951,23.4387384,,,,,,,,,,,,,,,,,,,
2025-11-21 13:44:48.951,328,2025-11-21 13:44:48.951,23.4655573,,,,,,,,,,,,,,,,,,,
2025-11-21 13:44:49.951,329,2025-11-21 13:44:49.951,23.4524696,,,,,,,,,,,,,,,,,,,
2025-11-21 13:44:50.951,330,2025-11-21 13:44:50.951,23.4545733,,,,,,,,,,,,,,,,,,,
2025-11-21 13:44:51.951,331,2025-11-21 13:44:51.951,23.4603854,,,,,,,,,,,,,,,,,,,
2025-11-21 13:44:52.951,332,2025-11-21 13:44:52.951,23.4522679,,,,,,,,,,,,,,,,,,,
2025-11-21 13:44:53.967,333,2025-11-21 13:44:53.967,23.4536074,,,,,,,,,,,,,,,,,,,
2025-11-21 13:44:54.951,334,2025-11-21 13:44:54.951,23.4407395,,,,,,,,,,,,,,,,,,,
2025-11-21 13:44:55.951,335,2025-11-21 13:44:55.951,23.4503978,,,,,,,,,,,,,,,,,,,
2025-11-21 13:44:56.951,336,2025-11-21 13:44:56.951,23.4720868,,,,,,,,,,,,,,,,,,,
2025-11-21 13:44:57.951,337,2025-11-21 13:44:57.951,23.4547366,,,,,,,,,,,,,,,,,,,
2025-11-21 13:44:58.951,338,2025-11-21 13:44:58.951,23.4562056,,,,,,,,,,,,,,,,,,,
2025-11-21 13:44:59.951,339,2025-11-21 13:44:59.951,23.4693419,,,,,,,,,,,,,,,,,,,
2025-11-21 13:45:00.951,340,2025-11-21 13:45:00.951,23.4696196,,,,,,,,,,,,,,,,,,,
2025-11-21 13:45:01.951,341,2025-11-21 13:45:01.951,23.4436689,,,,,,,,,,,,,,,,,,,
2025-11-21 13:45:02.951,342,2025-11-21 13:45:02.951,23.4338553,,,,,,,,,,,,,,,,,,,
2025-11-21 13:45:03.951,343,2025-11-21 13:45:03.951,23.4425796,,,,,,,,,,,,,,,,,,,
2025-11-21 13:45:04.951,344,2025-11-21 13:45:04.951,23.4431086,,,,,,,,,,,,,,,,,,,
2025-11-21 13:45:05.951,345,2025-11-21 13:45:05.951,23.4498061,,,,,,,,,,,,,,,,,,,
2025-11-21 13:45:06.951,346,2025-11-21 13:45:06.951,23.4486637,,,,,,,,,,,,,,,,,,,
2025-11-21 13:45:07.951,347,2025-11-21 13:45:07.951,23.4289446,,,,,,,,,,,,,,,,,,,
2025-11-21 13:45:08.951,348,2025-11-21 13:45:08.951,23.4448558,,,,,,,,,,,,,,,,,,,
2025-11-21 13:45:09.951,349,2025-11-21 13:45:09.951,23.4334439,,,,,,,,,,,,,,,,,,,
2025-11-21 13:45:10.951,350,2025-11-21 13:45:10.951,23.4309874,,,,,,,,,,,,,,,,,,,
2025-11-21 13:45:11.951,351,2025-11-21 13:45:11.951,23.4543342,,,,,,,,,,,,,,,,,,,
2025-11-21 13:45:12.951,352,2025-11-21 13:45:12.951,23.4394438,,,,,,,,,,,,,,,,,,,
2025-11-21 13:45:13.951,353,2025-11-21 13:45:13.951,23.4512694,,,,,,,,,,,,,,,,,,,
2025-11-21 13:45:14.951,354,2025-11-21 13:45:14.951,23.4507056,,,,,,,,,,,,,,,,,,,
2025-11-21 13:45:15.951,355,2025-11-21 13:45:15.951,23.4596453,,,,,,,,,,,,,,,,,,,
2025-11-21 13:45:16.951,356,2025-11-21 13:45:16.951,23.4518439,,,,,,,,,,,,,,,,,,,
2025-11-21 13:45:17.951,357,2025-11-21 13:45:17.951,23.4539711,,,,,,,,,,,,,,,,,,,
2025-11-21 13:45:18.951,358,2025-11-21 13:45:18.951,23.4505205,,,,,,,,,,,,,,,,,,,
2025-11-21 13:45:19.951,359,2025-11-21 13:45:19.951,23.449158,,,,,,,,,,,,,,,,,,,
2025-11-21 13:45:20.951,360,2025-11-21 13:45:20.951,23.4356348,,,,,,,,,,,,,,,,,,,
2025-11-21 13:45:21.951,361,2025-11-21 13:45:21.951,23.4276436,,,,,,,,,,,,,,,,,,,
2025-11-21 13:45:22.951,362,2025-11-21 13:45:22.951,23.4242114,,,,,,,,,,,,,,,,,,,
2025-11-21 13:45:23.951,363,2025-11-21 13:45:23.951,23.4336823,,,,,,,,,,,,,,,,,,,
2025-11-21 13:45:24.951,364,2025-11-21 13:45:24.951,23.4406156,,,,,,,,,,,,,,,,,,,
2025-11-21 13:45:25.951,365,2025-11-21 13:45:25.951,23.4353562,,,,,,,,,,,,,,,,,,,
2025-11-21 13:45:26.951,366,2025-11-21 13:45:26.951,23.4423183,,,,,,,,,,,,,,,,,,,
2025-11-21 13:45:27.951,367,2025-11-21 13:45:27.951,23.4411194,,,,,,,,,,,,,,,,,,,
2025-11-21 13:45:28.951,368,2025-11-21 13:45:28.951,23.4220267,,,,,,,,,,,,,,,,,,,
2025-11-21 13:45:29.951,369,2025-11-21 13:45:29.951,23.4394929,,,,,,,,,,,,,,,,,,,
2025-11-21 13:45:30.951,370,2025-11-21 13:45:30.951,23.4205665,,,,,,,,,,,,,,,,,,,
2025-11-21 13:45:31.951,371,2025-11-21 13:45:31.951,23.4145759,,,,,,,,,,,,,,,,,,,
2025-11-21 13:45:32.951,372,2025-11-21 13:45:32.951,23.4240734,,,,,,,,,,,,,,,,,,,
2025-11-21 13:45:33.951,373,2025-11-21 13:45:33.951,23.4128684,,,,,,,,,,,,,,,,,,,
2025-11-21 13:45:34.951,374,2025-11-21 13:45:34.951,23.4337355,,,,,,,,,,,,,,,,,,,
2025-11-21 13:45:35.951,375,2025-11-21 13:45:35.951,23.4662459,,,,,,,,,,,,,,,,,,,
2025-11-21 13:45:36.951,376,2025-11-21 13:45:36.951,23.4417403,,,,,,,,,,,,,,,,,,,
2025-11-21 13:45:37.951,377,2025-11-21 13:45:37.951,23.417117,,,,,,,,,,,,,,,,,,,
2025-11-21 13:45:38.951,378,2025-11-21 13:45:38.951,23.410579,,,,,,,,,,,,,,,,,,,
2025-11-21 13:45:39.951,379,2025-11-21 13:45:39.951,23.4127809,,,,,,,,,,,,,,,,,,,
2025-11-21 13:45:40.951,380,2025-11-21 13:45:40.951,23.4361975,,,,,,,,,,,,,,,,,,,
2025-11-21 13:45:41.951,381,2025-11-21 13:45:41.951,23.4430676,,,,,,,,,,,,,,,,,,,
2025-11-21 13:45:42.951,382,2025-11-21 13:45:42.951,23.439532,,,,,,,,,,,,,,,,,,,
2025-11-21 13:45:43.951,383,2025-11-21 13:45:43.951,23.4226929,,,,,,,,,,,,,,,,,,,
2025-11-21 13:45:44.951,384,2025-11-21 13:45:44.951,23.4289664,,,,,,,,,,,,,,,,,,,
2025-11-21 13:45:45.951,385,2025-11-21 13:45:45.951,23.4561786,,,,,,,,,,,,,,,,,,,
2025-11-21 13:45:46.951,386,2025-11-21 13:45:46.951,23.4518993,,,,,,,,,,,,,,,,,,,
2025-11-21 13:45:47.951,387,2025-11-21 13:45:47.951,23.4329275,,,,,,,,,,,,,,,,,,,
2025-11-21 13:45:48.951,388,2025-11-21 13:45:48.951,23.4305699,,,,,,,,,,,,,,,,,,,
2025-11-21 13:45:49.951,389,2025-11-21 13:45:49.951,23.4241978,,,,,,,,,,,,,,,,,,,
2025-11-21 13:45:50.951,390,2025-11-21 13:45:50.951,23.4334653,,,,,,,,,,,,,,,,,,,
2025-11-21 13:45:51.951,391,2025-11-21 13:45:51.951,23.4219529,,,,,,,,,,,,,,,,,,,
2025-11-21 13:45:52.951,392,2025-11-21 13:45:52.951,23.4191716,,,,,,,,,,,,,,,,,,,
2025-11-21 13:45:53.951,393,2025-11-21 13:45:53.951,23.430168,,,,,,,,,,,,,,,,,,,
2025-11-21 13:45:54.951,394,2025-11-21 13:45:54.951,23.4080568,,,,,,,,,,,,,,,,,,,
2025-11-21 13:45:55.951,395,2025-11-21 13:45:55.951,23.4202021,,,,,,,,,,,,,,,,,,,
2025-11-21 13:45:56.951,396,2025-11-21 13:45:56.951,23.4176668,,,,,,,,,,,,,,,,,,,
2025-11-21 13:45:57.951,397,2025-11-21 13:45:57.951,23.4236667,,,,,,,,,,,,,,,,,,,
2025-11-21 13:45:58.951,398,2025-11-21 13:45:58.951,23.4021555,,,,,,,,,,,,,,,,,,,
2025-11-21 13:45:59.951,399,2025-11-21 13:45:59.951,23.4218981,,,,,,,,,,,,,,,,,,,
2025-11-21 13:46:00.951,400,2025-11-21 13:46:00.951,23.4596904,,,,,,,,,,,,,,,,,,,
2025-11-21 13:46:01.951,401,2025-11-21 13:46:01.951,23.4837375,,,,,,,,,,,,,,,,,,,
2025-11-21 13:46:02.951,402,2025-11-21 13:46:02.951,23.5468575,,,,,,,,,,,,,,,,,,,
2025-11-21 13:46:03.951,403,2025-11-21 13:46:03.951,23.5900198,,,,,,,,,,,,,,,,,,,
2025-11-21 13:46:04.951,404,2025-11-21 13:46:04.951,23.6261009,,,,,,,,,,,,,,,,,,,
2025-11-21 13:46:05.951,405,2025-11-21 13:46:05.951,23.6950525,,,,,,,,,,,,,,,,,,,
2025-11-21 13:46:06.951,406,2025-11-21 13:46:06.951,23.7794197,,,,,,,,,,,,,,,,,,,
2025-11-21 13:46:07.951,407,2025-11-21 13:46:07.951,23.846108,,,,,,,,,,,,,,,,,,,
2025-11-21 13:46:08.951,408,2025-11-21 13:46:08.951,23.9961726,,,,,,,,,,,,,,,,,,,
2025-11-21 13:46:09.951,409,2025-11-21 13:46:09.951,24.1282937,,,,,,,,,,,,,,,,,,,
2025-11-21 13:46:10.951,410,2025-11-21 13:46:10.951,24.2916129,,,,,,,,,,,,,,,,,,,
2025-11-21 13:46:11.951,411,2025-11-21 13:46:11.951,24.4921551,,,,,,,,,,,,,,,,,,,
2025-11-21 13:46:12.951,412,2025-11-21 13:46:12.951,24.6887375,,,,,,,,,,,,,,,,,,,
2025-11-21 13:46:13.951,413,2025-11-21 13:46:13.951,24.912379,,,,,,,,,,,,,,,,,,,
2025-11-21 13:46:14.951,414,2025-11-21 13:46:14.951,25.1787557,,,,,,,,,,,,,,,,,,,
2025-11-21 13:46:15.951,415,2025-11-21 13:46:15.951,25.4673582,,,,,,,,,,,,,,,,,,,
2025-11-21 13:46:16.951,416,2025-11-21 13:46:16.951,25.7419045,,,,,,,,,,,,,,,,,,,
2025-11-21 13:46:17.951,417,2025-11-21 13:46:17.951,26.0534485,,,,,,,,,,,,,,,,,,,
2025-11-21 13:46:18.951,418,2025-11-21 13:46:18.951,26.3692476,,,,,,,,,,,,,,,,,,,
2025-11-21 13:46:19.951,419,2025-11-21 13:46:19.951,26.7356285,,,,,,,,,,,,,,,,,,,
2025-11-21 13:46:20.951,420,2025-11-21 13:46:20.951,27.1100132,,,,,,,,,,,,,,,,,,,
2025-11-21 13:46:21.951,421,2025-11-21 13:46:21.951,27.4979562,,,,,,,,,,,,,,,,,,,
2025-11-21 13:46:22.951,422,2025-11-21 13:46:22.951,27.8930866,,,,,,,,,,,,,,,,,,,
2025-11-21 13:46:23.951,423,2025-11-21 13:46:23.951,28.3303721,,,,,,,,,,,,,,,,,,,
2025-11-21 13:46:24.951,424,2025-11-21 13:46:24.951,28.743939,,,,,,,,,,,,,,,,,,,
2025-11-21 13:46:25.967,425,2025-11-21 13:46:25.967,29.1892136,,,,,,,,,,,,,,,,,,,
2025-11-21 13:46:26.951,426,2025-11-21 13:46:26.951,29.6343058,,,,,,,,,,,,,,,,,,,
2025-11-21 13:46:27.951,427,2025-11-21 13:46:27.951,30.0976334,,,,,,,,,,,,,,,,,,,
2025-11-21 13:46:28.951,428,2025-11-21 13:46:28.951,30.5640786,,,,,,,,,,,,,,,,,,,
2025-11-21 13:46:29.951,429,2025-11-21 13:46:29.951,31.0518496,,,,,,,,,,,,,,,,,,,
2025-11-21 13:46:30.951,430,2025-11-21 13:46:30.951,31.5547438,,,,,,,,,,,,,,,,,,,
2025-11-21 13:46:31.951,431,2025-11-21 13:46:31.951,32.0593943,,,,,,,,,,,,,,,,,,,
2025-11-21 13:46:32.951,432,2025-11-21 13:46:32.951,32.5684519,,,,,,,,,,,,,,,,,,,
2025-11-21 13:46:33.951,433,2025-11-21 13:46:33.951,33.0984626,,,,,,,,,,,,,,,,,,,
2025-11-21 13:46:34.951,434,2025-11-21 13:46:34.951,33.6191515,,,,,,,,,,,,,,,,,,,
2025-11-21 13:46:35.951,435,2025-11-21 13:46:35.951,34.1730348,,,,,,,,,,,,,,,,,,,
2025-11-21 13:46:36.951,436,2025-11-21 13:46:36.951,34.7060429,,,,,,,,,,,,,,,,,,,
2025-11-21 13:46:37.951,437,2025-11-21 13:46:37.951,35.2441689,,,,,,,,,,,,,,,,,,,
2025-11-21 13:46:38.951,438,2025-11-21 13:46:38.951,35.7963791,,,,,,,,,,,,,,,,,,,
2025-11-21 13:46:39.951,439,2025-11-21 13:46:39.951,36.3554811,,,,,,,,,,,,,,,,,,,
2025-11-21 13:46:40.951,440,2025-11-21 13:46:40.951,36.912531,,,,,,,,,,,,,,,,,,,
2025-11-21 13:46:41.951,441,2025-11-21 13:46:41.951,37.4763808,,,,,,,,,,,,,,,,,,,
2025-11-21 13:46:42.951,442,2025-11-21 13:46:42.951,38.0554728,,,,,,,,,,,,,,,,,,,
2025-11-21 13:46:43.951,443,2025-11-21 13:46:43.951,38.6243975,,,,,,,,,,,,,,,,,,,
2025-11-21 13:46:44.951,444,2025-11-21 13:46:44.951,39.1904731,,,,,,,,,,,,,,,,,,,
2025-11-21 13:46:45.951,445,2025-11-21 13:46:45.951,39.760739,,,,,,,,,,,,,,,,,,,
2025-11-21 13:46:46.951,446,2025-11-21 13:46:46.951,40.3527198,,,,,,,,,,,,,,,,,,,
2025-11-21 13:46:47.951,447,2025-11-21 13:46:47.951,40.9307945,,,,,,,,,,,,,,,,,,,
2025-11-21 13:46:48.951,448,2025-11-21 13:46:48.951,41.5214486,,,,,,,,,,,,,,,,,,,
2025-11-21 13:46:49.951,449,2025-11-21 13:46:49.951,42.1202494,,,,,,,,,,,,,,,,,,,
2025-11-21 13:46:50.951,450,2025-11-21 13:46:50.951,42.7162206,,,,,,,,,,,,,,,,,,,
2025-11-21 13:46:51.951,451,2025-11-21 13:46:51.951,43.3177617,,,,,,,,,,,,,,,,,,,
2025-11-21 13:46:52.951,452,2025-11-21 13:46:52.951,43.9019823,,,,,,,,,,,,,,,,,,,
2025-11-21 13:46:53.951,453,2025-11-21 13:46:53.951,44.5320225,,,,,,,,,,,,,,,,,,,
2025-11-21 13:46:54.951,454,2025-11-21 13:46:54.951,45.1536202,,,,,,,,,,,,,,,,,,,
2025-11-21 13:46:55.951,455,2025-11-21 13:46:55.951,45.757424,,,,,,,,,,,,,,,,,,,
2025-11-21 13:46:56.951,456,2025-11-21 13:46:56.951,46.3831217,,,,,,,,,,,,,,,,,,,
2025-11-21 13:46:57.951,457,2025-11-21 13:46:57.951,47.0016663,,,,,,,,,,,,,,,,,,,
2025-11-21 13:46:58.951,458,2025-11-21 13:46:58.951,47.6236453,,,,,,,,,,,,,,,,,,,
2025-11-21 13:46:59.951,459,2025-11-21 13:46:59.951,48.263046,,,,,,,,,,,,,,,,,,,
2025-11-21 13:47:00.951,460,2025-11-21 13:47:00.951,48.9037845,,,,,,,,,,,,,,,,,,,
2025-11-21 13:47:01.951,461,2025-11-21 13:47:01.951,49.5190333,,,,,,,,,,,,,,,,,,,
2025-11-21 13:47:02.951,462,2025-11-21 13:47:02.951,50.1589597,,,,,,,,,,,,,,,,,,,
2025-11-21 13:47:03.951,463,2025-11-21 13:47:03.951,50.819347,,,,,,,,,,,,,,,,,,,
2025-11-21 13:47:04.951,464,2025-11-21 13:47:04.951,51.4597071,,,,,,,,,,,,,,,,,,,
2025-11-21 13:47:05.951,465,2025-11-21 13:47:05.951,52.0779608,,,,,,,,,,,,,,,,,,,
2025-11-21 13:47:06.951,466,2025-11-21 13:47:06.951,52.7222083,,,,,,,,,,,,,,,,,,,
2025-11-21 13:47:07.951,467,2025-11-21 13:47:07.951,53.3670532,,,,,,,,,,,,,,,,,,,
2025-11-21 13:47:08.951,468,2025-11-21 13:47:08.951,54.0019133,,,,,,,,,,,,,,,,,,,
2025-11-21 13:47:09.951,469,2025-11-21 13:47:09.951,54.6485609,,,,,,,,,,,,,,,,,,,
2025-11-21 13:47:10.951,470,2025-11-21 13:47:10.951,55.2815976,,,,,,,,,,,,,,,,,,,
2025-11-21 13:47:11.951,471,2025-11-21 13:47:11.951,55.9327857,,,,,,,,,,,,,,,,,,,
2025-11-21 13:47:12.951,472,2025-11-21 13:47:12.951,56.5789785,,,,,,,,,,,,,,,,,,,
2025-11-21 13:47:13.951,473,2025-11-21 13:47:13.951,57.2171151,,,,,,,,,,,,,,,,,,,
2025-11-21 13:47:14.951,474,2025-11-21 13:47:14.951,57.8574625,,,,,,,,,,,,,,,,,,,
2025-11-21 13:47:15.951,475,2025-11-21 13:47:15.951,58.5017248,,,,,,,,,,,,,,,,,,,
2025-11-21 13:47:16.951,476,2025-11-21 13:47:16.951,59.1576664,,,,,,,,,,,,,,,,,,,
2025-11-21 13:47:17.951,477,2025-11-21 13:47:17.951,59.8188327,,,,,,,,,,,,,,,,,,,
2025-11-21 13:47:18.951,478,2025-11-21 13:47:18.951,60.4620585,,,,,,,,,,,,,,,,,,,
2025-11-21 13:47:19.951,479,2025-11-21 13:47:19.951,61.1206822,,,,,,,,,,,,,,,,,,,
2025-11-21 13:47:20.951,480,2025-11-21 13:47:20.951,61.7570961,,,,,,,,,,,,,,,,,,,
2025-11-21 13:47:21.951,481,2025-11-21 13:47:21.951,62.3945722,,,,,,,,,,,,,,,,,,,
2025-11-21 13:47:22.951,482,2025-11-21 13:47:22.951,63.0375254,,,,,,,,,,,,,,,,,,,
2025-11-21 13:47:23.951,483,2025-11-21 13:47:23.951,63.6855799,,,,,,,,,,,,,,,,,,,
2025-11-21 13:47:24.951,484,2025-11-21 13:47:24.951,64.3012953,,,,,,,,,,,,,,,,,,,
2025-11-21 13:47:25.951,485,2025-11-21 13:47:25.951,64.945439,,,,,,,,,,,,,,,,,,,
2025-11-21 13:47:26.951,486,2025-11-21 13:47:26.951,65.5717206,,,,,,,,,,,,,,,,,,,
2025-11-21 13:47:27.951,487,2025-11-21 13:47:27.951,66.1492352,,,,,,,,,,,,,,,,,,,
2025-11-21 13:47:28.951,488,2025-11-21 13:47:28.951,66.746768,,,,,,,,,,,,,,,,,,,
2025-11-21 13:47:29.951,489,2025-11-21 13:47:29.951,67.3619153,,,,,,,,,,,,,,,,,,,
2025-11-21 13:47:30.951,490,2025-11-21 13:47:30.951,67.9599175,,,,,,,,,,,,,,,,,,,
2025-11-21 13:47:31.951,491,2025-11-21 13:47:31.951,68.6079749,,,,,,,,,,,,,,,,,,,
2025-11-21 13:47:32.951,492,2025-11-21 13:47:32.951,69.2422272,,,,,,,,,,,,,,,,,,,
2025-11-21 13:47:33.951,493,2025-11-21 13:47:33.951,69.8749188,,,,,,,,,,,,,,,,,,,
2025-11-21 13:47:34.951,494,2025-11-21 13:47:34.951,70.5074223,,,,,,,,,,,,,,,,,,,
2025-11-21 13:47:35.951,495,2025-11-21 13:47:35.951,71.1266456,,,,,,,,,,,,,,,,,,,
2025-11-21 13:47:36.951,496,2025-11-21 13:47:36.951,71.7809692,,,,,,,,,,,,,,,,,,,
2025-11-21 13:47:37.951,497,2025-11-21 13:47:37.951,72.3996733,,,,,,,,,,,,,,,,,,,
2025-11-21 13:47:38.951,498,2025-11-21 13:47:38.951,73.0395728,,,,,,,,,,,,,,,,,,,
2025-11-21 13:47:39.951,499,2025-11-21 13:47:39.951,73.6601369,,,,,,,,,,,,,,,,,,,
2025-11-21 13:47:40.951,500,2025-11-21 13:47:40.951,74.2978687,,,,,,,,,,,,,,,,,,,
2025-11-21 13:47:41.951,501,2025-11-21 13:47:41.951,74.9424853,,,,,,,,,,,,,,,,,,,
2025-11-21 13:47:42.951,502,2025-11-21 13:47:42.951,75.5789998,,,,,,,,,,,,,,,,,,,
2025-11-21 13:47:43.951,503,2025-11-21 13:47:43.951,76.2025842,,,,,,,,,,,,,,,,,,,
2025-11-21 13:47:44.951,504,2025-11-21 13:47:44.951,76.828685,,,,,,,,,,,,,,,,,,,
2025-11-21 13:47:45.951,505,2025-11-21 13:47:45.951,77.4668163,,,,,,,,,,,,,,,,,,,
2025-11-21 13:47:46.951,506,2025-11-21 13:47:46.951,78.0746466,,,,,,,,,,,,,,,,,,,
2025-11-21 13:47:47.951,507,2025-11-21 13:47:47.951,78.6858487,,,,,,,,,,,,,,,,,,,
2025-11-21 13:47:48.951,508,2025-11-21 13:47:48.951,79.3090311,,,,,,,,,,,,,,,,,,,
2025-11-21 13:47:49.951,509,2025-11-21 13:47:49.951,79.9073873,,,,,,,,,,,,,,,,,,,
2025-11-21 13:47:50.951,510,2025-11-21 13:47:50.951,80.5497917,,,,,,,,,,,,,,,,,,,
2025-11-21 13:47:51.951,511,2025-11-21 13:47:51.951,81.1883354,,,,,,,,,,,,,,,,,,,
2025-11-21 13:47:52.951,512,2025-11-21 13:47:52.951,81.8133498,,,,,,,,,,,,,,,,,,,
2025-11-21 13:47:53.951,513,2025-11-21 13:47:53.951,82.3945975,,,,,,,,,,,,,,,,,,,
2025-11-21 13:47:54.951,514,2025-11-21 13:47:54.951,83.0073182,,,,,,,,,,,,,,,,,,,
2025-11-21 13:47:55.951,515,2025-11-21 13:47:55.951,83.636401,,,,,,,,,,,,,,,,,,,
2025-11-21 13:47:56.951,516,2025-11-21 13:47:56.951,84.236478,,,,,,,,,,,,,,,,,,,
2025-11-21 13:47:57.951,517,2025-11-21 13:47:57.951,84.8409298,,,,,,,,,,,,,,,,,,,
2025-11-21 13:47:58.951,518,2025-11-21 13:47:58.951,85.4574576,,,,,,,,,,,,,,,,,,,
2025-11-21 13:47:59.951,519,2025-11-21 13:47:59.951,86.0595466,,,,,,,,,,,,,,,,,,,
2025-11-21 13:48:00.951,520,2025-11-21 13:48:00.951,86.6534561,,,,,,,,,,,,,,,,,,,
2025-11-21 13:48:01.951,521,2025-11-21 13:48:01.951,87.2672586,,,,,,,,,,,,,,,,,,,
2025-11-21 13:48:02.951,522,2025-11-21 13:48:02.951,87.8718799,,,,,,,,,,,,,,,,,,,
2025-11-21 13:48:03.951,523,2025-11-21 13:48:03.951,88.4668895,,,,,,,,,,,,,,,,,,,
2025-11-21 13:48:04.951,524,2025-11-21 13:48:04.951,89.0736345,,,,,,,,,,,,,,,,,,,
2025-11-21 13:48:05.951,525,2025-11-21 13:48:05.951,89.673402,,,,,,,,,,,,,,,,,,,
2025-11-21 13:48:06.951,526,2025-11-21 13:48:06.951,90.2606776,,,,,,,,,,,,,,,,,,,
2025-11-21 13:48:07.951,527,2025-11-21 13:48:07.951,90.8444633,,,,,,,,,,,,,,,,,,,
2025-11-21 13:48:08.951,528,2025-11-21 13:48:08.951,91.4566303,,,,,,,,,,,,,,,,,,,
2025-11-21 13:48:09.951,529,2025-11-21 13:48:09.951,92.0536844,,,,,,,,,,,,,,,,,,,
2025-11-21 13:48:10.951,530,2025-11-21 13:48:10.951,92.6485214,,,,,,,,,,,,,,,,,,,
2025-11-21 13:48:11.951,531,2025-11-21 13:48:11.951,93.2368733,,,,,,,,,,,,,,,,,,,
2025-11-21 13:48:12.951,532,2025-11-21 13:48:12.951,93.8320324,,,,,,,,,,,,,,,,,,,
2025-11-21 13:48:13.951,533,2025-11-21 13:48:13.951,94.4254772,,,,,,,,,,,,,,,,,,,
2025-11-21 13:48:14.951,534,2025-11-21 13:48:14.951,95.0222615,,,,,,,,,,,,,,,,,,,
2025-11-21 13:48:15.951,535,2025-11-21 13:48:15.951,95.6118228,,,,,,,,,,,,,,,,,,,
2025-11-21 13:48:16.951,536,2025-11-21 13:48:16.951,96.2366898,,,,,,,,,,,,,,,,,,,
2025-11-21 13:48:17.951,537,2025-11-21 13:48:17.951,96.8248652,,,,,,,,,,,,,,,,,,,
2025-11-21 13:48:18.951,538,2025-11-21 13:48:18.951,97.4190581,,,,,,,,,,,,,,,,,,,
2025-11-21 13:48:19.951,539,2025-11-21 13:48:19.951,98.0230941,,,,,,,,,,,,,,,,,,,
2025-11-21 13:48:20.951,540,2025-11-21 13:48:20.951,98.6239757,,,,,,,,,,,,,,,,,,,
2025-11-21 13:48:21.951,541,2025-11-21 13:48:21.951,99.2298136,,,,,,,,,,,,,,,,,,,
2025-11-21 13:48:22.951,542,2025-11-21 13:48:22.951,99.8227004,,,,,,,,,,,,,,,,,,,
2025-11-21 13:48:23.951,543,2025-11-21 13:48:23.951,100.443314,,,,,,,,,,,,,,,,,,,
2025-11-21 13:48:24.951,544,2025-11-21 13:48:24.951,101.059611,,,,,,,,,,,,,,,,,,,
2025-11-21 13:48:25.951,545,2025-11-21 13:48:25.951,101.676066,,,,,,,,,,,,,,,,,,,
2025-11-21 13:48:26.951,546,2025-11-21 13:48:26.951,102.285136,,,,,,,,,,,,,,,,,,,
2025-11-21 13:48:27.951,547,2025-11-21 13:48:27.951,102.934603,,,,,,,,,,,,,,,,,,,
2025-11-21 13:48:28.951,548,2025-11-21 13:48:28.951,103.527205,,,,,,,,,,,,,,,,,,,
2025-11-21 13:48:29.951,549,2025-11-21 13:48:29.951,104.18532,,,,,,,,,,,,,,,,,,,
2025-11-21 13:48:30.951,550,2025-11-21 13:48:30.951,104.844773,,,,,,,,,,,,,,,,,,,
2025-11-21 13:48:31.951,551,2025-11-21 13:48:31.951,105.433214,,,,,,,,,,,,,,,,,,,
2025-11-21 13:48:32.951,552,2025-11-21 13:48:32.951,106.150962,,,,,,,,,,,,,,,,,,,
2025-11-21 13:48:33.951,553,2025-11-21 13:48:33.951,106.741228,,,,,,,,,,,,,,,,,,,
2025-11-21 13:48:34.951,554,2025-11-21 13:48:34.951,107.39998,,,,,,,,,,,,,,,,,,,
2025-11-21 13:48:35.951,555,2025-11-21 13:48:35.951,108.012531,,,,,,,,,,,,,,,,,,,
2025-11-21 13:48:36.951,556,2025-11-21 13:48:36.951,108.602471,,,,,,,,,,,,,,,,,,,
2025-11-21 13:48:37.951,557,2025-11-21 13:48:37.951,109.170022,,,,,,,,,,,,,,,,,,,
2025-11-21 13:48:38.951,558,2025-11-21 13:48:38.951,109.771032,,,,,,,,,,,,,,,,,,,
2025-11-21 13:48:39.951,559,2025-11-21 13:48:39.951,110.340461,,,,,,,,,,,,,,,,,,,
2025-11-21 13:48:40.951,560,2025-11-21 13:48:40.951,110.927679,,,,,,,,,,,,,,,,,,,
2025-11-21 13:48:41.951,561,2025-11-21 13:48:41.951,111.535627,,,,,,,,,,,,,,,,,,,
2025-11-21 13:48:42.951,562,2025-11-21 13:48:42.951,112.150352,,,,,,,,,,,,,,,,,,,
2025-11-21 13:48:43.951,563,2025-11-21 13:48:43.951,112.757764,,,,,,,,,,,,,,,,,,,
2025-11-21 13:48:44.951,564,2025-11-21 13:48:44.951,113.362146,,,,,,,,,,,,,,,,,,,
2025-11-21 13:48:45.951,565,2025-11-21 13:48:45.951,113.967905,,,,,,,,,,,,,,,,,,,
2025-11-21 13:48:46.951,566,2025-11-21 13:48:46.951,114.572633,,,,,,,,,,,,,,,,,,,
2025-11-21 13:48:47.951,567,2025-11-21 13:48:47.951,115.175147,,,,,,,,,,,,,,,,,,,
2025-11-21 13:48:48.951,568,2025-11-21 13:48:48.951,115.827467,,,,,,,,,,,,,,,,,,,
2025-11-21 13:48:49.951,569,2025-11-21 13:48:49.951,116.453963,,,,,,,,,,,,,,,,,,,
2025-11-21 13:48:50.951,570,2025-11-21 13:48:50.951,117.0833,,,,,,,,,,,,,,,,,,,
2025-11-21 13:48:51.951,571,2025-11-21 13:48:51.951,117.707899,,,,,,,,,,,,,,,,,,,
2025-11-21 13:48:52.951,572,2025-11-21 13:48:52.951,118.343284,,,,,,,,,,,,,,,,,,,
2025-11-21 13:48:53.951,573,2025-11-21 13:48:53.951,118.984318,,,,,,,,,,,,,,,,,,,
2025-11-21 13:48:54.951,574,2025-11-21 13:48:54.951,119.635577,,,,,,,,,,,,,,,,,,,
2025-11-21 13:48:55.951,575,2025-11-21 13:48:55.951,120.267868,,,,,,,,,,,,,,,,,,,
2025-11-21 13:48:56.951,576,2025-11-21 13:48:56.951,120.927577,,,,,,,,,,,,,,,,,,,
2025-11-21 13:48:57.951,577,2025-11-21 13:48:57.951,121.599253,,,,,,,,,,,,,,,,,,,
2025-11-21 13:48:58.951,578,2025-11-21 13:48:58.951,122.246236,,,,,,,,,,,,,,,,,,,
2025-11-21 13:48:59.951,579,2025-11-21 13:48:59.951,122.891007,,,,,,,,,,,,,,,,,,,
2025-11-21 13:49:00.951,580,2025-11-21 13:49:00.951,123.585203,,,,,,,,,,,,,,,,,,,
2025-11-21 13:49:01.951,581,2025-11-21 13:49:01.951,124.257415,,,,,,,,,,,,,,,,,,,
2025-11-21 13:49:02.951,582,2025-11-21 13:49:02.951,124.920925,,,,,,,,,,,,,,,,,,,
2025-11-21 13:49:03.951,583,2025-11-21 13:49:03.951,125.574489,,,,,,,,,,,,,,,,,,,
2025-11-21 13:49:04.951,584,2025-11-21 13:49:04.951,126.274608,,,,,,,,,,,,,,,,,,,
2025-11-21 13:49:05.951,585,2025-11-21 13:49:05.951,126.901486,,,,,,,,,,,,,,,,,,,
2025-11-21 13:49:06.951,586,2025-11-21 13:49:06.951,127.531774,,,,,,,,,,,,,,,,,,,
2025-11-21 13:49:07.951,587,2025-11-21 13:49:07.951,128.172809,,,,,,,,,,,,,,,,,,,
2025-11-21 13:49:08.951,588,2025-11-21 13:49:08.951,128.805308,,,,,,,,,,,,,,,,,,,
2025-11-21 13:49:09.951,589,2025-11-21 13:49:09.951,129.409485,,,,,,,,,,,,,,,,,,,
2025-11-21 13:49:10.951,590,2025-11-21 13:49:10.951,130.051428,,,,,,,,,,,,,,,,,,,
2025-11-21 13:49:11.951,591,2025-11-21 13:49:11.951,130.663701,,,,,,,,,,,,,,,,,,,
2025-11-21 13:49:12.951,592,2025-11-21 13:49:12.951,131.295255,,,,,,,,,,,,,,,,,,,
2025-11-21 13:49:13.951,593,2025-11-21 13:49:13.951,131.92848,,,,,,,,,,,,,,,,,,,
2025-11-21 13:49:14.951,594,2025-11-21 13:49:14.951,132.583441,,,,,,,,,,,,,,,,,,,
2025-11-21 13:49:15.951,595,2025-11-21 13:49:15.951,133.234151,,,,,,,,,,,,,,,,,,,
2025-11-21 13:49:16.951,596,2025-11-21 13:49:16.951,133.875563,,,,,,,,,,,,,,,,,,,
2025-11-21 13:49:17.951,597,2025-11-21 13:49:17.951,134.520827,,,,,,,,,,,,,,,,,,,
2025-11-21 13:49:18.951,598,2025-11-21 13:49:18.951,135.184665,,,,,,,,,,,,,,,,,,,
2025-11-21 13:49:19.951,599,2025-11-21 13:49:19.951,135.83821,,,,,,,,,,,,,,,,,,,
2025-11-21 13:49:20.951,600,2025-11-21 13:49:20.951,136.512953,,,,,,,,,,,,,,,,,,,
2025-11-21 13:49:21.951,601,2025-11-21 13:49:21.951,137.162702,,,,,,,,,,,,,,,,,,,
2025-11-21 13:49:22.951,602,2025-11-21 13:49:22.951,137.826706,,,,,,,,,,,,,,,,,,,
2025-11-21 13:49:23.951,603,2025-11-21 13:49:23.951,138.490402,,,,,,,,,,,,,,,,,,,
2025-11-21 13:49:25.011,604,2025-11-21 13:49:25.011,139.218746,,,,,,,,,,,,,,,,,,,
2025-11-21 13:49:25.951,605,2025-11-21 13:49:25.951,139.861325,,,,,,,,,,,,,,,,,,,
2025-11-21 13:49:26.951,606,2025-11-21 13:49:26.951,140.571477,,,,,,,,,,,,,,,,,,,
2025-11-21 13:49:27.951,607,2025-11-21 13:49:27.951,141.269491,,,,,,,,,,,,,,,,,,,
2025-11-21 13:49:29.007,608,2025-11-21 13:49:29.007,142.064668,,,,,,,,,,,,,,,,,,,
2025-11-21 13:49:29.951,609,2025-11-21 13:49:29.951,142.638331,,,,,,,,,,,,,,,,,,,
2025-11-21 13:49:30.951,610,2025-11-21 13:49:30.951,143.042679,,,,,,,,,,,,,,,,,,,
2025-11-21 13:49:31.951,611,2025-11-21 13:49:31.951,143.536375,,,,,,,,,,,,,,,,,,,
2025-11-21 13:49:32.951,612,2025-11-21 13:49:32.951,144.323015,,,,,,,,,,,,,,,,,,,
2025-11-21 13:49:33.951,613,2025-11-21 13:49:33.951,145.205129,,,,,,,,,,,,,,,,,,,
2025-11-21 13:49:34.951,614,2025-11-21 13:49:34.951,146.0034,,,,,,,,,,,,,,,,,,,
2025-11-21 13:49:35.951,615,2025-11-21 13:49:35.951,146.603378,,,,,,,,,,,,,,,,,,,
2025-11-21 13:49:36.951,616,2025-11-21 13:49:36.951,146.947836,,,,,,,,,,,,,,,,,,,
2025-11-21 13:49:37.951,617,2025-11-21 13:49:37.951,147.415353,,,,,,,,,,,,,,,,,,,
2025-11-21 13:49:38.951,618,2025-11-21 13:49:38.951,148.087769,,,,,,,,,,,,,,,,,,,
2025-11-21 13:49:39.951,619,2025-11-21 13:49:39.951,148.950645,,,,,,,,,,,,,,,,,,,
2025-11-21 13:49:40.951,620,2025-11-21 13:49:40.951,149.533213,,,,,,,,,,,,,,,,,,,
2025-11-21 13:49:41.951,621,2025-11-21 13:49:41.951,150.139276,,,,,,,,,,,,,,,,,,,
2025-11-21 13:49:42.951,622,2025-11-21 13:49:42.951,150.665689,,,,,,,,,,,,,,,,,,,
2025-11-21 13:49:43.951,623,2025-11-21 13:49:43.951,151.166819,,,,,,,,,,,,,,,,,,,
2025-11-21 13:49:44.951,624,2025-11-21 13:49:44.951,151.743212,,,,,,,,,,,,,,,,,,,
2025-11-21 13:49:45.951,625,2025-11-21 13:49:45.951,152.502055,,,,,,,,,,,,,,,,,,,
2025-11-21 13:49:46.951,626,2025-11-21 13:49:46.951,153.324094,,,,,,,,,,,,,,,,,,,
2025-11-21 13:49:47.951,627,2025-11-21 13:49:47.951,153.920825,,,,,,,,,,,,,,,,,,,
2025-11-21 13:49:48.951,628,2025-11-21 13:49:48.951,154.521599,,,,,,,,,,,,,,,,,,,
2025-11-21 13:49:49.951,629,2025-11-21 13:49:49.951,155.132564,,,,,,,,,,,,,,,,,,,
2025-11-21 13:49:50.951,630,2025-11-21 13:49:50.951,155.775964,,,,,,,,,,,,,,,,,,,
2025-11-21 13:49:51.951,631,2025-11-21 13:49:51.951,156.401103,,,,,,,,,,,,,,,,,,,
2025-11-21 13:49:52.951,632,2025-11-21 13:49:52.951,156.996629,,,,,,,,,,,,,,,,,,,
2025-11-21 13:49:53.951,633,2025-11-21 13:49:53.951,157.554427,,,,,,,,,,,,,,,,,,,
2025-11-21 13:49:54.951,634,2025-11-21 13:49:54.951,158.144365,,,,,,,,,,,,,,,,,,,
2025-11-21 13:49:55.951,635,2025-11-21 13:49:55.951,158.724839,,,,,,,,,,,,,,,,,,,
2025-11-21 13:49:56.951,636,2025-11-21 13:49:56.951,159.303346,,,,,,,,,,,,,,,,,,,
2025-11-21 13:49:57.951,637,2025-11-21 13:49:57.951,159.838121,,,,,,,,,,,,,,,,,,,
2025-11-21 13:49:58.951,638,2025-11-21 13:49:58.951,159.649584,,,,,,,,,,,,,,,,,,,
2025-11-21 13:49:59.951,639,2025-11-21 13:49:59.951,158.749663,,,,,,,,,,,,,,,,,,,
2025-11-21 13:50:00.951,640,2025-11-21 13:50:00.951,159.089907,,,,,,,,,,,,,,,,,,,
2025-11-21 13:50:01.951,641,2025-11-21 13:50:01.951,160.0232,,,,,,,,,,,,,,,,,,,
2025-11-21 13:50:02.951,642,2025-11-21 13:50:02.951,161.048288,,,,,,,,,,,,,,,,,,,
2025-11-21 13:50:03.951,643,2025-11-21 13:50:03.951,162.05001,,,,,,,,,,,,,,,,,,,
2025-11-21 13:50:04.951,644,2025-11-21 13:50:04.951,162.805901,,,,,,,,,,,,,,,,,,,
2025-11-21 13:50:05.951,645,2025-11-21 13:50:05.951,162.912615,,,,,,,,,,,,,,,,,,,
2025-11-21 13:50:06.951,646,2025-11-21 13:50:06.951,161.856962,,,,,,,,,,,,,,,,,,,
2025-11-21 13:50:07.951,647,2025-11-21 13:50:07.951,161.568803,,,,,,,,,,,,,,,,,,,
2025-11-21 13:50:08.951,648,2025-11-21 13:50:08.951,162.291823,,,,,,,,,,,,,,,,,,,
2025-11-21 13:50:09.951,649,2025-11-21 13:50:09.951,163.538277,,,,,,,,,,,,,,,,,,,
2025-11-21 13:50:10.951,650,2025-11-21 13:50:10.951,164.765564,,,,,,,,,,,,,,,,,,,
2025-11-21 13:50:11.951,651,2025-11-21 13:50:11.951,165.671196,,,,,,,,,,,,,,,,,,,
2025-11-21 13:50:12.951,652,2025-11-21 13:50:12.951,165.893289,,,,,,,,,,,,,,,,,,,
2025-11-21 13:50:13.951,653,2025-11-21 13:50:13.951,165.365764,,,,,,,,,,,,,,,,,,,
2025-11-21 13:50:14.951,654,2025-11-21 13:50:14.951,164.939513,,,,,,,,,,,,,,,,,,,
2025-11-21 13:50:15.951,655,2025-11-21 13:50:15.951,165.294144,,,,,,,,,,,,,,,,,,,
2025-11-21 13:50:16.951,656,2025-11-21 13:50:16.951,166.169282,,,,,,,,,,,,,,,,,,,
2025-11-21 13:50:17.951,657,2025-11-21 13:50:17.951,167.171122,,,,,,,,,,,,,,,,,,,
2025-11-21 13:50:18.951,658,2025-11-21 13:50:18.951,167.788058,,,,,,,,,,,,,,,,,,,
2025-11-21 13:50:19.951,659,2025-11-21 13:50:19.951,167.689079,,,,,,,,,,,,,,,,,,,
2025-11-21 13:50:20.951,660,2025-11-21 13:50:20.951,167.523311,,,,,,,,,,,,,,,,,,,
2025-11-21 13:50:21.951,661,2025-11-21 13:50:21.951,167.830135,,,,,,,,,,,,,,,,,,,
2025-11-21 13:50:22.951,662,2025-11-21 13:50:22.951,168.439279,,,,,,,,,,,,,,,,,,,
2025-11-21 13:50:23.951,663,2025-11-21 13:50:23.951,169.286913,,,,,,,,,,,,,,,,,,,
2025-11-21 13:50:24.951,664,2025-11-21 13:50:24.951,169.919918,,,,,,,,,,,,,,,,,,,
2025-11-21 13:50:25.951,665,2025-11-21 13:50:25.951,170.080435,,,,,,,,,,,,,,,,,,,
2025-11-21 13:50:26.951,666,2025-11-21 13:50:26.951,170.244999,,,,,,,,,,,,,,,,,,,
2025-11-21 13:50:27.951,667,2025-11-21 13:50:27.951,170.594916,,,,,,,,,,,,,,,,,,,
2025-11-21 13:50:28.951,668,2025-11-21 13:50:28.951,170.955118,,,,,,,,,,,,,,,,,,,
2025-11-21 13:50:29.951,669,2025-11-21 13:50:29.951,171.602419,,,,,,,,,,,,,,,,,,,
2025-11-21 13:50:30.951,670,2025-11-21 13:50:30.951,172.019377,,,,,,,,,,,,,,,,,,,
2025-11-21 13:50:31.951,671,2025-11-21 13:50:31.951,172.423884,,,,,,,,,,,,,,,,,,,
2025-11-21 13:50:32.951,672,2025-11-21 13:50:32.951,172.904952,,,,,,,,,,,,,,,,,,,
2025-11-21 13:50:33.951,673,2025-11-21 13:50:33.951,173.232076,,,,,,,,,,,,,,,,,,,
2025-11-21 13:50:34.951,674,2025-11-21 13:50:34.951,173.697748,,,,,,,,,,,,,,,,,,,
2025-11-21 13:50:35.951,675,2025-11-21 13:50:35.951,174.227638,,,,,,,,,,,,,,,,,,,
2025-11-21 13:50:36.951,676,2025-11-21 13:50:36.951,174.701838,,,,,,,,,,,,,,,,,,,
2025-11-21 13:50:37.951,677,2025-11-21 13:50:37.951,175.192376,,,,,,,,,,,,,,,,,,,
2025-11-21 13:50:38.951,678,2025-11-21 13:50:38.951,175.763566,,,,,,,,,,,,,,,,,,,
2025-11-21 13:50:39.951,679,2025-11-21 13:50:39.951,176.276213,,,,,,,,,,,,,,,,,,,
2025-11-21 13:50:40.951,680,2025-11-21 13:50:40.951,176.867756,,,,,,,,,,,,,,,,,,,
2025-11-21 13:50:41.951,681,2025-11-21 13:50:41.951,177.514447,,,,,,,,,,,,,,,,,,,
2025-11-21 13:50:42.951,682,2025-11-21 13:50:42.951,177.930315,,,,,,,,,,,,,,,,,,,
2025-11-21 13:50:43.951,683,2025-11-21 13:50:43.951,178.678527,,,,,,,,,,,,,,,,,,,
2025-11-21 13:50:44.951,684,2025-11-21 13:50:44.951,179.309883,,,,,,,,,,,,,,,,,,,
2025-11-21 13:50:45.951,685,2025-11-21 13:50:45.951,179.865181,,,,,,,,,,,,,,,,,,,
2025-11-21 13:50:46.951,686,2025-11-21 13:50:46.951,180.621932,,,,,,,,,,,,,,,,,,,
2025-11-21 13:50:47.951,687,2025-11-21 13:50:47.951,181.211142,,,,,,,,,,,,,,,,,,,
2025-11-21 13:50:48.951,688,2025-11-21 13:50:48.951,181.978689,,,,,,,,,,,,,,,,,,,
2025-11-21 13:50:49.951,689,2025-11-21 13:50:49.951,182.637153,,,,,,,,,,,,,,,,,,,
2025-11-21 13:50:50.951,690,2025-11-21 13:50:50.951,183.371986,,,,,,,,,,,,,,,,,,,
2025-11-21 13:50:51.951,691,2025-11-21 13:50:51.951,184.019894,,,,,,,,,,,,,,,,,,,
2025-11-21 13:50:52.951,692,2025-11-21 13:50:52.951,184.681378,,,,,,,,,,,,,,,,,,,
2025-11-21 13:50:53.951,693,2025-11-21 13:50:53.951,185.395245,,,,,,,,,,,,,,,,,,,
2025-11-21 13:50:54.951,694,2025-11-21 13:50:54.951,185.848203,,,,,,,,,,,,,,,,,,,
2025-11-21 13:50:55.951,695,2025-11-21 13:50:55.951,186.521141,,,,,,,,,,,,,,,,,,,
2025-11-21 13:50:56.951,696,2025-11-21 13:50:56.951,187.018641,,,,,,,,,,,,,,,,,,,
2025-11-21 13:50:57.951,697,2025-11-21 13:50:57.951,187.601989,,,,,,,,,,,,,,,,,,,
2025-11-21 13:50:58.951,698,2025-11-21 13:50:58.951,188.279629,,,,,,,,,,,,,,,,,,,
2025-11-21 13:50:59.951,699,2025-11-21 13:50:59.951,189.112847,,,,,,,,,,,,,,,,,,,
2025-11-21 13:51:00.951,700,2025-11-21 13:51:00.951,190.314081,,,,,,,,,,,,,,,,,,,
2025-11-21 13:51:01.988,701,2025-11-21 13:51:01.988,191.458261,,,,,,,,,,,,,,,,,,,
2025-11-21 13:51:02.951,702,2025-11-21 13:51:02.951,192.439285,,,,,,,,,,,,,,,,,,,
2025-11-21 13:51:03.951,703,2025-11-21 13:51:03.951,193.334257,,,,,,,,,,,,,,,,,,,
2025-11-21 13:51:04.951,704,2025-11-21 13:51:04.951,194.117422,,,,,,,,,,,,,,,,,,,
2025-11-21 13:51:05.951,705,2025-11-21 13:51:05.951,194.86565,,,,,,,,,,,,,,,,,,,
2025-11-21 13:51:06.951,706,2025-11-21 13:51:06.951,195.574875,,,,,,,,,,,,,,,,,,,
2025-11-21 13:51:07.951,707,2025-11-21 13:51:07.951,196.26649,,,,,,,,,,,,,,,,,,,
2025-11-21 13:51:08.951,708,2025-11-21 13:51:08.951,196.917717,,,,,,,,,,,,,,,,,,,
2025-11-21 13:51:09.951,709,2025-11-21 13:51:09.951,197.57003,,,,,,,,,,,,,,,,,,,
2025-11-21 13:51:10.951,710,2025-11-21 13:51:10.951,198.245226,,,,,,,,,,,,,,,,,,,
2025-11-21 13:51:11.951,711,2025-11-21 13:51:11.951,198.861306,,,,,,,,,,,,,,,,,,,
2025-11-21 13:51:12.951,712,2025-11-21 13:51:12.951,199.485816,,,,,,,,,,,,,,,,,,,
2025-11-21 13:51:13.951,713,2025-11-21 13:51:13.951,200.090344,,,,,,,,,,,,,,,,,,,
2025-11-21 13:51:14.951,714,2025-11-21 13:51:14.951,200.689335,,,,,,,,,,,,,,,,,,,
2025-11-21 13:51:15.951,715,2025-11-21 13:51:15.951,201.23159,,,,,,,,,,,,,,,,,,,
2025-11-21 13:51:16.951,716,2025-11-21 13:51:16.951,201.758917,,,,,,,,,,,,,,,,,,,
2025-11-21 13:51:17.951,717,2025-11-21 13:51:17.951,202.276676,,,,,,,,,,,,,,,,,,,
2025-11-21 13:51:18.951,718,2025-11-21 13:51:18.951,202.804772,,,,,,,,,,,,,,,,,,,
2025-11-21 13:51:19.951,719,2025-11-21 13:51:19.951,203.28577,,,,,,,,,,,,,,,,,,,
2025-11-21 13:51:20.951,720,2025-11-21 13:51:20.951,203.773896,,,,,,,,,,,,,,,,,,,
2025-11-21 13:51:21.951,721,2025-11-21 13:51:21.951,204.295502,,,,,,,,,,,,,,,,,,,
2025-11-21 13:51:22.951,722,2025-11-21 13:51:22.951,204.772547,,,,,,,,,,,,,,,,,,,
2025-11-21 13:51:23.951,723,2025-11-21 13:51:23.951,205.246843,,,,,,,,,,,,,,,,,,,
2025-11-21 13:51:24.951,724,2025-11-21 13:51:24.951,205.792664,,,,,,,,,,,,,,,,,,,
2025-11-21 13:51:25.951,725,2025-11-21 13:51:25.951,206.296855,,,,,,,,,,,,,,,,,,,
2025-11-21 13:51:26.951,726,2025-11-21 13:51:26.951,207.105824,,,,,,,,,,,,,,,,,,,
2025-11-21 13:51:27.951,727,2025-11-21 13:51:27.951,207.739241,,,,,,,,,,,,,,,,,,,
2025-11-21 13:51:28.951,728,2025-11-21 13:51:28.951,208.3482,,,,,,,,,,,,,,,,,,,
2025-11-21 13:51:29.951,729,2025-11-21 13:51:29.951,209.034576,,,,,,,,,,,,,,,,,,,
2025-11-21 13:51:30.951,730,2025-11-21 13:51:30.951,209.272242,,,,,,,,,,,,,,,,,,,
2025-11-21 13:51:31.951,731,2025-11-21 13:51:31.951,209.262838,,,,,,,,,,,,,,,,,,,
2025-11-21 13:51:32.951,732,2025-11-21 13:51:32.951,209.520638,,,,,,,,,,,,,,,,,,,
2025-11-21 13:51:33.951,733,2025-11-21 13:51:33.951,209.738661,,,,,,,,,,,,,,,,,,,
2025-11-21 13:51:34.951,734,2025-11-21 13:51:34.951,209.942678,,,,,,,,,,,,,,,,,,,
2025-11-21 13:51:35.951,735,2025-11-21 13:51:35.951,210.370792,,,,,,,,,,,,,,,,,,,
2025-11-21 13:51:36.951,736,2025-11-21 13:51:36.951,210.730209,,,,,,,,,,,,,,,,,,,
2025-11-21 13:51:37.951,737,2025-11-21 13:51:37.951,210.964987,,,,,,,,,,,,,,,,,,,
2025-11-21 13:51:38.951,738,2025-11-21 13:51:38.951,211.361898,,,,,,,,,,,,,,,,,,,
2025-11-21 13:51:39.951,739,2025-11-21 13:51:39.951,211.745531,,,,,,,,,,,,,,,,,,,
2025-11-21 13:51:40.951,740,2025-11-21 13:51:40.951,212.151142,,,,,,,,,,,,,,,,,,,
2025-11-21 13:51:41.951,741,2025-11-21 13:51:41.951,212.69468,,,,,,,,,,,,,,,,,,,
2025-11-21 13:51:42.951,742,2025-11-21 13:51:42.951,213.108905,,,,,,,,,,,,,,,,,,,
2025-11-21 13:51:43.951,743,2025-11-21 13:51:43.951,213.524991,,,,,,,,,,,,,,,,,,,
2025-11-21 13:51:44.951,744,2025-11-21 13:51:44.951,214.080663,,,,,,,,,,,,,,,,,,,
2025-11-21 13:51:45.951,745,2025-11-21 13:51:45.951,214.83343,,,,,,,,,,,,,,,,,,,
2025-11-21 13:51:46.951,746,2025-11-21 13:51:46.951,215.42748,,,,,,,,,,,,,,,,,,,
2025-11-21 13:51:47.951,747,2025-11-21 13:51:47.951,216.097881,,,,,,,,,,,,,,,,,,,
2025-11-21 13:51:48.951,748,2025-11-21 13:51:48.951,216.602842,,,,,,,,,,,,,,,,,,,
2025-11-21 13:51:49.951,749,2025-11-21 13:51:49.951,217.162398,,,,,,,,,,,,,,,,,,,
2025-11-21 13:51:50.951,750,2025-11-21 13:51:50.951,217.803717,,,,,,,,,,,,,,,,,,,
2025-11-21 13:51:51.951,751,2025-11-21 13:51:51.951,218.262507,,,,,,,,,,,,,,,,,,,
2025-11-21 13:51:52.951,752,2025-11-21 13:51:52.951,218.785699,,,,,,,,,,,,,,,,,,,
2025-11-21 13:51:53.951,753,2025-11-21 13:51:53.951,219.344672,,,,,,,,,,,,,,,,,,,
2025-11-21 13:51:54.951,754,2025-11-21 13:51:54.951,219.708995,,,,,,,,,,,,,,,,,,,
2025-11-21 13:51:55.951,755,2025-11-21 13:51:55.951,220.262189,,,,,,,,,,,,,,,,,,,
2025-11-21 13:51:56.951,756,2025-11-21 13:51:56.951,220.739546,,,,,,,,,,,,,,,,,,,
2025-11-21 13:51:57.951,757,2025-11-21 13:51:57.951,221.037846,,,,,,,,,,,,,,,,,,,
2025-11-21 13:51:58.951,758,2025-11-21 13:51:58.951,221.699745,,,,,,,,,,,,,,,,,,,
2025-11-21 13:51:59.951,759,2025-11-21 13:51:59.951,222.093709,,,,,,,,,,,,,,,,,,,
2025-11-21 13:52:00.951,760,2025-11-21 13:52:00.951,222.785725,,,,,,,,,,,,,,,,,,,
2025-11-21 13:52:01.951,761,2025-11-21 13:52:01.951,223.372498,,,,,,,,,,,,,,,,,,,
2025-11-21 13:52:02.951,762,2025-11-21 13:52:02.951,223.819716,,,,,,,,,,,,,,,,,,,
2025-11-21 13:52:03.951,763,2025-11-21 13:52:03.951,224.270264,,,,,,,,,,,,,,,,,,,
2025-11-21 13:52:04.951,764,2025-11-21 13:52:04.951,224.818942,,,,,,,,,,,,,,,,,,,
2025-11-21 13:52:05.951,765,2025-11-21 13:52:05.951,225.228751,,,,,,,,,,,,,,,,,,,
2025-11-21 13:52:06.951,766,2025-11-21 13:52:06.951,225.628201,,,,,,,,,,,,,,,,,,,
2025-11-21 13:52:07.951,767,2025-11-21 13:52:07.951,226.151273,,,,,,,,,,,,,,,,,,,
2025-11-21 13:52:08.951,768,2025-11-21 13:52:08.951,226.505118,,,,,,,,,,,,,,,,,,,
2025-11-21 13:52:09.951,769,2025-11-21 13:52:09.951,226.950226,,,,,,,,,,,,,,,,,,,
2025-11-21 13:52:10.951,770,2025-11-21 13:52:10.951,227.444378,,,,,,,,,,,,,,,,,,,
2025-11-21 13:52:11.951,771,2025-11-21 13:52:11.951,227.820097,,,,,,,,,,,,,,,,,,,
2025-11-21 13:52:12.951,772,2025-11-21 13:52:12.951,228.356435,,,,,,,,,,,,,,,,,,,
2025-11-21 13:52:13.951,773,2025-11-21 13:52:13.951,228.325832,,,,,,,,,,,,,,,,,,,
2025-11-21 13:52:14.951,774,2025-11-21 13:52:14.951,228.222119,,,,,,,,,,,,,,,,,,,
2025-11-21 13:52:15.951,775,2025-11-21 13:52:15.951,228.477066,,,,,,,,,,,,,,,,,,,
2025-11-21 13:52:16.951,776,2025-11-21 13:52:16.951,228.671942,,,,,,,,,,,,,,,,,,,
2025-11-21 13:52:17.951,777,2025-11-21 13:52:17.951,228.9139,,,,,,,,,,,,,,,,,,,
2025-11-21 13:52:18.951,778,2025-11-21 13:52:18.951,229.39337,,,,,,,,,,,,,,,,,,,
2025-11-21 13:52:19.951,779,2025-11-21 13:52:19.951,229.787008,,,,,,,,,,,,,,,,,,,
2025-11-21 13:52:20.951,780,2025-11-21 13:52:20.951,230.214964,,,,,,,,,,,,,,,,,,,
2025-11-21 13:52:21.951,781,2025-11-21 13:52:21.951,230.733659,,,,,,,,,,,,,,,,,,,
2025-11-21 13:52:22.951,782,2025-11-21 13:52:22.951,231.14373,,,,,,,,,,,,,,,,,,,
2025-11-21 13:52:23.951,783,2025-11-21 13:52:23.951,231.737958,,,,,,,,,,,,,,,,,,,
2025-11-21 13:52:24.951,784,2025-11-21 13:52:24.951,232.215783,,,,,,,,,,,,,,,,,,,
2025-11-21 13:52:25.951,785,2025-11-21 13:52:25.951,232.606952,,,,,,,,,,,,,,,,,,,
2025-11-21 13:52:26.951,786,2025-11-21 13:52:26.951,233.181854,,,,,,,,,,,,,,,,,,,
2025-11-21 13:52:27.951,787,2025-11-21 13:52:27.951,233.557158,,,,,,,,,,,,,,,,,,,
2025-11-21 13:52:28.951,788,2025-11-21 13:52:28.951,234.012847,,,,,,,,,,,,,,,,,,,
2025-11-21 13:52:29.951,789,2025-11-21 13:52:29.951,234.485941,,,,,,,,,,,,,,,,,,,
2025-11-21 13:52:30.951,790,2025-11-21 13:52:30.951,234.818434,,,,,,,,,,,,,,,,,,,
2025-11-21 13:52:31.951,791,2025-11-21 13:52:31.951,235.327115,,,,,,,,,,,,,,,,,,,
2025-11-21 13:52:32.964,792,2025-11-21 13:52:32.964,235.70986,,,,,,,,,,,,,,,,,,,
2025-11-21 13:52:33.951,793,2025-11-21 13:52:33.951,236.115867,,,,,,,,,,,,,,,,,,,
2025-11-21 13:52:34.951,794,2025-11-21 13:52:34.951,236.608754,,,,,,,,,,,,,,,,,,,
2025-11-21 13:52:35.951,795,2025-11-21 13:52:35.951,236.925281,,,,,,,,,,,,,,,,,,,
2025-11-21 13:52:36.951,796,2025-11-21 13:52:36.951,237.431006,,,,,,,,,,,,,,,,,,,
2025-11-21 13:52:37.951,797,2025-11-21 13:52:37.951,237.829789,,,,,,,,,,,,,,,,,,,
2025-11-21 13:52:38.951,798,2025-11-21 13:52:38.951,238.177476,,,,,,,,,,,,,,,,,,,
2025-11-21 13:52:39.951,799,2025-11-21 13:52:39.951,238.716191,,,,,,,,,,,,,,,,,,,
2025-11-21 13:52:40.951,800,2025-11-21 13:52:40.951,239.032245,,,,,,,,,,,,,,,,,,,
2025-11-21 13:52:41.951,801,2025-11-21 13:52:41.951,239.499606,,,,,,,,,,,,,,,,,,,
2025-11-21 13:52:42.951,802,2025-11-21 13:52:42.951,239.934328,,,,,,,,,,,,,,,,,,,
2025-11-21 13:52:43.951,803,2025-11-21 13:52:43.951,240.258566,,,,,,,,,,,,,,,,,,,
2025-11-21 13:52:44.951,804,2025-11-21 13:52:44.951,240.786462,,,,,,,,,,,,,,,,,,,
2025-11-21 13:52:45.951,805,2025-11-21 13:52:45.951,241.129512,,,,,,,,,,,,,,,,,,,
2025-11-21 13:52:46.951,806,2025-11-21 13:52:46.951,241.570339,,,,,,,,,,,,,,,,,,,
2025-11-21 13:52:47.951,807,2025-11-21 13:52:47.951,242.030431,,,,,,,,,,,,,,,,,,,
2025-11-21 13:52:48.951,808,2025-11-21 13:52:48.951,242.330117,,,,,,,,,,,,,,,,,,,
2025-11-21 13:52:49.951,809,2025-11-21 13:52:49.951,242.815575,,,,,,,,,,,,,,,,,,,
2025-11-21 13:52:50.951,810,2025-11-21 13:52:50.951,243.171752,,,,,,,,,,,,,,,,,,,
2025-11-21 13:52:51.951,811,2025-11-21 13:52:51.951,243.605738,,,,,,,,,,,,,,,,,,,
2025-11-21 13:52:52.951,812,2025-11-21 13:52:52.951,244.05657,,,,,,,,,,,,,,,,,,,
2025-11-21 13:52:53.951,813,2025-11-21 13:52:53.951,244.393009,,,,,,,,,,,,,,,,,,,
2025-11-21 13:52:54.951,814,2025-11-21 13:52:54.951,244.899534,,,,,,,,,,,,,,,,,,,
2025-11-21 13:52:55.951,815,2025-11-21 13:52:55.951,245.204593,,,,,,,,,,,,,,,,,,,
2025-11-21 13:52:56.951,816,2025-11-21 13:52:56.951,245.660329,,,,,,,,,,,,,,,,,,,
2025-11-21 13:52:57.951,817,2025-11-21 13:52:57.951,246.097542,,,,,,,,,,,,,,,,,,,
2025-11-21 13:52:58.951,818,2025-11-21 13:52:58.951,246.441337,,,,,,,,,,,,,,,,,,,
2025-11-21 13:52:59.951,819,2025-11-21 13:52:59.951,246.936222,,,,,,,,,,,,,,,,,,,
2025-11-21 13:53:00.951,820,2025-11-21 13:53:00.951,247.237792,,,,,,,,,,,,,,,,,,,
2025-11-21 13:53:01.951,821,2025-11-21 13:53:01.951,247.709594,,,,,,,,,,,,,,,,,,,
2025-11-21 13:53:02.951,822,2025-11-21 13:53:02.951,248.094908,,,,,,,,,,,,,,,,,,,
2025-11-21 13:53:03.951,823,2025-11-21 13:53:03.951,248.460677,,,,,,,,,,,,,,,,,,,
2025-11-21 13:53:04.951,824,2025-11-21 13:53:04.951,248.928863,,,,,,,,,,,,,,,,,,,
2025-11-21 13:53:05.951,825,2025-11-21 13:53:05.951,249.210778,,,,,,,,,,,,,,,,,,,
2025-11-21 13:53:06.951,826,2025-11-21 13:53:06.951,249.731896,,,,,,,,,,,,,,,,,,,
2025-11-21 13:53:07.951,827,2025-11-21 13:53:07.951,250.059165,,,,,,,,,,,,,,,,,,,
2025-11-21 13:53:08.951,828,2025-11-21 13:53:08.951,250.449365,,,,,,,,,,,,,,,,,,,
2025-11-21 13:53:09.951,829,2025-11-21 13:53:09.951,250.872862,,,,,,,,,,,,,,,,,,,
2025-11-21 13:53:10.951,830,2025-11-21 13:53:10.951,251.193551,,,,,,,,,,,,,,,,,,,
2025-11-21 13:53:11.951,831,2025-11-21 13:53:11.951,251.682109,,,,,,,,,,,,,,,,,,,
2025-11-21 13:53:12.951,832,2025-11-21 13:53:12.951,252.006558,,,,,,,,,,,,,,,,,,,
2025-11-21 13:53:13.951,833,2025-11-21 13:53:13.951,252.43711,,,,,,,,,,,,,,,,,,,
2025-11-21 13:53:14.951,834,2025-11-21 13:53:14.951,252.829286,,,,,,,,,,,,,,,,,,,
2025-11-21 13:53:15.951,835,2025-11-21 13:53:15.951,253.208195,,,,,,,,,,,,,,,,,,,
2025-11-21 13:53:16.951,836,2025-11-21 13:53:16.951,253.673842,,,,,,,,,,,,,,,,,,,
2025-11-21 13:53:17.951,837,2025-11-21 13:53:17.951,253.955027,,,,,,,,,,,,,,,,,,,
2025-11-21 13:53:18.951,838,2025-11-21 13:53:18.951,254.446322,,,,,,,,,,,,,,,,,,,
2025-11-21 13:53:19.951,839,2025-11-21 13:53:19.951,254.775348,,,,,,,,,,,,,,,,,,,
2025-11-21 13:53:20.951,840,2025-11-21 13:53:20.951,255.184133,,,,,,,,,,,,,,,,,,,
2025-11-21 13:53:21.951,841,2025-11-21 13:53:21.951,255.613008,,,,,,,,,,,,,,,,,,,
2025-11-21 13:53:22.951,842,2025-11-21 13:53:22.951,255.916098,,,,,,,,,,,,,,,,,,,
2025-11-21 13:53:23.951,843,2025-11-21 13:53:23.951,256.392611,,,,,,,,,,,,,,,,,,,
2025-11-21 13:53:24.951,844,2025-11-21 13:53:24.951,256.675542,,,,,,,,,,,,,,,,,,,
2025-11-21 13:53:25.951,845,2025-11-21 13:53:25.951,257.140616,,,,,,,,,,,,,,,,,,,
2025-11-21 13:53:26.951,846,2025-11-21 13:53:26.951,257.501779,,,,,,,,,,,,,,,,,,,
2025-11-21 13:53:27.951,847,2025-11-21 13:53:27.951,257.853504,,,,,,,,,,,,,,,,,,,
2025-11-21 13:53:28.951,848,2025-11-21 13:53:28.951,258.315641,,,,,,,,,,,,,,,,,,,
2025-11-21 13:53:29.951,849,2025-11-21 13:53:29.951,258.596696,,,,,,,,,,,,,,,,,,,
2025-11-21 13:53:30.951,850,2025-11-21 13:53:30.951,259.067185,,,,,,,,,,,,,,,,,,,
2025-11-21 13:53:31.951,851,2025-11-21 13:53:31.951,259.382239,,,,,,,,,,,,,,,,,,,
2025-11-21 13:53:32.951,852,2025-11-21 13:53:32.951,259.77315,,,,,,,,,,,,,,,,,,,
2025-11-21 13:53:33.951,853,2025-11-21 13:53:33.951,260.191037,,,,,,,,,,,,,,,,,,,
2025-11-21 13:53:34.951,854,2025-11-21 13:53:34.951,260.489438,,,,,,,,,,,,,,,,,,,
2025-11-21 13:53:35.951,855,2025-11-21 13:53:35.951,260.967449,,,,,,,,,,,,,,,,,,,
2025-11-21 13:53:36.951,856,2025-11-21 13:53:36.951,261.253691,,,,,,,,,,,,,,,,,,,
2025-11-21 13:53:37.951,857,2025-11-21 13:53:37.951,261.696765,,,,,,,,,,,,,,,,,,,
2025-11-21 13:53:38.951,858,2025-11-21 13:53:38.951,262.035023,,,,,,,,,,,,,,,,,,,
2025-11-21 13:53:39.951,859,2025-11-21 13:53:39.951,262.427514,,,,,,,,,,,,,,,,,,,
2025-11-21 13:53:40.951,860,2025-11-21 13:53:40.951,262.836989,,,,,,,,,,,,,,,,,,,
2025-11-21 13:53:41.951,861,2025-11-21 13:53:41.951,263.141084,,,,,,,,,,,,,,,,,,,
2025-11-21 13:53:42.951,862,2025-11-21 13:53:42.951,263.596804,,,,,,,,,,,,,,,,,,,
2025-11-21 13:53:43.951,863,2025-11-21 13:53:43.951,263.871556,,,,,,,,,,,,,,,,,,,
2025-11-21 13:53:44.951,864,2025-11-21 13:53:44.951,264.324561,,,,,,,,,,,,,,,,,,,
2025-11-21 13:53:45.951,865,2025-11-21 13:53:45.951,264.655202,,,,,,,,,,,,,,,,,,,
2025-11-21 13:53:46.951,866,2025-11-21 13:53:46.951,265.036962,,,,,,,,,,,,,,,,,,,
2025-11-21 13:53:47.951,867,2025-11-21 13:53:47.951,265.421317,,,,,,,,,,,,,,,,,,,
2025-11-21 13:53:48.951,868,2025-11-21 13:53:48.951,265.740351,,,,,,,,,,,,,,,,,,,
2025-11-21 13:53:49.951,869,2025-11-21 13:53:49.951,266.201046,,,,,,,,,,,,,,,,,,,
2025-11-21 13:53:50.951,870,2025-11-21 13:53:50.951,266.496324,,,,,,,,,,,,,,,,,,,
2025-11-21 13:53:51.951,871,2025-11-21 13:53:51.951,266.933868,,,,,,,,,,,,,,,,,,,
2025-11-21 13:53:52.951,872,2025-11-21 13:53:52.951,267.251765,,,,,,,,,,,,,,,,,,,
2025-11-21 13:53:53.951,873,2025-11-21 13:53:53.951,267.624841,,,,,,,,,,,,,,,,,,,
2025-11-21 13:53:54.951,874,2025-11-21 13:53:54.951,268.004976,,,,,,,,,,,,,,,,,,,
2025-11-21 13:53:55.951,875,2025-11-21 13:53:55.951,268.319353,,,,,,,,,,,,,,,,,,,
2025-11-21 13:53:56.951,876,2025-11-21 13:53:56.951,268.737613,,,,,,,,,,,,,,,,,,,
2025-11-21 13:53:57.951,877,2025-11-21 13:53:57.951,269.024345,,,,,,,,,,,,,,,,,,,
2025-11-21 13:53:58.951,878,2025-11-21 13:53:58.951,269.448609,,,,,,,,,,,,,,,,,,,
2025-11-21 13:53:59.951,879,2025-11-21 13:53:59.951,269.784163,,,,,,,,,,,,,,,,,,,
2025-11-21 13:54:00.951,880,2025-11-21 13:54:00.951,270.139612,,,,,,,,,,,,,,,,,,,
2025-11-21 13:54:01.993,881,2025-11-21 13:54:01.993,270.544933,,,,,,,,,,,,,,,,,,,
2025-11-21 13:54:02.951,882,2025-11-21 13:54:02.951,270.85398,,,,,,,,,,,,,,,,,,,
2025-11-21 13:54:03.951,883,2025-11-21 13:54:03.951,271.248093,,,,,,,,,,,,,,,,,,,
2025-11-21 13:54:04.951,884,2025-11-21 13:54:04.951,271.551278,,,,,,,,,,,,,,,,,,,
2025-11-21 13:54:05.951,885,2025-11-21 13:54:05.951,271.964293,,,,,,,,,,,,,,,,,,,
2025-11-21 13:54:06.951,886,2025-11-21 13:54:06.951,272.27579,,,,,,,,,,,,,,,,,,,
2025-11-21 13:54:07.951,887,2025-11-21 13:54:07.951,272.640591,,,,,,,,,,,,,,,,,,,
2025-11-21 13:54:08.951,888,2025-11-21 13:54:08.951,273.015299,,,,,,,,,,,,,,,,,,,
2025-11-21 13:54:09.951,889,2025-11-21 13:54:09.951,273.345269,,,,,,,,,,,,,,,,,,,
2025-11-21 13:54:10.951,890,2025-11-21 13:54:10.951,273.727894,,,,,,,,,,,,,,,,,,,
2025-11-21 13:54:11.951,891,2025-11-21 13:54:11.951,274.043817,,,,,,,,,,,,,,,,,,,
2025-11-21 13:54:12.951,892,2025-11-21 13:54:12.951,274.449315,,,,,,,,,,,,,,,,,,,
2025-11-21 13:54:13.951,893,2025-11-21 13:54:13.951,274.745448,,,,,,,,,,,,,,,,,,,
2025-11-21 13:54:14.951,894,2025-11-21 13:54:14.951,275.124067,,,,,,,,,,,,,,,,,,,
2025-11-21 13:54:15.951,895,2025-11-21 13:54:15.951,275.469629,,,,,,,,,,,,,,,,,,,
2025-11-21 13:54:16.951,896,2025-11-21 13:54:16.951,275.813856,,,,,,,,,,,,,,,,,,,
2025-11-21 13:54:17.951,897,2025-11-21 13:54:17.951,276.189754,,,,,,,,,,,,,,,,,,,
2025-11-21 13:54:18.951,898,2025-11-21 13:54:18.951,276.512276,,,,,,,,,,,,,,,,,,,
2025-11-21 13:54:19.951,899,2025-11-21 13:54:19.951,276.878177,,,,,,,,,,,,,,,,,,,
2025-11-21 13:54:20.951,900,2025-11-21 13:54:20.951,277.207361,,,,,,,,,,,,,,,,,,,
2025-11-21 13:54:21.951,901,2025-11-21 13:54:21.951,277.553797,,,,,,,,,,,,,,,,,,,
2025-11-21 13:54:22.951,902,2025-11-21 13:54:22.951,277.894289,,,,,,,,,,,,,,,,,,,
2025-11-21 13:54:23.951,903,2025-11-21 13:54:23.951,278.224358,,,,,,,,,,,,,,,,,,,
2025-11-21 13:54:24.951,904,2025-11-21 13:54:24.951,278.579632,,,,,,,,,,,,,,,,,,,
2025-11-21 13:54:25.951,905,2025-11-21 13:54:25.951,278.901531,,,,,,,,,,,,,,,,,,,
2025-11-21 13:54:26.951,906,2025-11-21 13:54:26.951,279.269123,,,,,,,,,,,,,,,,,,,
2025-11-21 13:54:27.951,907,2025-11-21 13:54:27.951,279.592783,,,,,,,,,,,,,,,,,,,
2025-11-21 13:54:28.951,908,2025-11-21 13:54:28.951,279.935454,,,,,,,,,,,,,,,,,,,
2025-11-21 13:54:29.951,909,2025-11-21 13:54:29.951,280.27567,,,,,,,,,,,,,,,,,,,
2025-11-21 13:54:30.951,910,2025-11-21 13:54:30.951,280.620119,,,,,,,,,,,,,,,,,,,
2025-11-21 13:54:31.951,911,2025-11-21 13:54:31.951,280.957655,,,,,,,,,,,,,,,,,,,
2025-11-21 13:54:32.951,912,2025-11-21 13:54:32.951,281.284764,,,,,,,,,,,,,,,,,,,
2025-11-21 13:54:33.951,913,2025-11-21 13:54:33.951,281.636114,,,,,,,,,,,,,,,,,,,
2025-11-21 13:54:34.951,914,2025-11-21 13:54:34.951,281.965125,,,,,,,,,,,,,,,,,,,
2025-11-21 13:54:35.951,915,2025-11-21 13:54:35.951,282.314689,,,,,,,,,,,,,,,,,,,
2025-11-21 13:54:36.951,916,2025-11-21 13:54:36.951,282.637329,,,,,,,,,,,,,,,,,,,
2025-11-21 13:54:37.951,917,2025-11-21 13:54:37.951,282.982674,,,,,,,,,,,,,,,,,,,
2025-11-21 13:54:38.951,918,2025-11-21 13:54:38.951,283.312333,,,,,,,,,,,,,,,,,,,
2025-11-21 13:54:39.951,919,2025-11-21 13:54:39.951,283.65534,,,,,,,,,,,,,,,,,,,
2025-11-21 13:54:40.951,920,2025-11-21 13:54:40.951,283.998145,,,,,,,,,,,,,,,,,,,
2025-11-21 13:54:41.951,921,2025-11-21 13:54:41.951,284.313821,,,,,,,,,,,,,,,,,,,
2025-11-21 13:54:42.951,922,2025-11-21 13:54:42.951,284.666629,,,,,,,,,,,,,,,,,,,
2025-11-21 13:54:43.951,923,2025-11-21 13:54:43.951,284.986311,,,,,,,,,,,,,,,,,,,
2025-11-21 13:54:44.951,924,2025-11-21 13:54:44.951,285.333296,,,,,,,,,,,,,,,,,,,
2025-11-21 13:54:45.951,925,2025-11-21 13:54:45.951,285.623234,,,,,,,,,,,,,,,,,,,
2025-11-21 13:54:46.951,926,2025-11-21 13:54:46.951,285.967016,,,,,,,,,,,,,,,,,,,
2025-11-21 13:54:47.951,927,2025-11-21 13:54:47.951,286.28795,,,,,,,,,,,,,,,,,,,
2025-11-21 13:54:48.951,928,2025-11-21 13:54:48.951,286.640301,,,,,,,,,,,,,,,,,,,
2025-11-21 13:54:49.951,929,2025-11-21 13:54:49.951,286.95573,,,,,,,,,,,,,,,,,,,
2025-11-21 13:54:50.951,930,2025-11-21 13:54:50.951,287.288243,,,,,,,,,,,,,,,,,,,
2025-11-21 13:54:51.951,931,2025-11-21 13:54:51.951,287.629491,,,,,,,,,,,,,,,,,,,
2025-11-21 13:54:52.951,932,2025-11-21 13:54:52.951,287.955284,,,,,,,,,,,,,,,,,,,
2025-11-21 13:54:53.951,933,2025-11-21 13:54:53.951,288.283181,,,,,,,,,,,,,,,,,,,
2025-11-21 13:54:54.951,934,2025-11-21 13:54:54.951,288.608284,,,,,,,,,,,,,,,,,,,
2025-11-21 13:54:55.951,935,2025-11-21 13:54:55.951,288.905021,,,,,,,,,,,,,,,,,,,
2025-11-21 13:54:56.951,936,2025-11-21 13:54:56.951,289.239582,,,,,,,,,,,,,,,,,,,
2025-11-21 13:54:57.951,937,2025-11-21 13:54:57.951,289.532748,,,,,,,,,,,,,,,,,,,
2025-11-21 13:54:58.951,938,2025-11-21 13:54:58.951,289.865217,,,,,,,,,,,,,,,,,,,
2025-11-21 13:54:59.951,939,2025-11-21 13:54:59.951,290.180464,,,,,,,,,,,,,,,,,,,
2025-11-21 13:55:00.951,940,2025-11-21 13:55:00.951,290.504799,,,,,,,,,,,,,,,,,,,
2025-11-21 13:55:01.951,941,2025-11-21 13:55:01.951,290.820051,,,,,,,,,,,,,,,,,,,
2025-11-21 13:55:02.951,942,2025-11-21 13:55:02.951,291.142391,,,,,,,,,,,,,,,,,,,
2025-11-21 13:55:03.951,943,2025-11-21 13:55:03.951,291.463296,,,,,,,,,,,,,,,,,,,
2025-11-21 13:55:04.951,944,2025-11-21 13:55:04.951,291.778773,,,,,,,,,,,,,,,,,,,
2025-11-21 13:55:05.951,945,2025-11-21 13:55:05.951,292.084212,,,,,,,,,,,,,,,,,,,
2025-11-21 13:55:06.951,946,2025-11-21 13:55:06.951,292.40081,,,,,,,,,,,,,,,,,,,
2025-11-21 13:55:07.951,947,2025-11-21 13:55:07.951,292.717324,,,,,,,,,,,,,,,,,,,
2025-11-21 13:55:08.951,948,2025-11-21 13:55:08.951,293.029225,,,,,,,,,,,,,,,,,,,
2025-11-21 13:55:09.951,949,2025-11-21 13:55:09.951,293.337422,,,,,,,,,,,,,,,,,,,
2025-11-21 13:55:10.951,950,2025-11-21 13:55:10.951,293.646364,,,,,,,,,,,,,,,,,,,
2025-11-21 13:55:11.951,951,2025-11-21 13:55:11.951,293.953314,,,,,,,,,,,,,,,,,,,
2025-11-21 13:55:12.951,952,2025-11-21 13:55:12.951,294.273013,,,,,,,,,,,,,,,,,,,
2025-11-21 13:55:13.951,953,2025-11-21 13:55:13.951,294.587194,,,,,,,,,,,,,,,,,,,
2025-11-21 13:55:14.951,954,2025-11-21 13:55:14.951,294.902173,,,,,,,,,,,,,,,,,,,
2025-11-21 13:55:15.951,955,2025-11-21 13:55:15.951,295.200046,,,,,,,,,,,,,,,,,,,
2025-11-21 13:55:16.951,956,2025-11-21 13:55:16.951,295.52478,,,,,,,,,,,,,,,,,,,
2025-11-21 13:55:17.951,957,2025-11-21 13:55:17.951,295.798348,,,,,,,,,,,,,,,,,,,
2025-11-21 13:55:18.951,958,2025-11-21 13:55:18.951,296.120121,,,,,,,,,,,,,,,,,,,
2025-11-21 13:55:19.951,959,2025-11-21 13:55:19.951,296.415618,,,,,,,,,,,,,,,,,,,
2025-11-21 13:55:20.951,960,2025-11-21 13:55:20.951,296.738899,,,,,,,,,,,,,,,,,,,
2025-11-21 13:55:21.951,961,2025-11-21 13:55:21.951,297.031393,,,,,,,,,,,,,,,,,,,
2025-11-21 13:55:22.951,962,2025-11-21 13:55:22.951,297.327449,,,,,,,,,,,,,,,,,,,
2025-11-21 13:55:23.951,963,2025-11-21 13:55:23.951,297.645331,,,,,,,,,,,,,,,,,,,
2025-11-21 13:55:24.951,964,2025-11-21 13:55:24.951,297.93554,,,,,,,,,,,,,,,,,,,
2025-11-21 13:55:25.951,965,2025-11-21 13:55:25.951,298.241361,,,,,,,,,,,,,,,,,,,
2025-11-21 13:55:26.951,966,2025-11-21 13:55:26.951,298.546869,,,,,,,,,,,,,,,,,,,
2025-11-21 13:55:27.951,967,2025-11-21 13:55:27.951,298.844747,,,,,,,,,,,,,,,,,,,
2025-11-21 13:55:28.951,968,2025-11-21 13:55:28.951,299.146134,,,,,,,,,,,,,,,,,,,
2025-11-21 13:55:29.951,969,2025-11-21 13:55:29.951,299.461658,,,,,,,,,,,,,,,,,,,
2025-11-21 13:55:30.951,970,2025-11-21 13:55:30.951,299.764925,,,,,,,,,,,,,,,,,,,
2025-11-21 13:55:31.951,971,2025-11-21 13:55:31.951,300.052508,,,,,,,,,,,,,,,,,,,
2025-11-21 13:55:32.951,972,2025-11-21 13:55:32.951,300.351103,,,,,,,,,,,,,,,,,,,
2025-11-21 13:55:33.951,973,2025-11-21 13:55:33.951,300.657731,,,,,,,,,,,,,,,,,,,
2025-11-21 13:55:34.951,974,2025-11-21 13:55:34.951,300.960239,,,,,,,,,,,,,,,,,,,
2025-11-21 13:55:35.951,975,2025-11-21 13:55:35.951,301.258178,,,,,,,,,,,,,,,,,,,
2025-11-21 13:55:36.951,976,2025-11-21 13:55:36.951,301.543389,,,,,,,,,,,,,,,,,,,
2025-11-21 13:55:37.951,977,2025-11-21 13:55:37.951,301.83951,,,,,,,,,,,,,,,,,,,
2025-11-21 13:55:38.951,978,2025-11-21 13:55:38.951,302.127416,,,,,,,,,,,,,,,,,,,
2025-11-21 13:55:39.951,979,2025-11-21 13:55:39.951,302.401214,,,,,,,,,,,,,,,,,,,
2025-11-21 13:55:40.951,980,2025-11-21 13:55:40.951,302.71056,,,,,,,,,,,,,,,,,,,
2025-11-21 13:55:41.951,981,2025-11-21 13:55:41.951,303.004714,,,,,,,,,,,,,,,,,,,
2025-11-21 13:55:42.951,982,2025-11-21 13:55:42.951,303.295452,,,,,,,,,,,,,,,,,,,
2025-11-21 13:55:43.951,983,2025-11-21 13:55:43.951,303.592845,,,,,,,,,,,,,,,,,,,
2025-11-21 13:55:44.951,984,2025-11-21 13:55:44.951,303.884952,,,,,,,,,,,,,,,,,,,
2025-11-21 13:55:45.951,985,2025-11-21 13:55:45.951,304.165135,,,,,,,,,,,,,,,,,,,
2025-11-21 13:55:46.951,986,2025-11-21 13:55:46.951,304.465401,,,,,,,,,,,,,,,,,,,
2025-11-21 13:55:47.951,987,2025-11-21 13:55:47.951,304.742634,,,,,,,,,,,,,,,,,,,
2025-11-21 13:55:48.951,988,2025-11-21 13:55:48.951,305.033004,,,,,,,,,,,,,,,,,,,
2025-11-21 13:55:49.951,989,2025-11-21 13:55:49.951,305.310604,,,,,,,,,,,,,,,,,,,
2025-11-21 13:55:50.951,990,2025-11-21 13:55:50.951,305.593913,,,,,,,,,,,,,,,,,,,
2025-11-21 13:55:51.951,991,2025-11-21 13:55:51.951,305.878863,,,,,,,,,,,,,,,,,,,
2025-11-21 13:55:52.951,992,2025-11-21 13:55:52.951,306.168276,,,,,,,,,,,,,,,,,,,
2025-11-21 13:55:53.951,993,2025-11-21 13:55:53.951,306.43434,,,,,,,,,,,,,,,,,,,
2025-11-21 13:55:54.951,994,2025-11-21 13:55:54.951,306.724852,,,,,,,,,,,,,,,,,,,
2025-11-21 13:55:55.951,995,2025-11-21 13:55:55.951,307.001791,,,,,,,,,,,,,,,,,,,
2025-11-21 13:55:56.951,996,2025-11-21 13:55:56.951,307.296286,,,,,,,,,,,,,,,,,,,
2025-11-21 13:55:57.951,997,2025-11-21 13:55:57.951,307.573638,,,,,,,,,,,,,,,,,,,
2025-11-21 13:55:58.951,998,2025-11-21 13:55:58.951,307.859956,,,,,,,,,,,,,,,,,,,
2025-11-21 13:55:59.951,999,2025-11-21 13:55:59.951,308.126007,,,,,,,,,,,,,,,,,,,
2025-11-21 13:56:00.951,1000,2025-11-21 13:56:00.951,308.419888,,,,,,,,,,,,,,,,,,,
2025-11-21 13:56:01.951,1001,2025-11-21 13:56:01.951,308.673773,,,,,,,,,,,,,,,,,,,
2025-11-21 13:56:02.951,1002,2025-11-21 13:56:02.951,308.948455,,,,,,,,,,,,,,,,,,,
2025-11-21 13:56:03.951,1003,2025-11-21 13:56:03.951,309.206343,,,,,,,,,,,,,,,,,,,
2025-11-21 13:56:04.951,1004,2025-11-21 13:56:04.951,309.500005,,,,,,,,,,,,,,,,,,,
2025-11-21 13:56:05.951,1005,2025-11-21 13:56:05.951,309.797465,,,,,,,,,,,,,,,,,,,
2025-11-21 13:56:06.951,1006,2025-11-21 13:56:06.951,310.055458,,,,,,,,,,,,,,,,,,,
2025-11-21 13:56:07.951,1007,2025-11-21 13:56:07.951,310.339779,,,,,,,,,,,,,,,,,,,
2025-11-21 13:56:08.951,1008,2025-11-21 13:56:08.951,310.591811,,,,,,,,,,,,,,,,,,,
2025-11-21 13:56:09.951,1009,2025-11-21 13:56:09.951,310.880217,,,,,,,,,,,,,,,,,,,
2025-11-21 13:56:10.951,1010,2025-11-21 13:56:10.951,311.145053,,,,,,,,,,,,,,,,,,,
2025-11-21 13:56:11.951,1011,2025-11-21 13:56:11.951,311.424999,,,,,,,,,,,,,,,,,,,
2025-11-21 13:56:12.951,1012,2025-11-21 13:56:12.951,311.703088,,,,,,,,,,,,,,,,,,,
2025-11-21 13:56:13.951,1013,2025-11-21 13:56:13.951,311.999468,,,,,,,,,,,,,,,,,,,
2025-11-21 13:56:14.951,1014,2025-11-21 13:56:14.951,312.2745,,,,,,,,,,,,,,,,,,,
2025-11-21 13:56:15.951,1015,2025-11-21 13:56:15.951,312.543336,,,,,,,,,,,,,,,,,,,
2025-11-21 13:56:16.951,1016,2025-11-21 13:56:16.951,312.818482,,,,,,,,,,,,,,,,,,,
2025-11-21 13:56:17.951,1017,2025-11-21 13:56:17.951,313.108259,,,,,,,,,,,,,,,,,,,
2025-11-21 13:56:18.951,1018,2025-11-21 13:56:18.951,313.362541,,,,,,,,,,,,,,,,,,,
2025-11-21 13:56:19.951,1019,2025-11-21 13:56:19.951,313.623436,,,,,,,,,,,,,,,,,,,
2025-11-21 13:56:20.951,1020,2025-11-21 13:56:20.951,313.910028,,,,,,,,,,,,,,,,,,,
2025-11-21 13:56:21.951,1021,2025-11-21 13:56:21.951,314.188176,,,,,,,,,,,,,,,,,,,
2025-11-21 13:56:22.951,1022,2025-11-21 13:56:22.951,314.434405,,,,,,,,,,,,,,,,,,,
2025-11-21 13:56:23.951,1023,2025-11-21 13:56:23.951,314.69507,,,,,,,,,,,,,,,,,,,
2025-11-21 13:56:24.951,1024,2025-11-21 13:56:24.951,314.962323,,,,,,,,,,,,,,,,,,,
2025-11-21 13:56:25.951,1025,2025-11-21 13:56:25.951,315.235246,,,,,,,,,,,,,,,,,,,
2025-11-21 13:56:26.951,1026,2025-11-21 13:56:26.951,315.501678,,,,,,,,,,,,,,,,,,,
2025-11-21 13:56:27.951,1027,2025-11-21 13:56:27.951,315.752363,,,,,,,,,,,,,,,,,,,
2025-11-21 13:56:28.951,1028,2025-11-21 13:56:28.951,316.01122,,,,,,,,,,,,,,,,,,,
2025-11-21 13:56:29.951,1029,2025-11-21 13:56:29.951,316.29185,,,,,,,,,,,,,,,,,,,
2025-11-21 13:56:30.951,1030,2025-11-21 13:56:30.951,316.564514,,,,,,,,,,,,,,,,,,,
2025-11-21 13:56:31.951,1031,2025-11-21 13:56:31.951,316.805621,,,,,,,,,,,,,,,,,,,
2025-11-21 13:56:32.951,1032,2025-11-21 13:56:32.951,317.053514,,,,,,,,,,,,,,,,,,,
2025-11-21 13:56:33.951,1033,2025-11-21 13:56:33.951,317.324655,,,,,,,,,,,,,,,,,,,
2025-11-21 13:56:34.951,1034,2025-11-21 13:56:34.951,317.581726,,,,,,,,,,,,,,,,,,,
2025-11-21 13:56:35.951,1035,2025-11-21 13:56:35.951,317.835168,,,,,,,,,,,,,,,,,,,
2025-11-21 13:56:36.951,1036,2025-11-21 13:56:36.951,318.080949,,,,,,,,,,,,,,,,,,,
2025-11-21 13:56:37.951,1037,2025-11-21 13:56:37.951,318.352132,,,,,,,,,,,,,,,,,,,
2025-11-21 13:56:38.951,1038,2025-11-21 13:56:38.951,318.604047,,,,,,,,,,,,,,,,,,,
2025-11-21 13:56:39.951,1039,2025-11-21 13:56:39.951,318.860226,,,,,,,,,,,,,,,,,,,
2025-11-21 13:56:40.951,1040,2025-11-21 13:56:40.951,319.119104,,,,,,,,,,,,,,,,,,,
2025-11-21 13:56:41.951,1041,2025-11-21 13:56:41.951,319.372605,,,,,,,,,,,,,,,,,,,
2025-11-21 13:56:42.951,1042,2025-11-21 13:56:42.951,319.606277,,,,,,,,,,,,,,,,,,,
2025-11-21 13:56:43.951,1043,2025-11-21 13:56:43.951,319.863493,,,,,,,,,,,,,,,,,,,
2025-11-21 13:56:44.951,1044,2025-11-21 13:56:44.951,320.115425,,,,,,,,,,,,,,,,,,,
2025-11-21 13:56:45.951,1045,2025-11-21 13:56:45.951,320.348275,,,,,,,,,,,,,,,,,,,
2025-11-21 13:56:46.951,1046,2025-11-21 13:56:46.951,320.626424,,,,,,,,,,,,,,,,,,,
2025-11-21 13:56:47.951,1047,2025-11-21 13:56:47.951,320.870334,,,,,,,,,,,,,,,,,,,
2025-11-21 13:56:48.951,1048,2025-11-21 13:56:48.951,321.104873,,,,,,,,,,,,,,,,,,,
2025-11-21 13:56:49.951,1049,2025-11-21 13:56:49.951,321.369665,,,,,,,,,,,,,,,,,,,
2025-11-21 13:56:50.951,1050,2025-11-21 13:56:50.951,321.588205,,,,,,,,,,,,,,,,,,,
2025-11-21 13:56:51.951,1051,2025-11-21 13:56:51.951,321.834821,,,,,,,,,,,,,,,,,,,
2025-11-21 13:56:52.951,1052,2025-11-21 13:56:52.951,322.102334,,,,,,,,,,,,,,,,,,,
2025-11-21 13:56:53.951,1053,2025-11-21 13:56:53.951,322.321988,,,,,,,,,,,,,,,,,,,
2025-11-21 13:56:54.951,1054,2025-11-21 13:56:54.951,322.575034,,,,,,,,,,,,,,,,,,,
2025-11-21 13:56:55.951,1055,2025-11-21 13:56:55.951,322.829484,,,,,,,,,,,,,,,,,,,
2025-11-21 13:56:56.951,1056,2025-11-21 13:56:56.951,323.071221,,,,,,,,,,,,,,,,,,,
2025-11-21 13:56:57.951,1057,2025-11-21 13:56:57.951,323.31467,,,,,,,,,,,,,,,,,,,
2025-11-21 13:56:58.951,1058,2025-11-21 13:56:58.951,323.545944,,,,,,,,,,,,,,,,,,,
2025-11-21 13:56:59.951,1059,2025-11-21 13:56:59.951,323.800483,,,,,,,,,,,,,,,,,,,
2025-11-21 13:57:00.951,1060,2025-11-21 13:57:00.951,324.030683,,,,,,,,,,,,,,,,,,,
2025-11-21 13:57:01.951,1061,2025-11-21 13:57:01.951,324.258427,,,,,,,,,,,,,,,,,,,
2025-11-21 13:57:02.951,1062,2025-11-21 13:57:02.951,324.509277,,,,,,,,,,,,,,,,,,,
2025-11-21 13:57:03.956,1063,2025-11-21 13:57:03.956,324.744688,,,,,,,,,,,,,,,,,,,
2025-11-21 13:57:04.951,1064,2025-11-21 13:57:04.951,324.980065,,,,,,,,,,,,,,,,,,,
2025-11-21 13:57:05.951,1065,2025-11-21 13:57:05.951,325.199427,,,,,,,,,,,,,,,,,,,
2025-11-21 13:57:06.951,1066,2025-11-21 13:57:06.951,325.454931,,,,,,,,,,,,,,,,,,,
2025-11-21 13:57:07.951,1067,2025-11-21 13:57:07.951,325.6945,,,,,,,,,,,,,,,,,,,
2025-11-21 13:57:08.951,1068,2025-11-21 13:57:08.951,325.920067,,,,,,,,,,,,,,,,,,,
2025-11-21 13:57:09.951,1069,2025-11-21 13:57:09.951,326.169389,,,,,,,,,,,,,,,,,,,
2025-11-21 13:57:10.951,1070,2025-11-21 13:57:10.951,326.405109,,,,,,,,,,,,,,,,,,,
2025-11-21 13:57:11.951,1071,2025-11-21 13:57:11.951,326.627414,,,,,,,,,,,,,,,,,,,
2025-11-21 13:57:12.951,1072,2025-11-21 13:57:12.951,326.859778,,,,,,,,,,,,,,,,,,,
2025-11-21 13:57:13.951,1073,2025-11-21 13:57:13.951,327.088067,,,,,,,,,,,,,,,,,,,
2025-11-21 13:57:14.951,1074,2025-11-21 13:57:14.951,327.341101,,,,,,,,,,,,,,,,,,,
2025-11-21 13:57:15.951,1075,2025-11-21 13:57:15.951,327.570105,,,,,,,,,,,,,,,,,,,
2025-11-21 13:57:16.951,1076,2025-11-21 13:57:16.951,327.786169,,,,,,,,,,,,,,,,,,,
2025-11-21 13:57:17.951,1077,2025-11-21 13:57:17.951,328.02102,,,,,,,,,,,,,,,,,,,
2025-11-21 13:57:18.951,1078,2025-11-21 13:57:18.951,328.275856,,,,,,,,,,,,,,,,,,,
2025-11-21 13:57:19.951,1079,2025-11-21 13:57:19.951,328.501368,,,,,,,,,,,,,,,,,,,
2025-11-21 13:57:20.951,1080,2025-11-21 13:57:20.951,328.724963,,,,,,,,,,,,,,,,,,,
2025-11-21 13:57:21.951,1081,2025-11-21 13:57:21.951,328.95148,,,,,,,,,,,,,,,,,,,
2025-11-21 13:57:22.951,1082,2025-11-21 13:57:22.951,329.173205,,,,,,,,,,,,,,,,,,,
2025-11-21 13:57:23.951,1083,2025-11-21 13:57:23.951,329.401057,,,,,,,,,,,,,,,,,,,
2025-11-21 13:57:24.951,1084,2025-11-21 13:57:24.951,329.630104,,,,,,,,,,,,,,,,,,,
2025-11-21 13:57:25.951,1085,2025-11-21 13:57:25.951,329.863238,,,,,,,,,,,,,,,,,,,
2025-11-21 13:57:26.951,1086,2025-11-21 13:57:26.951,330.08731,,,,,,,,,,,,,,,,,,,
2025-11-21 13:57:27.951,1087,2025-11-21 13:57:27.951,330.317598,,,,,,,,,,,,,,,,,,,
2025-11-21 13:57:28.951,1088,2025-11-21 13:57:28.951,330.557952,,,,,,,,,,,,,,,,,,,
2025-11-21 13:57:29.951,1089,2025-11-21 13:57:29.951,330.782921,,,,,,,,,,,,,,,,,,,
2025-11-21 13:57:30.951,1090,2025-11-21 13:57:30.951,331.017984,,,,,,,,,,,,,,,,,,,
2025-11-21 13:57:31.951,1091,2025-11-21 13:57:31.951,331.21047,,,,,,,,,,,,,,,,,,,
2025-11-21 13:57:32.951,1092,2025-11-21 13:57:32.951,331.440421,,,,,,,,,,,,,,,,,,,
2025-11-21 13:57:33.951,1093,2025-11-21 13:57:33.951,331.675466,,,,,,,,,,,,,,,,,,,
2025-11-21 13:57:34.951,1094,2025-11-21 13:57:34.951,331.897305,,,,,,,,,,,,,,,,,,,
2025-11-21 13:57:35.951,1095,2025-11-21 13:57:35.951,332.116505,,,,,,,,,,,,,,,,,,,
2025-11-21 13:57:36.951,1096,2025-11-21 13:57:36.951,332.317379,,,,,,,,,,,,,,,,,,,
2025-11-21 13:57:37.951,1097,2025-11-21 13:57:37.951,332.544062,,,,,,,,,,,,,,,,,,,
2025-11-21 13:57:38.951,1098,2025-11-21 13:57:38.951,332.769499,,,,,,,,,,,,,,,,,,,
2025-11-21 13:57:39.951,1099,2025-11-21 13:57:39.951,332.991259,,,,,,,,,,,,,,,,,,,
2025-11-21 13:57:40.951,1100,2025-11-21 13:57:40.951,333.220698,,,,,,,,,,,,,,,,,,,
2025-11-21 13:57:41.951,1101,2025-11-21 13:57:41.951,333.429789,,,,,,,,,,,,,,,,,,,
2025-11-21 13:57:42.951,1102,2025-11-21 13:57:42.951,333.659549,,,,,,,,,,,,,,,,,,,
2025-11-21 13:57:43.951,1103,2025-11-21 13:57:43.951,333.863473,,,,,,,,,,,,,,,,,,,
2025-11-21 13:57:44.951,1104,2025-11-21 13:57:44.951,334.077417,,,,,,,,,,,,,,,,,,,
2025-11-21 13:57:45.951,1105,2025-11-21 13:57:45.951,334.280882,,,,,,,,,,,,,,,,,,,
2025-11-21 13:57:46.951,1106,2025-11-21 13:57:46.951,334.523361,,,,,,,,,,,,,,,,,,,
2025-11-21 13:57:47.951,1107,2025-11-21 13:57:47.951,334.724843,,,,,,,,,,,,,,,,,,,
2025-11-21 13:57:48.951,1108,2025-11-21 13:57:48.951,334.935041,,,,,,,,,,,,,,,,,,,
2025-11-21 13:57:49.951,1109,2025-11-21 13:57:49.951,335.147131,,,,,,,,,,,,,,,,,,,
2025-11-21 13:57:50.951,1110,2025-11-21 13:57:50.951,335.387691,,,,,,,,,,,,,,,,,,,
2025-11-21 13:57:51.951,1111,2025-11-21 13:57:51.951,335.595214,,,,,,,,,,,,,,,,,,,
2025-11-21 13:57:52.951,1112,2025-11-21 13:57:52.951,335.803134,,,,,,,,,,,,,,,,,,,
2025-11-21 13:57:53.951,1113,2025-11-21 13:57:53.951,336.030479,,,,,,,,,,,,,,,,,,,
2025-11-21 13:57:54.951,1114,2025-11-21 13:57:54.951,336.220884,,,,,,,,,,,,,,,,,,,
2025-11-21 13:57:55.951,1115,2025-11-21 13:57:55.951,336.44258,,,,,,,,,,,,,,,,,,,
2025-11-21 13:57:56.951,1116,2025-11-21 13:57:56.951,336.6594,,,,,,,,,,,,,,,,,,,
2025-11-21 13:57:57.951,1117,2025-11-21 13:57:57.951,336.884945,,,,,,,,,,,,,,,,,,,
2025-11-21 13:57:58.951,1118,2025-11-21 13:57:58.951,337.089706,,,,,,,,,,,,,,,,,,,
2025-11-21 13:57:59.951,1119,2025-11-21 13:57:59.951,337.307884,,,,,,,,,,,,,,,,,,,
2025-11-21 13:58:00.951,1120,2025-11-21 13:58:00.951,337.507619,,,,,,,,,,,,,,,,,,,
2025-11-21 13:58:01.951,1121,2025-11-21 13:58:01.951,337.715706,,,,,,,,,,,,,,,,,,,
2025-11-21 13:58:02.951,1122,2025-11-21 13:58:02.951,337.936221,,,,,,,,,,,,,,,,,,,
2025-11-21 13:58:03.951,1123,2025-11-21 13:58:03.951,338.131225,,,,,,,,,,,,,,,,,,,
2025-11-21 13:58:04.951,1124,2025-11-21 13:58:04.951,338.361942,,,,,,,,,,,,,,,,,,,
2025-11-21 13:58:05.951,1125,2025-11-21 13:58:05.951,338.571677,,,,,,,,,,,,,,,,,,,
2025-11-21 13:58:06.951,1126,2025-11-21 13:58:06.951,338.762915,,,,,,,,,,,,,,,,,,,
2025-11-21 13:58:07.951,1127,2025-11-21 13:58:07.951,338.960756,,,,,,,,,,,,,,,,,,,
2025-11-21 13:58:08.951,1128,2025-11-21 13:58:08.951,339.153134,,,,,,,,,,,,,,,,,,,
2025-11-21 13:58:09.951,1129,2025-11-21 13:58:09.951,339.380034,,,,,,,,,,,,,,,,,,,
2025-11-21 13:58:10.951,1130,2025-11-21 13:58:10.951,339.591423,,,,,,,,,,,,,,,,,,,
2025-11-21 13:58:11.951,1131,2025-11-21 13:58:11.951,339.772641,,,,,,,,,,,,,,,,,,,
2025-11-21 13:58:12.951,1132,2025-11-21 13:58:12.951,339.985341,,,,,,,,,,,,,,,,,,,
2025-11-21 13:58:13.951,1133,2025-11-21 13:58:13.951,340.190611,,,,,,,,,,,,,,,,,,,
2025-11-21 13:58:14.951,1134,2025-11-21 13:58:14.951,340.408653,,,,,,,,,,,,,,,,,,,
2025-11-21 13:58:15.951,1135,2025-11-21 13:58:15.951,340.591463,,,,,,,,,,,,,,,,,,,
2025-11-21 13:58:16.951,1136,2025-11-21 13:58:16.951,340.791343,,,,,,,,,,,,,,,,,,,
2025-11-21 13:58:17.951,1137,2025-11-21 13:58:17.951,340.999239,,,,,,,,,,,,,,,,,,,
2025-11-21 13:58:18.951,1138,2025-11-21 13:58:18.951,341.202281,,,,,,,,,,,,,,,,,,,
2025-11-21 13:58:19.951,1139,2025-11-21 13:58:19.951,341.387693,,,,,,,,,,,,,,,,,,,
2025-11-21 13:58:20.951,1140,2025-11-21 13:58:20.951,341.588801,,,,,,,,,,,,,,,,,,,
2025-11-21 13:58:21.951,1141,2025-11-21 13:58:21.951,341.793333,,,,,,,,,,,,,,,,,,,
2025-11-21 13:58:22.951,1142,2025-11-21 13:58:22.951,341.997147,,,,,,,,,,,,,,,,,,,
2025-11-21 13:58:23.951,1143,2025-11-21 13:58:23.951,342.203717,,,,,,,,,,,,,,,,,,,
2025-11-21 13:58:24.951,1144,2025-11-21 13:58:24.951,342.390075,,,,,,,,,,,,,,,,,,,
2025-11-21 13:58:25.951,1145,2025-11-21 13:58:25.951,342.606108,,,,,,,,,,,,,,,,,,,
2025-11-21 13:58:26.951,1146,2025-11-21 13:58:26.951,342.797455,,,,,,,,,,,,,,,,,,,
2025-11-21 13:58:27.951,1147,2025-11-21 13:58:27.951,342.983106,,,,,,,,,,,,,,,,,,,
2025-11-21 13:58:28.951,1148,2025-11-21 13:58:28.951,343.199761,,,,,,,,,,,,,,,,,,,
2025-11-21 13:58:29.951,1149,2025-11-21 13:58:29.951,343.387468,,,,,,,,,,,,,,,,,,,
2025-11-21 13:58:30.951,1150,2025-11-21 13:58:30.951,343.597409,,,,,,,,,,,,,,,,,,,
2025-11-21 13:58:31.951,1151,2025-11-21 13:58:31.951,343.779292,,,,,,,,,,,,,,,,,,,
2025-11-21 13:58:32.951,1152,2025-11-21 13:58:32.951,343.945844,,,,,,,,,,,,,,,,,,,
2025-11-21 13:58:33.951,1153,2025-11-21 13:58:33.951,344.168983,,,,,,,,,,,,,,,,,,,
2025-11-21 13:58:34.951,1154,2025-11-21 13:58:34.951,344.364218,,,,,,,,,,,,,,,,,,,
2025-11-21 13:58:35.996,1155,2025-11-21 13:58:35.996,344.549184,,,,,,,,,,,,,,,,,,,
2025-11-21 13:58:36.951,1156,2025-11-21 13:58:36.951,344.718164,,,,,,,,,,,,,,,,,,,
2025-11-21 13:58:37.951,1157,2025-11-21 13:58:37.951,344.915047,,,,,,,,,,,,,,,,,,,
2025-11-21 13:58:38.951,1158,2025-11-21 13:58:38.951,345.124618,,,,,,,,,,,,,,,,,,,
2025-11-21 13:58:39.951,1159,2025-11-21 13:58:39.951,345.308308,,,,,,,,,,,,,,,,,,,
2025-11-21 13:58:40.951,1160,2025-11-21 13:58:40.951,345.484951,,,,,,,,,,,,,,,,,,,
2025-11-21 13:58:41.951,1161,2025-11-21 13:58:41.951,345.681574,,,,,,,,,,,,,,,,,,,
2025-11-21 13:58:42.951,1162,2025-11-21 13:58:42.951,345.870666,,,,,,,,,,,,,,,,,,,
2025-11-21 13:58:43.951,1163,2025-11-21 13:58:43.951,346.078602,,,,,,,,,,,,,,,,,,,
2025-11-21 13:58:44.951,1164,2025-11-21 13:58:44.951,346.248291,,,,,,,,,,,,,,,,,,,
2025-11-21 13:58:45.951,1165,2025-11-21 13:58:45.951,346.428329,,,,,,,,,,,,,,,,,,,
2025-11-21 13:58:46.951,1166,2025-11-21 13:58:46.951,346.638465,,,,,,,,,,,,,,,,,,,
2025-11-21 13:58:47.951,1167,2025-11-21 13:58:47.951,346.822083,,,,,,,,,,,,,,,,,,,
2025-11-21 13:58:48.951,1168,2025-11-21 13:58:48.951,347.012141,,,,,,,,,,,,,,,,,,,
2025-11-21 13:58:49.951,1169,2025-11-21 13:58:49.951,347.210458,,,,,,,,,,,,,,,,,,,
2025-11-21 13:58:50.951,1170,2025-11-21 13:58:50.951,347.37418,,,,,,,,,,,,,,,,,,,
2025-11-21 13:58:51.951,1171,2025-11-21 13:58:51.951,347.567245,,,,,,,,,,,,,,,,,,,
2025-11-21 13:58:52.951,1172,2025-11-21 13:58:52.951,347.751978,,,,,,,,,,,,,,,,,,,
2025-11-21 13:58:53.951,1173,2025-11-21 13:58:53.951,347.92887,,,,,,,,,,,,,,,,,,,
2025-11-21 13:58:54.951,1174,2025-11-21 13:58:54.951,348.11371,,,,,,,,,,,,,,,,,,,
2025-11-21 13:58:55.951,1175,2025-11-21 13:58:55.951,348.28759,,,,,,,,,,,,,,,,,,,
2025-11-21 13:58:56.951,1176,2025-11-21 13:58:56.951,348.491391,,,,,,,,,,,,,,,,,,,
2025-11-21 13:58:57.951,1177,2025-11-21 13:58:57.951,348.654003,,,,,,,,,,,,,,,,,,,
2025-11-21 13:58:58.951,1178,2025-11-21 13:58:58.951,348.843657,,,,,,,,,,,,,,,,,,,
2025-11-21 13:58:59.951,1179,2025-11-21 13:58:59.951,349.032216,,,,,,,,,,,,,,,,,,,
2025-11-21 13:59:00.951,1180,2025-11-21 13:59:00.951,349.222051,,,,,,,,,,,,,,,,,,,
2025-11-21 13:59:01.951,1181,2025-11-21 13:59:01.951,349.426259,,,,,,,,,,,,,,,,,,,
2025-11-21 13:59:02.951,1182,2025-11-21 13:59:02.951,349.597853,,,,,,,,,,,,,,,,,,,
2025-11-21 13:59:03.951,1183,2025-11-21 13:59:03.951,349.772938,,,,,,,,,,,,,,,,,,,
2025-11-21 13:59:04.951,1184,2025-11-21 13:59:04.951,349.97984,,,,,,,,,,,,,,,,,,,
2025-11-21 13:59:05.951,1185,2025-11-21 13:59:05.951,350.148584,,,,,,,,,,,,,,,,,,,
2025-11-21 13:59:06.951,1186,2025-11-21 13:59:06.951,350.342833,,,,,,,,,,,,,,,,,,,
2025-11-21 13:59:07.951,1187,2025-11-21 13:59:07.951,350.518054,,,,,,,,,,,,,,,,,,,
2025-11-21 13:59:08.951,1188,2025-11-21 13:59:08.951,350.685504,,,,,,,,,,,,,,,,,,,
2025-11-21 13:59:09.951,1189,2025-11-21 13:59:09.951,350.875092,,,,,,,,,,,,,,,,,,,
2025-11-21 13:59:10.951,1190,2025-11-21 13:59:10.951,351.045234,,,,,,,,,,,,,,,,,,,
2025-11-21 13:59:11.951,1191,2025-11-21 13:59:11.951,351.217837,,,,,,,,,,,,,,,,,,,
2025-11-21 13:59:12.951,1192,2025-11-21 13:59:12.951,351.391863,,,,,,,,,,,,,,,,,,,
2025-11-21 13:59:13.951,1193,2025-11-21 13:59:13.951,351.559662,,,,,,,,,,,,,,,,,,,
2025-11-21 13:59:14.951,1194,2025-11-21 13:59:14.951,351.746581,,,,,,,,,,,,,,,,,,,
2025-11-21 13:59:15.951,1195,2025-11-21 13:59:15.951,351.927451,,,,,,,,,,,,,,,,,,,
2025-11-21 13:59:16.951,1196,2025-11-21 13:59:16.951,352.105856,,,,,,,,,,,,,,,,,,,
2025-11-21 13:59:17.951,1197,2025-11-21 13:59:17.951,352.272563,,,,,,,,,,,,,,,,,,,
2025-11-21 13:59:18.951,1198,2025-11-21 13:59:18.951,352.444506,,,,,,,,,,,,,,,,,,,
2025-11-21 13:59:19.951,1199,2025-11-21 13:59:19.951,352.61249,,,,,,,,,,,,,,,,,,,
2025-11-21 13:59:20.951,1200,2025-11-21 13:59:20.951,352.763785,,,,,,,,,,,,,,,,,,,
2025-11-21 13:59:21.951,1201,2025-11-21 13:59:21.951,352.966152,,,,,,,,,,,,,,,,,,,
2025-11-21 13:59:22.951,1202,2025-11-21 13:59:22.951,353.129978,,,,,,,,,,,,,,,,,,,
2025-11-21 13:59:23.951,1203,2025-11-21 13:59:23.951,353.304197,,,,,,,,,,,,,,,,,,,
2025-11-21 13:59:24.951,1204,2025-11-21 13:59:24.951,353.491815,,,,,,,,,,,,,,,,,,,
2025-11-21 13:59:25.951,1205,2025-11-21 13:59:25.951,353.665603,,,,,,,,,,,,,,,,,,,
2025-11-21 13:59:26.951,1206,2025-11-21 13:59:26.951,353.822674,,,,,,,,,,,,,,,,,,,
2025-11-21 13:59:27.951,1207,2025-11-21 13:59:27.951,353.994363,,,,,,,,,,,,,,,,,,,
2025-11-21 13:59:28.951,1208,2025-11-21 13:59:28.951,354.169536,,,,,,,,,,,,,,,,,,,
2025-11-21 13:59:29.951,1209,2025-11-21 13:59:29.951,354.337583,,,,,,,,,,,,,,,,,,,
2025-11-21 13:59:30.951,1210,2025-11-21 13:59:30.951,354.511631,,,,,,,,,,,,,,,,,,,
2025-11-21 13:59:31.951,1211,2025-11-21 13:59:31.951,354.666542,,,,,,,,,,,,,,,,,,,
2025-11-21 13:59:32.951,1212,2025-11-21 13:59:32.951,354.841625,,,,,,,,,,,,,,,,,,,
2025-11-21 13:59:33.951,1213,2025-11-21 13:59:33.951,355.029837,,,,,,,,,,,,,,,,,,,
2025-11-21 13:59:34.951,1214,2025-11-21 13:59:34.951,355.19246,,,,,,,,,,,,,,,,,,,
2025-11-21 13:59:35.951,1215,2025-11-21 13:59:35.951,355.357687,,,,,,,,,,,,,,,,,,,
2025-11-21 13:59:36.951,1216,2025-11-21 13:59:36.951,355.53739,,,,,,,,,,,,,,,,,,,
2025-11-21 13:59:37.951,1217,2025-11-21 13:59:37.951,355.685593,,,,,,,,,,,,,,,,,,,
2025-11-21 13:59:38.951,1218,2025-11-21 13:59:38.951,355.849356,,,,,,,,,,,,,,,,,,,
2025-11-21 13:59:39.951,1219,2025-11-21 13:59:39.951,356.013116,,,,,,,,,,,,,,,,,,,
2025-11-21 13:59:40.951,1220,2025-11-21 13:59:40.951,356.198141,,,,,,,,,,,,,,,,,,,
2025-11-21 13:59:41.951,1221,2025-11-21 13:59:41.951,356.362864,,,,,,,,,,,,,,,,,,,
2025-11-21 13:59:42.951,1222,2025-11-21 13:59:42.951,356.531893,,,,,,,,,,,,,,,,,,,
2025-11-21 13:59:43.951,1223,2025-11-21 13:59:43.951,356.682384,,,,,,,,,,,,,,,,,,,
2025-11-21 13:59:44.951,1224,2025-11-21 13:59:44.951,356.860943,,,,,,,,,,,,,,,,,,,
2025-11-21 13:59:45.951,1225,2025-11-21 13:59:45.951,357.020213,,,,,,,,,,,,,,,,,,,
2025-11-21 13:59:46.951,1226,2025-11-21 13:59:46.951,357.190518,,,,,,,,,,,,,,,,,,,
2025-11-21 13:59:47.951,1227,2025-11-21 13:59:47.951,357.346665,,,,,,,,,,,,,,,,,,,
2025-11-21 13:59:48.951,1228,2025-11-21 13:59:48.951,357.497581,,,,,,,,,,,,,,,,,,,
2025-11-21 13:59:49.951,1229,2025-11-21 13:59:49.951,357.689483,,,,,,,,,,,,,,,,,,,
2025-11-21 13:59:50.951,1230,2025-11-21 13:59:50.951,357.836118,,,,,,,,,,,,,,,,,,,
2025-11-21 13:59:51.951,1231,2025-11-21 13:59:51.951,357.995769,,,,,,,,,,,,,,,,,,,
2025-11-21 13:59:52.951,1232,2025-11-21 13:59:52.951,358.151249,,,,,,,,,,,,,,,,,,,
2025-11-21 13:59:53.951,1233,2025-11-21 13:59:53.951,358.295054,,,,,,,,,,,,,,,,,,,
2025-11-21 13:59:54.951,1234,2025-11-21 13:59:54.951,358.484532,,,,,,,,,,,,,,,,,,,
2025-11-21 13:59:55.951,1235,2025-11-21 13:59:55.951,358.641439,,,,,,,,,,,,,,,,,,,
2025-11-21 13:59:56.951,1236,2025-11-21 13:59:56.951,358.790515,,,,,,,,,,,,,,,,,,,
2025-11-21 13:59:57.951,1237,2025-11-21 13:59:57.951,358.960565,,,,,,,,,,,,,,,,,,,
2025-11-21 13:59:58.951,1238,2025-11-21 13:59:58.951,359.097393,,,,,,,,,,,,,,,,,,,
2025-11-21 13:59:59.951,1239,2025-11-21 13:59:59.951,359.268625,,,,,,,,,,,,,,,,,,,
2025-11-21 14:00:00.951,1240,2025-11-21 14:00:00.951,359.42947,,,,,,,,,,,,,,,,,,,
2025-11-21 14:00:01.951,1241,2025-11-21 14:00:01.951,359.58327,,,,,,,,,,,,,,,,,,,
2025-11-21 14:00:02.951,1242,2025-11-21 14:00:02.951,359.750802,,,,,,,,,,,,,,,,,,,
2025-11-21 14:00:03.951,1243,2025-11-21 14:00:03.951,359.893429,,,,,,,,,,,,,,,,,,,
2025-11-21 14:00:04.951,1244,2025-11-21 14:00:04.951,360.090553,,,,,,,,,,,,,,,,,,,
2025-11-21 14:00:05.951,1245,2025-11-21 14:00:05.951,360.223754,,,,,,,,,,,,,,,,,,,
2025-11-21 14:00:06.951,1246,2025-11-21 14:00:06.951,360.363386,,,,,,,,,,,,,,,,,,,
2025-11-21 14:00:07.951,1247,2025-11-21 14:00:07.951,360.532341,,,,,,,,,,,,,,,,,,,
2025-11-21 14:00:08.951,1248,2025-11-21 14:00:08.951,360.681952,,,,,,,,,,,,,,,,,,,
2025-11-21 14:00:09.951,1249,2025-11-21 14:00:09.951,360.864828,,,,,,,,,,,,,,,,,,,
2025-11-21 14:00:10.951,1250,2025-11-21 14:00:10.951,361.013413,,,,,,,,,,,,,,,,,,,
2025-11-21 14:00:11.951,1251,2025-11-21 14:00:11.951,361.151516,,,,,,,,,,,,,,,,,,,
2025-11-21 14:00:12.951,1252,2025-11-21 14:00:12.951,361.318766,,,,,,,,,,,,,,,,,,,
2025-11-21 14:00:13.951,1253,2025-11-21 14:00:13.951,361.472694,,,,,,,,,,,,,,,,,,,
2025-11-21 14:00:14.951,1254,2025-11-21 14:00:14.951,361.643015,,,,,,,,,,,,,,,,,,,
2025-11-21 14:00:15.951,1255,2025-11-21 14:00:15.951,361.798472,,,,,,,,,,,,,,,,,,,
2025-11-21 14:00:16.951,1256,2025-11-21 14:00:16.951,361.942037,,,,,,,,,,,,,,,,,,,
2025-11-21 14:00:17.951,1257,2025-11-21 14:00:17.951,362.099845,,,,,,,,,,,,,,,,,,,
2025-11-21 14:00:18.951,1258,2025-11-21 14:00:18.951,362.258814,,,,,,,,,,,,,,,,,,,
2025-11-21 14:00:19.951,1259,2025-11-21 14:00:19.951,362.428884,,,,,,,,,,,,,,,,,,,
2025-11-21 14:00:20.951,1260,2025-11-21 14:00:20.951,362.562162,,,,,,,,,,,,,,,,,,,
2025-11-21 14:00:21.951,1261,2025-11-21 14:00:21.951,362.704944,,,,,,,,,,,,,,,,,,,
2025-11-21 14:00:22.951,1262,2025-11-21 14:00:22.951,362.851628,,,,,,,,,,,,,,,,,,,
2025-11-21 14:00:23.951,1263,2025-11-21 14:00:23.951,363.00639,,,,,,,,,,,,,,,,,,,
2025-11-21 14:00:24.951,1264,2025-11-21 14:00:24.951,363.174574,,,,,,,,,,,,,,,,,,,
2025-11-21 14:00:25.951,1265,2025-11-21 14:00:25.951,363.334193,,,,,,,,,,,,,,,,,,,
2025-11-21 14:00:26.951,1266,2025-11-21 14:00:26.951,363.467868,,,,,,,,,,,,,,,,,,,
2025-11-21 14:00:27.951,1267,2025-11-21 14:00:27.951,363.605448,,,,,,,,,,,,,,,,,,,
2025-11-21 14:00:28.951,1268,2025-11-21 14:00:28.951,363.763713,,,,,,,,,,,,,,,,,,,
2025-11-21 14:00:29.951,1269,2025-11-21 14:00:29.951,363.925157,,,,,,,,,,,,,,,,,,,
2025-11-21 14:00:30.951,1270,2025-11-21 14:00:30.951,364.058353,,,,,,,,,,,,,,,,,,,
2025-11-21 14:00:31.951,1271,2025-11-21 14:00:31.951,364.232055,,,,,,,,,,,,,,,,,,,
2025-11-21 14:00:32.951,1272,2025-11-21 14:00:32.951,364.362033,,,,,,,,,,,,,,,,,,,
2025-11-21 14:00:33.951,1273,2025-11-21 14:00:33.951,364.511938,,,,,,,,,,,,,,,,,,,
2025-11-21 14:00:34.951,1274,2025-11-21 14:00:34.951,364.659985,,,,,,,,,,,,,,,,,,,
2025-11-21 14:00:35.951,1275,2025-11-21 14:00:35.951,364.808735,,,,,,,,,,,,,,,,,,,
2025-11-21 14:00:36.951,1276,2025-11-21 14:00:36.951,364.953961,,,,,,,,,,,,,,,,,,,
2025-11-21 14:00:37.951,1277,2025-11-21 14:00:37.951,365.116035,,,,,,,,,,,,,,,,,,,
2025-11-21 14:00:38.951,1278,2025-11-21 14:00:38.951,365.256359,,,,,,,,,,,,,,,,,,,
2025-11-21 14:00:39.951,1279,2025-11-21 14:00:39.951,365.405799,,,,,,,,,,,,,,,,,,,
2025-11-21 14:00:40.951,1280,2025-11-21 14:00:40.951,365.545008,,,,,,,,,,,,,,,,,,,
2025-11-21 14:00:41.951,1281,2025-11-21 14:00:41.951,365.699297,,,,,,,,,,,,,,,,,,,
2025-11-21 14:00:42.951,1282,2025-11-21 14:00:42.951,365.840603,,,,,,,,,,,,,,,,,,,
2025-11-21 14:00:43.951,1283,2025-11-21 14:00:43.951,365.982313,,,,,,,,,,,,,,,,,,,
2025-11-21 14:00:44.951,1284,2025-11-21 14:00:44.951,366.122355,,,,,,,,,,,,,,,,,,,
2025-11-21 14:00:45.951,1285,2025-11-21 14:00:45.951,366.279044,,,,,,,,,,,,,,,,,,,
2025-11-21 14:00:46.951,1286,2025-11-21 14:00:46.951,366.411885,,,,,,,,,,,,,,,,,,,
2025-11-21 14:00:47.951,1287,2025-11-21 14:00:47.951,366.550996,,,,,,,,,,,,,,,,,,,
2025-11-21 14:00:48.951,1288,2025-11-21 14:00:48.951,366.693003,,,,,,,,,,,,,,,,,,,
2025-11-21 14:00:49.951,1289,2025-11-21 14:00:49.951,366.845318,,,,,,,,,,,,,,,,,,,
2025-11-21 14:00:50.951,1290,2025-11-21 14:00:50.951,366.972192,,,,,,,,,,,,,,,,,,,
2025-11-21 14:00:51.951,1291,2025-11-21 14:00:51.951,367.117622,,,,,,,,,,,,,,,,,,,
2025-11-21 14:00:52.951,1292,2025-11-21 14:00:52.951,367.262623,,,,,,,,,,,,,,,,,,,
2025-11-21 14:00:53.951,1293,2025-11-21 14:00:53.951,367.385028,,,,,,,,,,,,,,,,,,,
2025-11-21 14:00:54.951,1294,2025-11-21 14:00:54.951,367.530095,,,,,,,,,,,,,,,,,,,
2025-11-21 14:00:55.951,1295,2025-11-21 14:00:55.951,367.67635,,,,,,,,,,,,,,,,,,,
2025-11-21 14:00:56.951,1296,2025-11-21 14:00:56.951,367.833069,,,,,,,,,,,,,,,,,,,
2025-11-21 14:00:57.951,1297,2025-11-21 14:00:57.951,367.967022,,,,,,,,,,,,,,,,,,,
2025-11-21 14:00:58.951,1298,2025-11-21 14:00:58.951,368.117175,,,,,,,,,,,,,,,,,,,
2025-11-21 14:00:59.951,1299,2025-11-21 14:00:59.951,368.266321,,,,,,,,,,,,,,,,,,,
2025-11-21 14:01:00.951,1300,2025-11-21 14:01:00.951,368.373858,,,,,,,,,,,,,,,,,,,
2025-11-21 14:01:01.951,1301,2025-11-21 14:01:01.951,368.529894,,,,,,,,,,,,,,,,,,,
2025-11-21 14:01:02.951,1302,2025-11-21 14:01:02.951,368.665389,,,,,,,,,,,,,,,,,,,
2025-11-21 14:01:03.951,1303,2025-11-21 14:01:03.951,368.82084,,,,,,,,,,,,,,,,,,,
2025-11-21 14:01:04.951,1304,2025-11-21 14:01:04.951,368.943865,,,,,,,,,,,,,,,,,,,
2025-11-21 14:01:05.951,1305,2025-11-21 14:01:05.951,369.091537,,,,,,,,,,,,,,,,,,,
2025-11-21 14:01:06.951,1306,2025-11-21 14:01:06.951,369.214587,,,,,,,,,,,,,,,,,,,
2025-11-21 14:01:07.951,1307,2025-11-21 14:01:07.951,369.360559,,,,,,,,,,,,,,,,,,,
2025-11-21 14:01:08.951,1308,2025-11-21 14:01:08.951,369.50397,,,,,,,,,,,,,,,,,,,
2025-11-21 14:01:09.951,1309,2025-11-21 14:01:09.951,369.639319,,,,,,,,,,,,,,,,,,,
2025-11-21 14:01:10.951,1310,2025-11-21 14:01:10.951,369.762509,,,,,,,,,,,,,,,,,,,
2025-11-21 14:01:11.951,1311,2025-11-21 14:01:11.951,369.907251,,,,,,,,,,,,,,,,,,,
2025-11-21 14:01:12.951,1312,2025-11-21 14:01:12.951,370.06121,,,,,,,,,,,,,,,,,,,
2025-11-21 14:01:13.951,1313,2025-11-21 14:01:13.951,370.18458,,,,,,,,,,,,,,,,,,,
2025-11-21 14:01:14.951,1314,2025-11-21 14:01:14.951,370.330045,,,,,,,,,,,,,,,,,,,
2025-11-21 14:01:15.951,1315,2025-11-21 14:01:15.951,370.478053,,,,,,,,,,,,,,,,,,,
2025-11-21 14:01:16.951,1316,2025-11-21 14:01:16.951,370.584181,,,,,,,,,,,,,,,,,,,
2025-11-21 14:01:17.951,1317,2025-11-21 14:01:17.951,370.709396,,,,,,,,,,,,,,,,,,,
2025-11-21 14:01:18.951,1318,2025-11-21 14:01:18.951,370.851185,,,,,,,,,,,,,,,,,,,
2025-11-21 14:01:19.951,1319,2025-11-21 14:01:19.951,370.973216,,,,,,,,,,,,,,,,,,,
2025-11-21 14:01:20.951,1320,2025-11-21 14:01:20.951,371.126835,,,,,,,,,,,,,,,,,,,
2025-11-21 14:01:21.951,1321,2025-11-21 14:01:21.951,371.245659,,,,,,,,,,,,,,,,,,,
2025-11-21 14:01:22.951,1322,2025-11-21 14:01:22.951,371.386725,,,,,,,,,,,,,,,,,,,
2025-11-21 14:01:23.951,1323,2025-11-21 14:01:23.951,371.52973,,,,,,,,,,,,,,,,,,,
2025-11-21 14:01:24.951,1324,2025-11-21 14:01:24.951,371.665444,,,,,,,,,,,,,,,,,,,
2025-11-21 14:01:25.951,1325,2025-11-21 14:01:25.951,371.789309,,,,,,,,,,,,,,,,,,,
2025-11-21 14:01:26.951,1326,2025-11-21 14:01:26.951,371.932933,,,,,,,,,,,,,,,,,,,
2025-11-21 14:01:27.951,1327,2025-11-21 14:01:27.951,372.039038,,,,,,,,,,,,,,,,,,,
2025-11-21 14:01:28.951,1328,2025-11-21 14:01:28.951,372.173582,,,,,,,,,,,,,,,,,,,
2025-11-21 14:01:29.951,1329,2025-11-21 14:01:29.951,372.311184,,,,,,,,,,,,,,,,,,,
2025-11-21 14:01:30.951,1330,2025-11-21 14:01:30.951,372.422681,,,,,,,,,,,,,,,,,,,
2025-11-21 14:01:31.951,1331,2025-11-21 14:01:31.951,372.566464,,,,,,,,,,,,,,,,,,,
2025-11-21 14:01:32.951,1332,2025-11-21 14:01:32.951,372.705811,,,,,,,,,,,,,,,,,,,
2025-11-21 14:01:33.951,1333,2025-11-21 14:01:33.951,372.826341,,,,,,,,,,,,,,,,,,,
2025-11-21 14:01:34.951,1334,2025-11-21 14:01:34.951,372.957457,,,,,,,,,,,,,,,,,,,
2025-11-21 14:01:35.958,1335,2025-11-21 14:01:35.958,373.077626,,,,,,,,,,,,,,,,,,,
2025-11-21 14:01:36.951,1336,2025-11-21 14:01:36.951,373.218098,,,,,,,,,,,,,,,,,,,
2025-11-21 14:01:37.951,1337,2025-11-21 14:01:37.951,373.338485,,,,,,,,,,,,,,,,,,,
2025-11-21 14:01:38.951,1338,2025-11-21 14:01:38.951,373.465886,,,,,,,,,,,,,,,,,,,
2025-11-21 14:01:39.951,1339,2025-11-21 14:01:39.951,373.586425,,,,,,,,,,,,,,,,,,,
2025-11-21 14:01:40.951,1340,2025-11-21 14:01:40.951,373.723618,,,,,,,,,,,,,,,,,,,
2025-11-21 14:01:41.951,1341,2025-11-21 14:01:41.951,373.833544,,,,,,,,,,,,,,,,,,,
2025-11-21 14:01:42.951,1342,2025-11-21 14:01:42.951,373.959955,,,,,,,,,,,,,,,,,,,
2025-11-21 14:01:43.951,1343,2025-11-21 14:01:43.951,374.091211,,,,,,,,,,,,,,,,,,,
2025-11-21 14:01:44.951,1344,2025-11-21 14:01:44.951,374.216527,,,,,,,,,,,,,,,,,,,
2025-11-21 14:01:45.951,1345,2025-11-21 14:01:45.951,374.344311,,,,,,,,,,,,,,,,,,,
2025-11-21 14:01:46.951,1346,2025-11-21 14:01:46.951,374.461203,,,,,,,,,,,,,,,,,,,
2025-11-21 14:01:47.951,1347,2025-11-21 14:01:47.951,374.60298,,,,,,,,,,,,,,,,,,,
2025-11-21 14:01:48.951,1348,2025-11-21 14:01:48.951,374.728761,,,,,,,,,,,,,,,,,,,
2025-11-21 14:01:49.951,1349,2025-11-21 14:01:49.951,374.860006,,,,,,,,,,,,,,,,,,,
2025-11-21 14:01:50.951,1350,2025-11-21 14:01:50.951,374.984473,,,,,,,,,,,,,,,,,,,
2025-11-21 14:01:51.951,1351,2025-11-21 14:01:51.951,375.108069,,,,,,,,,,,,,,,,,,,
2025-11-21 14:01:52.951,1352,2025-11-21 14:01:52.951,375.249994,,,,,,,,,,,,,,,,,,,
2025-11-21 14:01:53.951,1353,2025-11-21 14:01:53.951,375.347589,,,,,,,,,,,,,,,,,,,
2025-11-21 14:01:54.951,1354,2025-11-21 14:01:54.951,375.469664,,,,,,,,,,,,,,,,,,,
2025-11-21 14:01:55.951,1355,2025-11-21 14:01:55.951,375.598872,,,,,,,,,,,,,,,,,,,
2025-11-21 14:01:56.951,1356,2025-11-21 14:01:56.951,375.74617,,,,,,,,,,,,,,,,,,,
2025-11-21 14:01:57.951,1357,2025-11-21 14:01:57.951,375.872887,,,,,,,,,,,,,,,,,,,
2025-11-21 14:01:58.951,1358,2025-11-21 14:01:58.951,375.973587,,,,,,,,,,,,,,,,,,,
2025-11-21 14:01:59.951,1359,2025-11-21 14:01:59.951,376.102323,,,,,,,,,,,,,,,,,,,
2025-11-21 14:02:00.951,1360,2025-11-21 14:02:00.951,376.234125,,,,,,,,,,,,,,,,,,,
2025-11-21 14:02:01.951,1361,2025-11-21 14:02:01.951,376.351127,,,,,,,,,,,,,,,,,,,
2025-11-21 14:02:02.951,1362,2025-11-21 14:02:02.951,376.458636,,,,,,,,,,,,,,,,,,,
2025-11-21 14:02:03.951,1363,2025-11-21 14:02:03.951,376.596653,,,,,,,,,,,,,,,,,,,
2025-11-21 14:02:04.951,1364,2025-11-21 14:02:04.951,376.737911,,,,,,,,,,,,,,,,,,,
2025-11-21 14:02:05.951,1365,2025-11-21 14:02:05.951,376.826381,,,,,,,,,,,,,,,,,,,
2025-11-21 14:02:06.951,1366,2025-11-21 14:02:06.951,376.978781,,,,,,,,,,,,,,,,,,,
2025-11-21 14:02:07.951,1367,2025-11-21 14:02:07.951,377.080194,,,,,,,,,,,,,,,,,,,
2025-11-21 14:02:08.951,1368,2025-11-21 14:02:08.951,377.208853,,,,,,,,,,,,,,,,,,,
2025-11-21 14:02:09.951,1369,2025-11-21 14:02:09.951,377.325112,,,,,,,,,,,,,,,,,,,
2025-11-21 14:02:10.951,1370,2025-11-21 14:02:10.951,377.453436,,,,,,,,,,,,,,,,,,,
2025-11-21 14:02:11.951,1371,2025-11-21 14:02:11.951,377.556534,,,,,,,,,,,,,,,,,,,
2025-11-21 14:02:12.951,1372,2025-11-21 14:02:12.951,377.684143,,,,,,,,,,,,,,,,,,,
2025-11-21 14:02:13.951,1373,2025-11-21 14:02:13.951,377.800798,,,,,,,,,,,,,,,,,,,
2025-11-21 14:02:14.951,1374,2025-11-21 14:02:14.951,377.937415,,,,,,,,,,,,,,,,,,,
2025-11-21 14:02:15.951,1375,2025-11-21 14:02:15.951,378.049619,,,,,,,,,,,,,,,,,,,
2025-11-21 14:02:16.951,1376,2025-11-21 14:02:16.951,378.163207,,,,,,,,,,,,,,,,,,,
2025-11-21 14:02:17.951,1377,2025-11-21 14:02:17.951,378.29028,,,,,,,,,,,,,,,,,,,
2025-11-21 14:02:18.951,1378,2025-11-21 14:02:18.951,378.407291,,,,,,,,,,,,,,,,,,,
2025-11-21 14:02:19.951,1379,2025-11-21 14:02:19.951,378.511032,,,,,,,,,,,,,,,,,,,
2025-11-21 14:02:20.951,1380,2025-11-21 14:02:20.951,378.658058,,,,,,,,,,,,,,,,,,,
2025-11-21 14:02:21.951,1381,2025-11-21 14:02:21.951,378.749307,,,,,,,,,,,,,,,,,,,
2025-11-21 14:02:22.951,1382,2025-11-21 14:02:22.951,378.877108,,,,,,,,,,,,,,,,,,,
2025-11-21 14:02:23.951,1383,2025-11-21 14:02:23.951,378.98399,,,,,,,,,,,,,,,,,,,
2025-11-21 14:02:24.951,1384,2025-11-21 14:02:24.951,379.123458,,,,,,,,,,,,,,,,,,,
2025-11-21 14:02:25.951,1385,2025-11-21 14:02:25.951,379.228879,,,,,,,,,,,,,,,,,,,
2025-11-21 14:02:26.951,1386,2025-11-21 14:02:26.951,379.345693,,,,,,,,,,,,,,,,,,,
2025-11-21 14:02:27.951,1387,2025-11-21 14:02:27.951,379.444347,,,,,,,,,,,,,,,,,,,
2025-11-21 14:02:28.951,1388,2025-11-21 14:02:28.951,379.579079,,,,,,,,,,,,,,,,,,,
2025-11-21 14:02:29.951,1389,2025-11-21 14:02:29.951,379.672044,,,,,,,,,,,,,,,,,,,
2025-11-21 14:02:30.951,1390,2025-11-21 14:02:30.951,379.807306,,,,,,,,,,,,,,,,,,,
2025-11-21 14:02:31.951,1391,2025-11-21 14:02:31.951,379.925219,,,,,,,,,,,,,,,,,,,
2025-11-21 14:02:32.951,1392,2025-11-21 14:02:32.951,380.022878,,,,,,,,,,,,,,,,,,,
2025-11-21 14:02:33.951,1393,2025-11-21 14:02:33.951,380.136761,,,,,,,,,,,,,,,,,,,
2025-11-21 14:02:34.951,1394,2025-11-21 14:02:34.951,380.269734,,,,,,,,,,,,,,,,,,,
2025-11-21 14:02:35.951,1395,2025-11-21 14:02:35.951,380.376584,,,,,,,,,,,,,,,,,,,
2025-11-21 14:02:36.951,1396,2025-11-21 14:02:36.951,380.483803,,,,,,,,,,,,,,,,,,,
2025-11-21 14:02:37.951,1397,2025-11-21 14:02:37.951,380.605799,,,,,,,,,,,,,,,,,,,
2025-11-21 14:02:38.951,1398,2025-11-21 14:02:38.951,380.728894,,,,,,,,,,,,,,,,,,,
2025-11-21 14:02:39.951,1399,2025-11-21 14:02:39.951,380.823617,,,,,,,,,,,,,,,,,,,
2025-11-21 14:02:40.951,1400,2025-11-21 14:02:40.951,380.940639,,,,,,,,,,,,,,,,,,,
2025-11-21 14:02:41.951,1401,2025-11-21 14:02:41.951,381.05381,,,,,,,,,,,,,,,,,,,
2025-11-21 14:02:42.951,1402,2025-11-21 14:02:42.951,381.159504,,,,,,,,,,,,,,,,,,,
2025-11-21 14:02:43.951,1403,2025-11-21 14:02:43.951,381.293683,,,,,,,,,,,,,,,,,,,
2025-11-21 14:02:44.951,1404,2025-11-21 14:02:44.951,381.408484,,,,,,,,,,,,,,,,,,,
2025-11-21 14:02:45.951,1405,2025-11-21 14:02:45.951,381.523698,,,,,,,,,,,,,,,,,,,
2025-11-21 14:02:46.951,1406,2025-11-21 14:02:46.951,381.657636,,,,,,,,,,,,,,,,,,,
2025-11-21 14:02:47.951,1407,2025-11-21 14:02:47.951,381.749012,,,,,,,,,,,,,,,,,,,
2025-11-21 14:02:48.951,1408,2025-11-21 14:02:48.951,381.859334,,,,,,,,,,,,,,,,,,,
2025-11-21 14:02:49.951,1409,2025-11-21 14:02:49.951,381.987595,,,,,,,,,,,,,,,,,,,
2025-11-21 14:02:50.951,1410,2025-11-21 14:02:50.951,382.083775,,,,,,,,,,,,,,,,,,,
2025-11-21 14:02:51.951,1411,2025-11-21 14:02:51.951,382.177089,,,,,,,,,,,,,,,,,,,
2025-11-21 14:02:52.951,1412,2025-11-21 14:02:52.951,382.299257,,,,,,,,,,,,,,,,,,,
2025-11-21 14:02:53.951,1413,2025-11-21 14:02:53.951,382.408774,,,,,,,,,,,,,,,,,,,
2025-11-21 14:02:54.951,1414,2025-11-21 14:02:54.951,382.514368,,,,,,,,,,,,,,,,,,,
2025-11-21 14:02:55.951,1415,2025-11-21 14:02:55.951,382.622159,,,,,,,,,,,,,,,,,,,
2025-11-21 14:02:56.951,1416,2025-11-21 14:02:56.951,382.728796,,,,,,,,,,,,,,,,,,,
2025-11-21 14:02:57.951,1417,2025-11-21 14:02:57.951,382.832433,,,,,,,,,,,,,,,,,,,
2025-11-21 14:02:58.951,1418,2025-11-21 14:02:58.951,382.937161,,,,,,,,,,,,,,,,,,,
2025-11-21 14:02:59.951,1419,2025-11-21 14:02:59.951,383.062007,,,,,,,,,,,,,,,,,,,
2025-11-21 14:03:00.951,1420,2025-11-21 14:03:00.951,383.175263,,,,,,,,,,,,,,,,,,,
2025-11-21 14:03:01.951,1421,2025-11-21 14:03:01.951,383.267078,,,,,,,,,,,,,,,,,,,
2025-11-21 14:03:02.951,1422,2025-11-21 14:03:02.951,383.378987,,,,,,,,,,,,,,,,,,,
2025-11-21 14:03:03.951,1423,2025-11-21 14:03:03.951,383.490767,,,,,,,,,,,,,,,,,,,
2025-11-21 14:03:04.951,1424,2025-11-21 14:03:04.951,383.588152,,,,,,,,,,,,,,,,,,,
2025-11-21 14:03:05.951,1425,2025-11-21 14:03:05.951,383.721714,,,,,,,,,,,,,,,,,,,
2025-11-21 14:03:06.951,1426,2025-11-21 14:03:06.951,383.79851,,,,,,,,,,,,,,,,,,,
2025-11-21 14:03:07.951,1427,2025-11-21 14:03:07.951,383.910306,,,,,,,,,,,,,,,,,,,
2025-11-21 14:03:08.958,1428,2025-11-21 14:03:08.958,384.022962,,,,,,,,,,,,,,,,,,,
2025-11-21 14:03:09.951,1429,2025-11-21 14:03:09.951,384.110499,,,,,,,,,,,,,,,,,,,
2025-11-21 14:03:10.951,1430,2025-11-21 14:03:10.951,384.230899,,,,,,,,,,,,,,,,,,,
2025-11-21 14:03:11.951,1431,2025-11-21 14:03:11.951,384.343524,,,,,,,,,,,,,,,,,,,
2025-11-21 14:03:12.951,1432,2025-11-21 14:03:12.951,384.426161,,,,,,,,,,,,,,,,,,,
2025-11-21 14:03:13.951,1433,2025-11-21 14:03:13.951,384.529999,,,,,,,,,,,,,,,,,,,
2025-11-21 14:03:14.951,1434,2025-11-21 14:03:14.951,384.647511,,,,,,,,,,,,,,,,,,,
2025-11-21 14:03:15.951,1435,2025-11-21 14:03:15.951,384.738341,,,,,,,,,,,,,,,,,,,
2025-11-21 14:03:16.951,1436,2025-11-21 14:03:16.951,384.835724,,,,,,,,,,,,,,,,,,,
2025-11-21 14:03:17.951,1437,2025-11-21 14:03:17.951,384.95849,,,,,,,,,,,,,,,,,,,
2025-11-21 14:03:18.951,1438,2025-11-21 14:03:18.951,385.066176,,,,,,,,,,,,,,,,,,,
2025-11-21 14:03:19.951,1439,2025-11-21 14:03:19.951,385.152125,,,,,,,,,,,,,,,,,,,
2025-11-21 14:03:20.951,1440,2025-11-21 14:03:20.951,385.261025,,,,,,,,,,,,,,,,,,,
2025-11-21 14:03:21.951,1441,2025-11-21 14:03:21.951,385.363908,,,,,,,,,,,,,,,,,,,
2025-11-21 14:03:22.951,1442,2025-11-21 14:03:22.951,385.473819,,,,,,,,,,,,,,,,,,,
2025-11-21 14:03:23.951,1443,2025-11-21 14:03:23.951,385.583537,,,,,,,,,,,,,,,,,,,
2025-11-21 14:03:24.951,1444,2025-11-21 14:03:24.951,385.68258,,,,,,,,,,,,,,,,,,,
2025-11-21 14:03:25.951,1445,2025-11-21 14:03:25.951,385.777778,,,,,,,,,,,,,,,,,,,
2025-11-21 14:03:26.951,1446,2025-11-21 14:03:26.951,385.885874,,,,,,,,,,,,,,,,,,,
2025-11-21 14:03:27.951,1447,2025-11-21 14:03:27.951,385.984125,,,,,,,,,,,,,,,,,,,
2025-11-21 14:03:28.951,1448,2025-11-21 14:03:28.951,386.07039,,,,,,,,,,,,,,,,,,,
2025-11-21 14:03:29.951,1449,2025-11-21 14:03:29.951,386.195537,,,,,,,,,,,,,,,,,,,
2025-11-21 14:03:30.951,1450,2025-11-21 14:03:30.951,386.284321,,,,,,,,,,,,,,,,,,,
2025-11-21 14:03:31.951,1451,2025-11-21 14:03:31.951,386.390868,,,,,,,,,,,,,,,,,,,
2025-11-21 14:03:32.951,1452,2025-11-21 14:03:32.951,386.497765,,,,,,,,,,,,,,,,,,,
2025-11-21 14:03:33.951,1453,2025-11-21 14:03:33.951,386.60597,,,,,,,,,,,,,,,,,,,
2025-11-21 14:03:34.951,1454,2025-11-21 14:03:34.951,386.694835,,,,,,,,,,,,,,,,,,,
2025-11-21 14:03:35.951,1455,2025-11-21 14:03:35.951,386.806739,,,,,,,,,,,,,,,,,,,
2025-11-21 14:03:36.951,1456,2025-11-21 14:03:36.951,386.898456,,,,,,,,,,,,,,,,,,,
2025-11-21 14:03:37.951,1457,2025-11-21 14:03:37.951,386.982795,,,,,,,,,,,,,,,,,,,
2025-11-21 14:03:38.951,1458,2025-11-21 14:03:38.951,387.113311,,,,,,,,,,,,,,,,,,,
2025-11-21 14:03:39.951,1459,2025-11-21 14:03:39.951,387.197097,,,,,,,,,,,,,,,,,,,
2025-11-21 14:03:40.951,1460,2025-11-21 14:03:40.951,387.309565,,,,,,,,,,,,,,,,,,,
2025-11-21 14:03:41.951,1461,2025-11-21 14:03:41.951,387.425748,,,,,,,,,,,,,,,,,,,
2025-11-21 14:03:42.951,1462,2025-11-21 14:03:42.951,387.510757,,,,,,,,,,,,,,,,,,,
2025-11-21 14:03:43.951,1463,2025-11-21 14:03:43.951,387.605501,,,,,,,,,,,,,,,,,,,
2025-11-21 14:03:44.951,1464,2025-11-21 14:03:44.951,387.705806,,,,,,,,,,,,,,,,,,,
2025-11-21 14:03:45.951,1465,2025-11-21 14:03:45.951,387.809385,,,,,,,,,,,,,,,,,,,
2025-11-21 14:03:46.951,1466,2025-11-21 14:03:46.951,387.91161,,,,,,,,,,,,,,,,,,,
2025-11-21 14:03:47.951,1467,2025-11-21 14:03:47.951,388.011941,,,,,,,,,,,,,,,,,,,
2025-11-21 14:03:48.951,1468,2025-11-21 14:03:48.951,388.100511,,,,,,,,,,,,,,,,,,,
2025-11-21 14:03:49.951,1469,2025-11-21 14:03:49.951,388.196753,,,,,,,,,,,,,,,,,,,
2025-11-21 14:03:50.951,1470,2025-11-21 14:03:50.951,388.293428,,,,,,,,,,,,,,,,,,,
2025-11-21 14:03:51.951,1471,2025-11-21 14:03:51.951,388.388193,,,,,,,,,,,,,,,,,,,
2025-11-21 14:03:52.951,1472,2025-11-21 14:03:52.951,388.495513,,,,,,,,,,,,,,,,,,,
2025-11-21 14:03:53.951,1473,2025-11-21 14:03:53.951,388.588136,,,,,,,,,,,,,,,,,,,
2025-11-21 14:03:54.951,1474,2025-11-21 14:03:54.951,388.686449,,,,,,,,,,,,,,,,,,,
2025-11-21 14:03:55.951,1475,2025-11-21 14:03:55.951,388.787427,,,,,,,,,,,,,,,,,,,
2025-11-21 14:03:56.951,1476,2025-11-21 14:03:56.951,388.880688,,,,,,,,,,,,,,,,,,,
2025-11-21 14:03:57.951,1477,2025-11-21 14:03:57.951,388.959566,,,,,,,,,,,,,,,,,,,
2025-11-21 14:03:58.951,1478,2025-11-21 14:03:58.951,389.069412,,,,,,,,,,,,,,,,,,,
2025-11-21 14:03:59.951,1479,2025-11-21 14:03:59.951,389.151714,,,,,,,,,,,,,,,,,,,
2025-11-21 14:04:00.951,1480,2025-11-21 14:04:00.951,389.242853,,,,,,,,,,,,,,,,,,,
2025-11-21 14:04:01.951,1481,2025-11-21 14:04:01.951,389.343553,,,,,,,,,,,,,,,,,,,
2025-11-21 14:04:02.951,1482,2025-11-21 14:04:02.951,389.436281,,,,,,,,,,,,,,,,,,,
2025-11-21 14:04:03.951,1483,2025-11-21 14:04:03.951,389.533611,,,,,,,,,,,,,,,,,,,
2025-11-21 14:04:04.951,1484,2025-11-21 14:04:04.951,389.630942,,,,,,,,,,,,,,,,,,,
2025-11-21 14:04:05.951,1485,2025-11-21 14:04:05.951,389.730472,,,,,,,,,,,,,,,,,,,
2025-11-21 14:04:06.951,1486,2025-11-21 14:04:06.951,389.826347,,,,,,,,,,,,,,,,,,,
2025-11-21 14:04:07.951,1487,2025-11-21 14:04:07.951,389.915348,,,,,,,,,,,,,,,,,,,
2025-11-21 14:04:08.951,1488,2025-11-21 14:04:08.951,390.006734,,,,,,,,,,,,,,,,,,,
2025-11-21 14:04:09.951,1489,2025-11-21 14:04:09.951,390.091058,,,,,,,,,,,,,,,,,,,
2025-11-21 14:04:10.951,1490,2025-11-21 14:04:10.951,390.197339,,,,,,,,,,,,,,,,,,,
2025-11-21 14:04:11.951,1491,2025-11-21 14:04:11.951,390.287704,,,,,,,,,,,,,,,,,,,
2025-11-21 14:04:12.951,1492,2025-11-21 14:04:12.951,390.375879,,,,,,,,,,,,,,,,,,,
2025-11-21 14:04:13.951,1493,2025-11-21 14:04:13.951,390.460991,,,,,,,,,,,,,,,,,,,
2025-11-21 14:04:14.951,1494,2025-11-21 14:04:14.951,390.55603,,,,,,,,,,,,,,,,,,,
2025-11-21 14:04:15.951,1495,2025-11-21 14:04:15.951,390.648496,,,,,,,,,,,,,,,,,,,
2025-11-21 14:04:16.951,1496,2025-11-21 14:04:16.951,390.743849,,,,,,,,,,,,,,,,,,,
2025-11-21 14:04:17.951,1497,2025-11-21 14:04:17.951,390.836065,,,,,,,,,,,,,,,,,,,
2025-11-21 14:04:18.951,1498,2025-11-21 14:04:18.951,390.907085,,,,,,,,,,,,,,,,,,,
2025-11-21 14:04:19.951,1499,2025-11-21 14:04:19.951,391.014874,,,,,,,,,,,,,,,,,,,
2025-11-21 14:04:20.951,1500,2025-11-21 14:04:20.951,391.111703,,,,,,,,,,,,,,,,,,,
2025-11-21 14:04:21.951,1501,2025-11-21 14:04:21.951,391.200564,,,,,,,,,,,,,,,,,,,
2025-11-21 14:04:22.951,1502,2025-11-21 14:04:22.951,391.290227,,,,,,,,,,,,,,,,,,,
2025-11-21 14:04:23.951,1503,2025-11-21 14:04:23.951,391.373912,,,,,,,,,,,,,,,,,,,
2025-11-21 14:04:24.951,1504,2025-11-21 14:04:24.951,391.471005,,,,,,,,,,,,,,,,,,,
2025-11-21 14:04:25.951,1505,2025-11-21 14:04:25.951,391.572887,,,,,,,,,,,,,,,,,,,
2025-11-21 14:04:26.951,1506,2025-11-21 14:04:26.951,391.667299,,,,,,,,,,,,,,,,,,,
2025-11-21 14:04:27.951,1507,2025-11-21 14:04:27.951,391.748353,,,,,,,,,,,,,,,,,,,
2025-11-21 14:04:28.951,1508,2025-11-21 14:04:28.951,391.829537,,,,,,,,,,,,,,,,,,,
2025-11-21 14:04:29.951,1509,2025-11-21 14:04:29.951,391.922797,,,,,,,,,,,,,,,,,,,
2025-11-21 14:04:30.951,1510,2025-11-21 14:04:30.951,392.002706,,,,,,,,,,,,,,,,,,,
2025-11-21 14:04:31.951,1511,2025-11-21 14:04:31.951,392.064269,,,,,,,,,,,,,,,,,,,
2025-11-21 14:04:32.951,1512,2025-11-21 14:04:32.951,392.174447,,,,,,,,,,,,,,,,,,,
2025-11-21 14:04:33.951,1513,2025-11-21 14:04:33.951,392.277425,,,,,,,,,,,,,,,,,,,
2025-11-21 14:04:34.951,1514,2025-11-21 14:04:34.951,392.359145,,,,,,,,,,,,,,,,,,,
2025-11-21 14:04:35.951,1515,2025-11-21 14:04:35.951,392.469253,,,,,,,,,,,,,,,,,,,
2025-11-21 14:04:36.951,1516,2025-11-21 14:04:36.951,392.537522,,,,,,,,,,,,,,,,,,,
2025-11-21 14:04:37.951,1517,2025-11-21 14:04:37.951,392.642543,,,,,,,,,,,,,,,,,,,
2025-11-21 14:04:38.951,1518,2025-11-21 14:04:38.951,392.738622,,,,,,,,,,,,,,,,,,,
2025-11-21 14:04:39.951,1519,2025-11-21 14:04:39.951,392.812527,,,,,,,,,,,,,,,,,,,
2025-11-21 14:04:40.951,1520,2025-11-21 14:04:40.951,392.923408,,,,,,,,,,,,,,,,,,,
2025-11-21 14:04:41.951,1521,2025-11-21 14:04:41.951,392.998499,,,,,,,,,,,,,,,,,,,
2025-11-21 14:04:42.951,1522,2025-11-21 14:04:42.951,393.08846,,,,,,,,,,,,,,,,,,,
2025-11-21 14:04:43.951,1523,2025-11-21 14:04:43.951,393.157626,,,,,,,,,,,,,,,,,,,
2025-11-21 14:04:44.951,1524,2025-11-21 14:04:44.951,393.252218,,,,,,,,,,,,,,,,,,,
2025-11-21 14:04:45.951,1525,2025-11-21 14:04:45.951,393.335162,,,,,,,,,,,,,,,,,,,
2025-11-21 14:04:46.951,1526,2025-11-21 14:04:46.951,393.415389,,,,,,,,,,,,,,,,,,,
2025-11-21 14:04:47.951,1527,2025-11-21 14:04:47.951,393.513015,,,,,,,,,,,,,,,,,,,
2025-11-21 14:04:48.951,1528,2025-11-21 14:04:48.951,393.606609,,,,,,,,,,,,,,,,,,,
2025-11-21 14:04:49.951,1529,2025-11-21 14:04:49.951,393.697962,,,,,,,,,,,,,,,,,,,
2025-11-21 14:04:50.951,1530,2025-11-21 14:04:50.951,393.765845,,,,,,,,,,,,,,,,,,,
2025-11-21 14:04:51.951,1531,2025-11-21 14:04:51.951,393.854496,,,,,,,,,,,,,,,,,,,
2025-11-21 14:04:52.951,1532,2025-11-21 14:04:52.951,393.939845,,,,,,,,,,,,,,,,,,,
2025-11-21 14:04:53.951,1533,2025-11-21 14:04:53.951,394.02264,,,,,,,,,,,,,,,,,,,
2025-11-21 14:04:54.951,1534,2025-11-21 14:04:54.951,394.120314,,,,,,,,,,,,,,,,,,,
2025-11-21 14:04:55.951,1535,2025-11-21 14:04:55.951,394.183196,,,,,,,,,,,,,,,,,,,
2025-11-21 14:04:56.951,1536,2025-11-21 14:04:56.951,394.258638,,,,,,,,,,,,,,,,,,,
2025-11-21 14:04:57.951,1537,2025-11-21 14:04:57.951,394.343412,,,,,,,,,,,,,,,,,,,
2025-11-21 14:04:58.951,1538,2025-11-21 14:04:58.951,394.423271,,,,,,,,,,,,,,,,,,,
2025-11-21 14:04:59.951,1539,2025-11-21 14:04:59.951,394.519511,,,,,,,,,,,,,,,,,,,
2025-11-21 14:05:00.951,1540,2025-11-21 14:05:00.951,394.600197,,,,,,,,,,,,,,,,,,,
2025-11-21 14:05:01.951,1541,2025-11-21 14:05:01.951,394.684837,,,,,,,,,,,,,,,,,,,
2025-11-21 14:05:02.951,1542,2025-11-21 14:05:02.951,394.752076,,,,,,,,,,,,,,,,,,,
2025-11-21 14:05:03.951,1543,2025-11-21 14:05:03.951,394.830353,,,,,,,,,,,,,,,,,,,
2025-11-21 14:05:04.951,1544,2025-11-21 14:05:04.951,394.938862,,,,,,,,,,,,,,,,,,,
2025-11-21 14:05:05.951,1545,2025-11-21 14:05:05.951,395.001416,,,,,,,,,,,,,,,,,,,
2025-11-21 14:05:06.951,1546,2025-11-21 14:05:06.951,395.082936,,,,,,,,,,,,,,,,,,,
2025-11-21 14:05:07.951,1547,2025-11-21 14:05:07.951,395.177558,,,,,,,,,,,,,,,,,,,
2025-11-21 14:05:08.951,1548,2025-11-21 14:05:08.951,395.245473,,,,,,,,,,,,,,,,,,,
2025-11-21 14:05:09.951,1549,2025-11-21 14:05:09.951,395.335881,,,,,,,,,,,,,,,,,,,
2025-11-21 14:05:10.951,1550,2025-11-21 14:05:10.951,395.405678,,,,,,,,,,,,,,,,,,,
2025-11-21 14:05:11.951,1551,2025-11-21 14:05:11.951,395.494717,,,,,,,,,,,,,,,,,,,
2025-11-21 14:05:12.951,1552,2025-11-21 14:05:12.951,395.5656,,,,,,,,,,,,,,,,,,,
2025-11-21 14:05:13.951,1553,2025-11-21 14:05:13.951,395.635362,,,,,,,,,,,,,,,,,,,
2025-11-21 14:05:14.951,1554,2025-11-21 14:05:14.951,395.72168,,,,,,,,,,,,,,,,,,,
2025-11-21 14:05:15.951,1555,2025-11-21 14:05:15.951,395.794669,,,,,,,,,,,,,,,,,,,
2025-11-21 14:05:16.951,1556,2025-11-21 14:05:16.951,395.870311,,,,,,,,,,,,,,,,,,,
2025-11-21 14:05:17.951,1557,2025-11-21 14:05:17.951,395.952127,,,,,,,,,,,,,,,,,,,
2025-11-21 14:05:18.951,1558,2025-11-21 14:05:18.951,396.037254,,,,,,,,,,,,,,,,,,,
2025-11-21 14:05:19.951,1559,2025-11-21 14:05:19.951,396.097051,,,,,,,,,,,,,,,,,,,
2025-11-21 14:05:20.951,1560,2025-11-21 14:05:20.951,396.188666,,,,,,,,,,,,,,,,,,,
2025-11-21 14:05:21.951,1561,2025-11-21 14:05:21.951,396.243211,,,,,,,,,,,,,,,,,,,
2025-11-21 14:05:22.951,1562,2025-11-21 14:05:22.951,396.320112,,,,,,,,,,,,,,,,,,,
2025-11-21 14:05:23.951,1563,2025-11-21 14:05:23.951,396.403086,,,,,,,,,,,,,,,,,,,
2025-11-21 14:05:24.951,1564,2025-11-21 14:05:24.951,396.496188,,,,,,,,,,,,,,,,,,,
2025-11-21 14:05:25.951,1565,2025-11-21 14:05:25.951,396.564638,,,,,,,,,,,,,,,,,,,
2025-11-21 14:05:26.951,1566,2025-11-21 14:05:26.951,396.647543,,,,,,,,,,,,,,,,,,,
2025-11-21 14:05:27.951,1567,2025-11-21 14:05:27.951,396.71373,,,,,,,,,,,,,,,,,,,
2025-11-21 14:05:28.951,1568,2025-11-21 14:05:28.951,396.800778,,,,,,,,,,,,,,,,,,,
2025-11-21 14:05:29.951,1569,2025-11-21 14:05:29.951,396.860875,,,,,,,,,,,,,,,,,,,
2025-11-21 14:05:30.951,1570,2025-11-21 14:05:30.951,396.932732,,,,,,,,,,,,,,,,,,,
2025-11-21 14:05:31.951,1571,2025-11-21 14:05:31.951,397.022212,,,,,,,,,,,,,,,,,,,
2025-11-21 14:05:32.951,1572,2025-11-21 14:05:32.951,397.112039,,,,,,,,,,,,,,,,,,,
2025-11-21 14:05:33.951,1573,2025-11-21 14:05:33.951,397.166235,,,,,,,,,,,,,,,,,,,
2025-11-21 14:05:34.951,1574,2025-11-21 14:05:34.951,397.272935,,,,,,,,,,,,,,,,,,,
2025-11-21 14:05:35.951,1575,2025-11-21 14:05:35.951,397.332841,,,,,,,,,,,,,,,,,,,
2025-11-21 14:05:36.951,1576,2025-11-21 14:05:36.951,397.397282,,,,,,,,,,,,,,,,,,,
2025-11-21 14:05:37.951,1577,2025-11-21 14:05:37.951,397.478215,,,,,,,,,,,,,,,,,,,
2025-11-21 14:05:38.951,1578,2025-11-21 14:05:38.951,397.551123,,,,,,,,,,,,,,,,,,,
2025-11-21 14:05:39.951,1579,2025-11-21 14:05:39.951,397.623915,,,,,,,,,,,,,,,,,,,
2025-11-21 14:05:40.951,1580,2025-11-21 14:05:40.951,397.6968,,,,,,,,,,,,,,,,,,,
2025-11-21 14:05:41.951,1581,2025-11-21 14:05:41.951,397.769517,,,,,,,,,,,,,,,,,,,
2025-11-21 14:05:42.951,1582,2025-11-21 14:05:42.951,397.830599,,,,,,,,,,,,,,,,,,,
2025-11-21 14:05:43.951,1583,2025-11-21 14:05:43.951,397.925644,,,,,,,,,,,,,,,,,,,
2025-11-21 14:05:44.951,1584,2025-11-21 14:05:44.951,398.002347,,,,,,,,,,,,,,,,,,,
2025-11-21 14:05:45.951,1585,2025-11-21 14:05:45.951,398.067662,,,,,,,,,,,,,,,,,,,
2025-11-21 14:05:46.951,1586,2025-11-21 14:05:46.951,398.156423,,,,,,,,,,,,,,,,,,,
2025-11-21 14:05:47.951,1587,2025-11-21 14:05:47.951,398.230657,,,,,,,,,,,,,,,,,,,
2025-11-21 14:05:48.951,1588,2025-11-21 14:05:48.951,398.292709,,,,,,,,,,,,,,,,,,,
2025-11-21 14:05:49.951,1589,2025-11-21 14:05:49.951,398.351325,,,,,,,,,,,,,,,,,,,
2025-11-21 14:05:50.951,1590,2025-11-21 14:05:50.951,398.442082,,,,,,,,,,,,,,,,,,,
2025-11-21 14:05:51.951,1591,2025-11-21 14:05:51.951,398.502992,,,,,,,,,,,,,,,,,,,
2025-11-21 14:05:52.951,1592,2025-11-21 14:05:52.951,398.580923,,,,,,,,,,,,,,,,,,,
2025-11-21 14:05:53.951,1593,2025-11-21 14:05:53.951,398.651979,,,,,,,,,,,,,,,,,,,
2025-11-21 14:05:54.951,1594,2025-11-21 14:05:54.951,398.74151,,,,,,,,,,,,,,,,,,,
2025-11-21 14:05:55.951,1595,2025-11-21 14:05:55.951,398.795048,,,,,,,,,,,,,,,,,,,
2025-11-21 14:05:56.951,1596,2025-11-21 14:05:56.951,398.862316,,,,,,,,,,,,,,,,,,,
2025-11-21 14:05:57.951,1597,2025-11-21 14:05:57.951,398.928673,,,,,,,,,,,,,,,,,,,
2025-11-21 14:05:58.951,1598,2025-11-21 14:05:58.951,399.016804,,,,,,,,,,,,,,,,,,,
2025-11-21 14:05:59.951,1599,2025-11-21 14:05:59.951,399.079736,,,,,,,,,,,,,,,,,,,
2025-11-21 14:06:00.951,1600,2025-11-21 14:06:00.951,399.142486,,,,,,,,,,,,,,,,,,,
2025-11-21 14:06:01.951,1601,2025-11-21 14:06:01.951,399.218124,,,,,,,,,,,,,,,,,,,
2025-11-21 14:06:02.951,1602,2025-11-21 14:06:02.951,399.29022,,,,,,,,,,,,,,,,,,,
2025-11-21 14:06:03.951,1603,2025-11-21 14:06:03.951,399.361365,,,,,,,,,,,,,,,,,,,
2025-11-21 14:06:04.951,1604,2025-11-21 14:06:04.951,399.440876,,,,,,,,,,,,,,,,,,,
2025-11-21 14:06:05.951,1605,2025-11-21 14:06:05.951,399.513553,,,,,,,,,,,,,,,,,,,
2025-11-21 14:06:06.951,1606,2025-11-21 14:06:06.951,399.580617,,,,,,,,,,,,,,,,,,,
2025-11-21 14:06:07.951,1607,2025-11-21 14:06:07.951,399.660675,,,,,,,,,,,,,,,,,,,
2025-11-21 14:06:08.951,1608,2025-11-21 14:06:08.951,399.729522,,,,,,,,,,,,,,,,,,,
2025-11-21 14:06:09.951,1609,2025-11-21 14:06:09.951,399.813464,,,,,,,,,,,,,,,,,,,
2025-11-21 14:06:10.982,1610,2025-11-21 14:06:10.982,399.85935,,,,,,,,,,,,,,,,,,,
2025-11-21 14:06:11.951,1611,2025-11-21 14:06:11.951,399.922798,,,,,,,,,,,,,,,,,,,
2025-11-21 14:06:12.951,1612,2025-11-21 14:06:12.951,400.002571,,,,,,,,,,,,,,,,,,,
2025-11-21 14:06:13.951,1613,2025-11-21 14:06:13.951,400.072817,,,,,,,,,,,,,,,,,,,
2025-11-21 14:06:14.951,1614,2025-11-21 14:06:14.951,400.13012,,,,,,,,,,,,,,,,,,,
2025-11-21 14:06:15.951,1615,2025-11-21 14:06:15.951,400.209785,,,,,,,,,,,,,,,,,,,
2025-11-21 14:06:16.951,1616,2025-11-21 14:06:16.951,400.301132,,,,,,,,,,,,,,,,,,,
2025-11-21 14:06:17.951,1617,2025-11-21 14:06:17.951,400.346119,,,,,,,,,,,,,,,,,,,
2025-11-21 14:06:18.951,1618,2025-11-21 14:06:18.951,400.415078,,,,,,,,,,,,,,,,,,,
2025-11-21 14:06:19.951,1619,2025-11-21 14:06:19.951,400.476654,,,,,,,,,,,,,,,,,,,
2025-11-21 14:06:20.951,1620,2025-11-21 14:06:20.951,400.549224,,,,,,,,,,,,,,,,,,,
2025-11-21 14:06:21.951,1621,2025-11-21 14:06:21.951,400.62779,,,,,,,,,,,,,,,,,,,
2025-11-21 14:06:22.951,1622,2025-11-21 14:06:22.951,400.667507,,,,,,,,,,,,,,,,,,,
2025-11-21 14:06:23.951,1623,2025-11-21 14:06:23.951,400.744103,,,,,,,,,,,,,,,,,,,
2025-11-21 14:06:24.951,1624,2025-11-21 14:06:24.951,400.83177,,,,,,,,,,,,,,,,,,,
2025-11-21 14:06:25.951,1625,2025-11-21 14:06:25.951,400.896934,,,,,,,,,,,,,,,,,,,
2025-11-21 14:06:26.951,1626,2025-11-21 14:06:26.951,400.973017,,,,,,,,,,,,,,,,,,,
2025-11-21 14:06:27.951,1627,2025-11-21 14:06:27.951,401.042912,,,,,,,,,,,,,,,,,,,
2025-11-21 14:06:28.951,1628,2025-11-21 14:06:28.951,401.119261,,,,,,,,,,,,,,,,,,,
2025-11-21 14:06:29.951,1629,2025-11-21 14:06:29.951,401.183289,,,,,,,,,,,,,,,,,,,
2025-11-21 14:06:30.951,1630,2025-11-21 14:06:30.951,401.257088,,,,,,,,,,,,,,,,,,,
2025-11-21 14:06:31.951,1631,2025-11-21 14:06:31.951,401.317536,,,,,,,,,,,,,,,,,,,
2025-11-21 14:06:32.951,1632,2025-11-21 14:06:32.951,401.367253,,,,,,,,,,,,,,,,,,,
2025-11-21 14:06:33.951,1633,2025-11-21 14:06:33.951,401.460093,,,,,,,,,,,,,,,,,,,
2025-11-21 14:06:34.951,1634,2025-11-21 14:06:34.951,401.526708,,,,,,,,,,,,,,,,,,,
2025-11-21 14:06:35.951,1635,2025-11-21 14:06:35.951,401.568817,,,,,,,,,,,,,,,,,,,
2025-11-21 14:06:36.951,1636,2025-11-21 14:06:36.951,401.647373,,,,,,,,,,,,,,,,,,,
2025-11-21 14:06:37.951,1637,2025-11-21 14:06:37.951,401.742427,,,,,,,,,,,,,,,,,,,
2025-11-21 14:06:38.951,1638,2025-11-21 14:06:38.951,401.784239,,,,,,,,,,,,,,,,,,,
2025-11-21 14:06:39.951,1639,2025-11-21 14:06:39.951,401.853588,,,,,,,,,,,,,,,,,,,
2025-11-21 14:06:40.951,1640,2025-11-21 14:06:40.951,401.908082,,,,,,,,,,,,,,,,,,,
2025-11-21 14:06:41.951,1641,2025-11-21 14:06:41.951,401.977396,,,,,,,,,,,,,,,,,,,
2025-11-21 14:06:42.951,1642,2025-11-21 14:06:42.951,402.020622,,,,,,,,,,,,,,,,,,,
2025-11-21 14:06:43.951,1643,2025-11-21 14:06:43.951,402.119222,,,,,,,,,,,,,,,,,,,
2025-11-21 14:06:44.951,1644,2025-11-21 14:06:44.951,402.187188,,,,,,,,,,,,,,,,,,,
2025-11-21 14:06:45.951,1645,2025-11-21 14:06:45.951,402.238972,,,,,,,,,,,,,,,,,,,
2025-11-21 14:06:46.951,1646,2025-11-21 14:06:46.951,402.310359,,,,,,,,,,,,,,,,,,,
2025-11-21 14:06:47.951,1647,2025-11-21 14:06:47.951,402.394116,,,,,,,,,,,,,,,,,,,
2025-11-21 14:06:48.951,1648,2025-11-21 14:06:48.951,402.445597,,,,,,,,,,,,,,,,,,,
2025-11-21 14:06:49.951,1649,2025-11-21 14:06:49.951,402.507805,,,,,,,,,,,,,,,,,,,
2025-11-21 14:06:50.951,1650,2025-11-21 14:06:50.951,402.558618,,,,,,,,,,,,,,,,,,,
2025-11-21 14:06:51.951,1651,2025-11-21 14:06:51.951,402.628001,,,,,,,,,,,,,,,,,,,
2025-11-21 14:06:52.951,1652,2025-11-21 14:06:52.951,402.694229,,,,,,,,,,,,,,,,,,,
2025-11-21 14:06:53.951,1653,2025-11-21 14:06:53.951,402.756166,,,,,,,,,,,,,,,,,,,
2025-11-21 14:06:54.951,1654,2025-11-21 14:06:54.951,402.806223,,,,,,,,,,,,,,,,,,,
2025-11-21 14:06:55.951,1655,2025-11-21 14:06:55.951,402.885162,,,,,,,,,,,,,,,,,,,
2025-11-21 14:06:56.951,1656,2025-11-21 14:06:56.951,402.945115,,,,,,,,,,,,,,,,,,,
2025-11-21 14:06:57.951,1657,2025-11-21 14:06:57.951,403.013023,,,,,,,,,,,,,,,,,,,
2025-11-21 14:06:58.951,1658,2025-11-21 14:06:58.951,403.066962,,,,,,,,,,,,,,,,,,,
2025-11-21 14:06:59.951,1659,2025-11-21 14:06:59.951,403.153661,,,,,,,,,,,,,,,,,,,
2025-11-21 14:07:00.951,1660,2025-11-21 14:07:00.951,403.212188,,,,,,,,,,,,,,,,,,,
2025-11-21 14:07:01.951,1661,2025-11-21 14:07:01.951,403.268916,,,,,,,,,,,,,,,,,,,
2025-11-21 14:07:02.951,1662,2025-11-21 14:07:02.951,403.337176,,,,,,,,,,,,,,,,,,,
2025-11-21 14:07:03.951,1663,2025-11-21 14:07:03.951,403.40421,,,,,,,,,,,,,,,,,,,
2025-11-21 14:07:04.951,1664,2025-11-21 14:07:04.951,403.441643,,,,,,,,,,,,,,,,,,,
2025-11-21 14:07:05.951,1665,2025-11-21 14:07:05.951,403.502687,,,,,,,,,,,,,,,,,,,
2025-11-21 14:07:06.951,1666,2025-11-21 14:07:06.951,403.573886,,,,,,,,,,,,,,,,,,,
2025-11-21 14:07:07.951,1667,2025-11-21 14:07:07.951,403.647821,,,,,,,,,,,,,,,,,,,
2025-11-21 14:07:08.951,1668,2025-11-21 14:07:08.951,403.693001,,,,,,,,,,,,,,,,,,,
2025-11-21 14:07:09.951,1669,2025-11-21 14:07:09.951,403.772065,,,,,,,,,,,,,,,,,,,
2025-11-21 14:07:10.951,1670,2025-11-21 14:07:10.951,403.831576,,,,,,,,,,,,,,,,,,,
2025-11-21 14:07:11.951,1671,2025-11-21 14:07:11.951,403.892151,,,,,,,,,,,,,,,,,,,
2025-11-21 14:07:12.951,1672,2025-11-21 14:07:12.951,403.95476,,,,,,,,,,,,,,,,,,,
2025-11-21 14:07:13.951,1673,2025-11-21 14:07:13.951,404.010989,,,,,,,,,,,,,,,,,,,
2025-11-21 14:07:14.951,1674,2025-11-21 14:07:14.951,404.059993,,,,,,,,,,,,,,,,,,,
2025-11-21 14:07:15.951,1675,2025-11-21 14:07:15.951,404.116833,,,,,,,,,,,,,,,,,,,
2025-11-21 14:07:16.951,1676,2025-11-21 14:07:16.951,404.192442,,,,,,,,,,,,,,,,,,,
2025-11-21 14:07:17.951,1677,2025-11-21 14:07:17.951,404.278433,,,,,,,,,,,,,,,,,,,
2025-11-21 14:07:18.951,1678,2025-11-21 14:07:18.951,404.319688,,,,,,,,,,,,,,,,,,,
2025-11-21 14:07:19.951,1679,2025-11-21 14:07:19.951,404.396309,,,,,,,,,,,,,,,,,,,
2025-11-21 14:07:20.951,1680,2025-11-21 14:07:20.951,404.434262,,,,,,,,,,,,,,,,,,,
2025-11-21 14:07:21.951,1681,2025-11-21 14:07:21.951,404.510074,,,,,,,,,,,,,,,,,,,
2025-11-21 14:07:22.951,1682,2025-11-21 14:07:22.951,404.572614,,,,,,,,,,,,,,,,,,,
2025-11-21 14:07:23.951,1683,2025-11-21 14:07:23.951,404.630617,,,,,,,,,,,,,,,,,,,
2025-11-21 14:07:24.951,1684,2025-11-21 14:07:24.951,404.708094,,,,,,,,,,,,,,,,,,,
2025-11-21 14:07:25.951,1685,2025-11-21 14:07:25.951,404.779888,,,,,,,,,,,,,,,,,,,
2025-11-21 14:07:26.951,1686,2025-11-21 14:07:26.951,404.832733,,,,,,,,,,,,,,,,,,,
2025-11-21 14:07:27.951,1687,2025-11-21 14:07:27.951,404.876991,,,,,,,,,,,,,,,,,,,
2025-11-21 14:07:28.951,1688,2025-11-21 14:07:28.951,404.949378,,,,,,,,,,,,,,,,,,,
2025-11-21 14:07:29.951,1689,2025-11-21 14:07:29.951,404.988343,,,,,,,,,,,,,,,,,,,
2025-11-21 14:07:30.951,1690,2025-11-21 14:07:30.951,405.059111,,,,,,,,,,,,,,,,,,,
2025-11-21 14:07:31.951,1691,2025-11-21 14:07:31.951,405.126501,,,,,,,,,,,,,,,,,,,
2025-11-21 14:07:32.951,1692,2025-11-21 14:07:32.951,405.173395,,,,,,,,,,,,,,,,,,,
2025-11-21 14:07:33.951,1693,2025-11-21 14:07:33.951,405.242813,,,,,,,,,,,,,,,,,,,
2025-11-21 14:07:34.951,1694,2025-11-21 14:07:34.951,405.283935,,,,,,,,,,,,,,,,,,,
2025-11-21 14:07:35.951,1695,2025-11-21 14:07:35.951,405.364141,,,,,,,,,,,,,,,,,,,
2025-11-21 14:07:36.951,1696,2025-11-21 14:07:36.951,405.41633,,,,,,,,,,,,,,,,,,,
2025-11-21 14:07:37.951,1697,2025-11-21 14:07:37.951,405.462338,,,,,,,,,,,,,,,,,,,
2025-11-21 14:07:38.951,1698,2025-11-21 14:07:38.951,405.535172,,,,,,,,,,,,,,,,,,,
2025-11-21 14:07:39.951,1699,2025-11-21 14:07:39.951,405.592175,,,,,,,,,,,,,,,,,,,
2025-11-21 14:07:40.951,1700,2025-11-21 14:07:40.951,405.6695,,,,,,,,,,,,,,,,,,,
2025-11-21 14:07:41.951,1701,2025-11-21 14:07:41.951,405.701428,,,,,,,,,,,,,,,,,,,
2025-11-21 14:07:42.951,1702,2025-11-21 14:07:42.951,405.773412,,,,,,,,,,,,,,,,,,,
2025-11-21 14:07:43.951,1703,2025-11-21 14:07:43.951,405.843821,,,,,,,,,,,,,,,,,,,
2025-11-21 14:07:44.951,1704,2025-11-21 14:07:44.951,405.851867,,,,,,,,,,,,,,,,,,,
2025-11-21 14:07:45.951,1705,2025-11-21 14:07:45.951,405.871527,,,,,,,,,,,,,,,,,,,
2025-11-21 14:07:46.951,1706,2025-11-21 14:07:46.951,405.908999,,,,,,,,,,,,,,,,,,,
2025-11-21 14:07:47.951,1707,2025-11-21 14:07:47.951,405.938117,,,,,,,,,,,,,,,,,,,
2025-11-21 14:07:48.951,1708,2025-11-21 14:07:48.951,406.012956,,,,,,,,,,,,,,,,,,,
2025-11-21 14:07:49.951,1709,2025-11-21 14:07:49.951,406.066179,,,,,,,,,,,,,,,,,,,
2025-11-21 14:07:50.951,1710,2025-11-21 14:07:50.951,406.126637,,,,,,,,,,,,,,,,,,,
2025-11-21 14:07:51.951,1711,2025-11-21 14:07:51.951,406.197609,,,,,,,,,,,,,,,,,,,
2025-11-21 14:07:52.951,1712,2025-11-21 14:07:52.951,406.251557,,,,,,,,,,,,,,,,,,,
2025-11-21 14:07:53.951,1713,2025-11-21 14:07:53.951,406.301545,,,,,,,,,,,,,,,,,,,
2025-11-21 14:07:54.951,1714,2025-11-21 14:07:54.951,406.353585,,,,,,,,,,,,,,,,,,,
2025-11-21 14:07:55.951,1715,2025-11-21 14:07:55.951,406.416826,,,,,,,,,,,,,,,,,,,
2025-11-21 14:07:56.951,1716,2025-11-21 14:07:56.951,406.487738,,,,,,,,,,,,,,,,,,,
2025-11-21 14:07:57.951,1717,2025-11-21 14:07:57.951,406.531655,,,,,,,,,,,,,,,,,,,
2025-11-21 14:07:58.951,1718,2025-11-21 14:07:58.951,406.592002,,,,,,,,,,,,,,,,,,,
2025-11-21 14:07:59.951,1719,2025-11-21 14:07:59.951,406.625713,,,,,,,,,,,,,,,,,,,
2025-11-21 14:08:00.951,1720,2025-11-21 14:08:00.951,406.710524,,,,,,,,,,,,,,,,,,,
2025-11-21 14:08:01.951,1721,2025-11-21 14:08:01.951,406.853146,,,,,,,,,,,,,,,,,,,
2025-11-21 14:08:02.951,1722,2025-11-21 14:08:02.951,407.079703,,,,,,,,,,,,,,,,,,,
2025-11-21 14:08:03.951,1723,2025-11-21 14:08:03.951,407.182983,,,,,,,,,,,,,,,,,,,
2025-11-21 14:08:04.951,1724,2025-11-21 14:08:04.951,407.259499,,,,,,,,,,,,,,,,,,,
2025-11-21 14:08:05.951,1725,2025-11-21 14:08:05.951,407.355067,,,,,,,,,,,,,,,,,,,
2025-11-21 14:08:06.951,1726,2025-11-21 14:08:06.951,407.431506,,,,,,,,,,,,,,,,,,,
2025-11-21 14:08:07.951,1727,2025-11-21 14:08:07.951,407.386396,,,,,,,,,,,,,,,,,,,
2025-11-21 14:08:08.951,1728,2025-11-21 14:08:08.951,407.178333,,,,,,,,,,,,,,,,,,,
2025-11-21 14:08:09.951,1729,2025-11-21 14:08:09.951,407.110731,,,,,,,,,,,,,,,,,,,
2025-11-21 14:08:10.951,1730,2025-11-21 14:08:10.951,407.104787,,,,,,,,,,,,,,,,,,,
2025-11-21 14:08:11.951,1731,2025-11-21 14:08:11.951,407.093487,,,,,,,,,,,,,,,,,,,
2025-11-21 14:08:12.951,1732,2025-11-21 14:08:12.951,407.132266,,,,,,,,,,,,,,,,,,,
2025-11-21 14:08:13.951,1733,2025-11-21 14:08:13.951,407.161106,,,,,,,,,,,,,,,,,,,
2025-11-21 14:08:14.951,1734,2025-11-21 14:08:14.951,407.212798,,,,,,,,,,,,,,,,,,,
2025-11-21 14:08:15.951,1735,2025-11-21 14:08:15.951,407.270479,,,,,,,,,,,,,,,,,,,
2025-11-21 14:08:16.951,1736,2025-11-21 14:08:16.951,407.311874,,,,,,,,,,,,,,,,,,,
2025-11-21 14:08:17.951,1737,2025-11-21 14:08:17.951,407.375387,,,,,,,,,,,,,,,,,,,
2025-11-21 14:08:18.951,1738,2025-11-21 14:08:18.951,407.393178,,,,,,,,,,,,,,,,,,,
2025-11-21 14:08:19.951,1739,2025-11-21 14:08:19.951,407.455237,,,,,,,,,,,,,,,,,,,
2025-11-21 14:08:20.951,1740,2025-11-21 14:08:20.951,407.517863,,,,,,,,,,,,,,,,,,,
2025-11-21 14:08:21.951,1741,2025-11-21 14:08:21.951,407.557594,,,,,,,,,,,,,,,,,,,
2025-11-21 14:08:22.951,1742,2025-11-21 14:08:22.951,407.620028,,,,,,,,,,,,,,,,,,,
2025-11-21 14:08:23.951,1743,2025-11-21 14:08:23.951,407.654747,,,,,,,,,,,,,,,,,,,
2025-11-21 14:08:24.951,1744,2025-11-21 14:08:24.951,407.714921,,,,,,,,,,,,,,,,,,,
2025-11-21 14:08:25.951,1745,2025-11-21 14:08:25.951,407.752327,,,,,,,,,,,,,,,,,,,
2025-11-21 14:08:26.951,1746,2025-11-21 14:08:26.951,407.818349,,,,,,,,,,,,,,,,,,,
2025-11-21 14:08:27.951,1747,2025-11-21 14:08:27.951,407.877074,,,,,,,,,,,,,,,,,,,
2025-11-21 14:08:28.951,1748,2025-11-21 14:08:28.951,407.91114,,,,,,,,,,,,,,,,,,,
2025-11-21 14:08:29.951,1749,2025-11-21 14:08:29.951,407.958557,,,,,,,,,,,,,,,,,,,
2025-11-21 14:08:30.951,1750,2025-11-21 14:08:30.951,408.025861,,,,,,,,,,,,,,,,,,,
2025-11-21 14:08:31.951,1751,2025-11-21 14:08:31.951,408.060951,,,,,,,,,,,,,,,,,,,
2025-11-21 14:08:32.951,1752,2025-11-21 14:08:32.951,408.108157,,,,,,,,,,,,,,,,,,,
2025-11-21 14:08:33.951,1753,2025-11-21 14:08:33.951,408.172553,,,,,,,,,,,,,,,,,,,
2025-11-21 14:08:34.951,1754,2025-11-21 14:08:34.951,408.221172,,,,,,,,,,,,,,,,,,,
2025-11-21 14:08:35.951,1755,2025-11-21 14:08:35.951,408.255559,,,,,,,,,,,,,,,,,,,
2025-11-21 14:08:36.951,1756,2025-11-21 14:08:36.951,408.319038,,,,,,,,,,,,,,,,,,,
2025-11-21 14:08:37.951,1757,2025-11-21 14:08:37.951,408.376489,,,,,,,,,,,,,,,,,,,
2025-11-21 14:08:38.951,1758,2025-11-21 14:08:38.951,408.415632,,,,,,,,,,,,,,,,,,,
2025-11-21 14:08:39.951,1759,2025-11-21 14:08:39.951,408.462588,,,,,,,,,,,,,,,,,,,
2025-11-21 14:08:40.951,1760,2025-11-21 14:08:40.951,408.499013,,,,,,,,,,,,,,,,,,,
2025-11-21 14:08:41.951,1761,2025-11-21 14:08:41.951,408.570892,,,,,,,,,,,,,,,,,,,
2025-11-21 14:08:42.951,1762,2025-11-21 14:08:42.951,408.607125,,,,,,,,,,,,,,,,,,,
2025-11-21 14:08:43.951,1763,2025-11-21 14:08:43.951,408.662908,,,,,,,,,,,,,,,,,,,
2025-11-21 14:08:44.951,1764,2025-11-21 14:08:44.951,408.702884,,,,,,,,,,,,,,,,,,,
2025-11-21 14:08:45.951,1765,2025-11-21 14:08:45.951,408.779004,,,,,,,,,,,,,,,,,,,
2025-11-21 14:08:46.951,1766,2025-11-21 14:08:46.951,408.799848,,,,,,,,,,,,,,,,,,,
2025-11-21 14:08:47.951,1767,2025-11-21 14:08:47.951,408.849525,,,,,,,,,,,,,,,,,,,
2025-11-21 14:08:48.951,1768,2025-11-21 14:08:48.951,408.917289,,,,,,,,,,,,,,,,,,,
2025-11-21 14:08:49.951,1769,2025-11-21 14:08:49.951,408.960253,,,,,,,,,,,,,,,,,,,
2025-11-21 14:08:50.951,1770,2025-11-21 14:08:50.951,409.002519,,,,,,,,,,,,,,,,,,,
2025-11-21 14:08:51.951,1771,2025-11-21 14:08:51.951,409.048456,,,,,,,,,,,,,,,,,,,
2025-11-21 14:08:52.951,1772,2025-11-21 14:08:52.951,409.099493,,,,,,,,,,,,,,,,,,,
2025-11-21 14:08:53.951,1773,2025-11-21 14:08:53.951,409.147093,,,,,,,,,,,,,,,,,,,
2025-11-21 14:08:54.951,1774,2025-11-21 14:08:54.951,409.20296,,,,,,,,,,,,,,,,,,,
2025-11-21 14:08:55.951,1775,2025-11-21 14:08:55.951,409.235895,,,,,,,,,,,,,,,,,,,
2025-11-21 14:08:56.951,1776,2025-11-21 14:08:56.951,409.274132,,,,,,,,,,,,,,,,,,,
2025-11-21 14:08:57.951,1777,2025-11-21 14:08:57.951,409.347871,,,,,,,,,,,,,,,,,,,
2025-11-21 14:08:58.951,1778,2025-11-21 14:08:58.951,409.378636,,,,,,,,,,,,,,,,,,,
2025-11-21 14:08:59.951,1779,2025-11-21 14:08:59.951,409.422383,,,,,,,,,,,,,,,,,,,
2025-11-21 14:09:00.951,1780,2025-11-21 14:09:00.951,409.47194,,,,,,,,,,,,,,,,,,,
2025-11-21 14:09:01.951,1781,2025-11-21 14:09:01.951,409.525215,,,,,,,,,,,,,,,,,,,
2025-11-21 14:09:02.951,1782,2025-11-21 14:09:02.951,409.554207,,,,,,,,,,,,,,,,,,,
2025-11-21 14:09:03.951,1783,2025-11-21 14:09:03.951,409.613438,,,,,,,,,,,,,,,,,,,
2025-11-21 14:09:04.951,1784,2025-11-21 14:09:04.951,409.673427,,,,,,,,,,,,,,,,,,,
2025-11-21 14:09:05.951,1785,2025-11-21 14:09:05.951,409.702749,,,,,,,,,,,,,,,,,,,
2025-11-21 14:09:06.951,1786,2025-11-21 14:09:06.951,409.742817,,,,,,,,,,,,,,,,,,,
2025-11-21 14:09:07.951,1787,2025-11-21 14:09:07.951,409.788184,,,,,,,,,,,,,,,,,,,
2025-11-21 14:09:08.951,1788,2025-11-21 14:09:08.951,409.851565,,,,,,,,,,,,,,,,,,,
2025-11-21 14:09:09.951,1789,2025-11-21 14:09:09.951,409.891774,,,,,,,,,,,,,,,,,,,
2025-11-21 14:09:10.951,1790,2025-11-21 14:09:10.951,409.933399,,,,,,,,,,,,,,,,,,,
2025-11-21 14:09:11.951,1791,2025-11-21 14:09:11.951,409.97785,,,,,,,,,,,,,,,,,,,
2025-11-21 14:09:12.951,1792,2025-11-21 14:09:12.951,410.040584,,,,,,,,,,,,,,,,,,,
2025-11-21 14:09:13.951,1793,2025-11-21 14:09:13.951,410.076506,,,,,,,,,,,,,,,,,,,
2025-11-21 14:09:15.048,1794,2025-11-21 14:09:15.048,410.1467,,,,,,,,,,,,,,,,,,,
2025-11-21 14:09:15.951,1795,2025-11-21 14:09:15.951,410.198421,,,,,,,,,,,,,,,,,,,
2025-11-21 14:09:16.951,1796,2025-11-21 14:09:16.951,410.220552,,,,,,,,,,,,,,,,,,,
2025-11-21 14:09:17.951,1797,2025-11-21 14:09:17.951,410.271237,,,,,,,,,,,,,,,,,,,
2025-11-21 14:09:18.951,1798,2025-11-21 14:09:18.951,410.31556,,,,,,,,,,,,,,,,,,,
2025-11-21 14:09:19.951,1799,2025-11-21 14:09:19.951,410.373921,,,,,,,,,,,,,,,,,,,
2025-11-21 14:09:20.951,1800,2025-11-21 14:09:20.951,410.416739,,,,,,,,,,,,,,,,,,,
2025-11-21 14:09:21.951,1801,2025-11-21 14:09:21.951,410.446336,,,,,,,,,,,,,,,,,,,
2025-11-21 14:09:22.951,1802,2025-11-21 14:09:22.951,410.507393,,,,,,,,,,,,,,,,,,,
2025-11-21 14:09:23.951,1803,2025-11-21 14:09:23.951,410.552678,,,,,,,,,,,,,,,,,,,
2025-11-21 14:09:24.951,1804,2025-11-21 14:09:24.951,410.593106,,,,,,,,,,,,,,,,,,,
2025-11-21 14:09:25.951,1805,2025-11-21 14:09:25.951,410.669214,,,,,,,,,,,,,,,,,,,
2025-11-21 14:09:26.951,1806,2025-11-21 14:09:26.951,410.701801,,,,,,,,,,,,,,,,,,,
2025-11-21 14:09:27.951,1807,2025-11-21 14:09:27.951,410.774018,,,,,,,,,,,,,,,,,,,
2025-11-21 14:09:28.951,1808,2025-11-21 14:09:28.951,410.812089,,,,,,,,,,,,,,,,,,,
2025-11-21 14:09:29.951,1809,2025-11-21 14:09:29.951,410.873276,,,,,,,,,,,,,,,,,,,
2025-11-21 14:09:30.951,1810,2025-11-21 14:09:30.951,410.913714,,,,,,,,,,,,,,,,,,,
2025-11-21 14:09:31.951,1811,2025-11-21 14:09:31.951,410.965612,,,,,,,,,,,,,,,,,,,
2025-11-21 14:09:32.951,1812,2025-11-21 14:09:32.951,411.01344,,,,,,,,,,,,,,,,,,,
2025-11-21 14:09:33.951,1813,2025-11-21 14:09:33.951,411.049884,,,,,,,,,,,,,,,,,,,
2025-11-21 14:09:34.951,1814,2025-11-21 14:09:34.951,411.090962,,,,,,,,,,,,,,,,,,,
2025-11-21 14:09:35.951,1815,2025-11-21 14:09:35.951,411.140828,,,,,,,,,,,,,,,,,,,
2025-11-21 14:09:36.951,1816,2025-11-21 14:09:36.951,411.175976,,,,,,,,,,,,,,,,,,,
2025-11-21 14:09:37.951,1817,2025-11-21 14:09:37.951,411.242016,,,,,,,,,,,,,,,,,,,
2025-11-21 14:09:38.951,1818,2025-11-21 14:09:38.951,411.284588,,,,,,,,,,,,,,,,,,,
2025-11-21 14:09:39.951,1819,2025-11-21 14:09:39.951,411.33642,,,,,,,,,,,,,,,,,,,
2025-11-21 14:09:40.951,1820,2025-11-21 14:09:40.951,411.375025,,,,,,,,,,,,,,,,,,,
2025-11-21 14:09:41.951,1821,2025-11-21 14:09:41.951,411.428982,,,,,,,,,,,,,,,,,,,
2025-11-21 14:09:42.951,1822,2025-11-21 14:09:42.951,411.465875,,,,,,,,,,,,,,,,,,,
2025-11-21 14:09:43.951,1823,2025-11-21 14:09:43.951,411.521518,,,,,,,,,,,,,,,,,,,
2025-11-21 14:09:44.951,1824,2025-11-21 14:09:44.951,411.563142,,,,,,,,,,,,,,,,,,,
2025-11-21 14:09:45.951,1825,2025-11-21 14:09:45.951,411.586945,,,,,,,,,,,,,,,,,,,
2025-11-21 14:09:46.951,1826,2025-11-21 14:09:46.951,411.619318,,,,,,,,,,,,,,,,,,,
2025-11-21 14:09:47.951,1827,2025-11-21 14:09:47.951,411.700344,,,,,,,,,,,,,,,,,,,
2025-11-21 14:09:48.951,1828,2025-11-21 14:09:48.951,411.73201,,,,,,,,,,,,,,,,,,,
2025-11-21 14:09:49.951,1829,2025-11-21 14:09:49.951,411.766452,,,,,,,,,,,,,,,,,,,
2025-11-21 14:09:50.951,1830,2025-11-21 14:09:50.951,411.825675,,,,,,,,,,,,,,,,,,,
2025-11-21 14:09:51.951,1831,2025-11-21 14:09:51.951,411.841772,,,,,,,,,,,,,,,,,,,
2025-11-21 14:09:52.951,1832,2025-11-21 14:09:52.951,411.897718,,,,,,,,,,,,,,,,,,,
2025-11-21 14:09:53.951,1833,2025-11-21 14:09:53.951,411.956253,,,,,,,,,,,,,,,,,,,
2025-11-21 14:09:54.951,1834,2025-11-21 14:09:54.951,411.989912,,,,,,,,,,,,,,,,,,,
2025-11-21 14:09:55.951,1835,2025-11-21 14:09:55.951,412.038187,,,,,,,,,,,,,,,,,,,
2025-11-21 14:09:56.951,1836,2025-11-21 14:09:56.951,412.07321,,,,,,,,,,,,,,,,,,,
2025-11-21 14:09:57.951,1837,2025-11-21 14:09:57.951,412.115973,,,,,,,,,,,,,,,,,,,
2025-11-21 14:09:58.951,1838,2025-11-21 14:09:58.951,412.161163,,,,,,,,,,,,,,,,,,,
2025-11-21 14:09:59.951,1839,2025-11-21 14:09:59.951,412.202257,,,,,,,,,,,,,,,,,,,
2025-11-21 14:10:00.951,1840,2025-11-21 14:10:00.951,412.251725,,,,,,,,,,,,,,,,,,,
2025-11-21 14:10:01.951,1841,2025-11-21 14:10:01.951,412.297248,,,,,,,,,,,,,,,,,,,
2025-11-21 14:10:02.951,1842,2025-11-21 14:10:02.951,412.333655,,,,,,,,,,,,,,,,,,,
2025-11-21 14:10:03.951,1843,2025-11-21 14:10:03.951,412.385335,,,,,,,,,,,,,,,,,,,
2025-11-21 14:10:04.951,1844,2025-11-21 14:10:04.951,412.42379,,,,,,,,,,,,,,,,,,,
2025-11-21 14:10:05.951,1845,2025-11-21 14:10:05.951,412.457375,,,,,,,,,,,,,,,,,,,
2025-11-21 14:10:06.951,1846,2025-11-21 14:10:06.951,412.504792,,,,,,,,,,,,,,,,,,,
2025-11-21 14:10:07.951,1847,2025-11-21 14:10:07.951,412.564042,,,,,,,,,,,,,,,,,,,
2025-11-21 14:10:08.951,1848,2025-11-21 14:10:08.951,412.592248,,,,,,,,,,,,,,,,,,,
2025-11-21 14:10:09.951,1849,2025-11-21 14:10:09.951,412.630004,,,,,,,,,,,,,,,,,,,
2025-11-21 14:10:10.951,1850,2025-11-21 14:10:10.951,412.665199,,,,,,,,,,,,,,,,,,,
2025-11-21 14:10:11.951,1851,2025-11-21 14:10:11.951,412.72551,,,,,,,,,,,,,,,,,,,
2025-11-21 14:10:12.951,1852,2025-11-21 14:10:12.951,412.754618,,,,,,,,,,,,,,,,,,,
2025-11-21 14:10:13.951,1853,2025-11-21 14:10:13.951,412.795492,,,,,,,,,,,,,,,,,,,
2025-11-21 14:10:14.951,1854,2025-11-21 14:10:14.951,412.855379,,,,,,,,,,,,,,,,,,,
2025-11-21 14:10:15.951,1855,2025-11-21 14:10:15.951,412.878537,,,,,,,,,,,,,,,,,,,
2025-11-21 14:10:16.951,1856,2025-11-21 14:10:16.951,412.915414,,,,,,,,,,,,,,,,,,,
2025-11-21 14:10:17.951,1857,2025-11-21 14:10:17.951,412.962745,,,,,,,,,,,,,,,,,,,
2025-11-21 14:10:18.951,1858,2025-11-21 14:10:18.951,413.003658,,,,,,,,,,,,,,,,,,,
2025-11-21 14:10:19.951,1859,2025-11-21 14:10:19.951,413.038691,,,,,,,,,,,,,,,,,,,
2025-11-21 14:10:20.951,1860,2025-11-21 14:10:20.951,413.083378,,,,,,,,,,,,,,,,,,,
2025-11-21 14:10:21.951,1861,2025-11-21 14:10:21.951,413.125247,,,,,,,,,,,,,,,,,,,
2025-11-21 14:10:22.951,1862,2025-11-21 14:10:22.951,413.184057,,,,,,,,,,,,,,,,,,,
2025-11-21 14:10:23.951,1863,2025-11-21 14:10:23.951,413.226801,,,,,,,,,,,,,,,,,,,
2025-11-21 14:10:24.951,1864,2025-11-21 14:10:24.951,413.244552,,,,,,,,,,,,,,,,,,,
2025-11-21 14:10:25.951,1865,2025-11-21 14:10:25.951,413.287055,,,,,,,,,,,,,,,,,,,
2025-11-21 14:10:26.951,1866,2025-11-21 14:10:26.951,413.33689,,,,,,,,,,,,,,,,,,,
2025-11-21 14:10:27.951,1867,2025-11-21 14:10:27.951,413.369133,,,,,,,,,,,,,,,,,,,
2025-11-21 14:10:28.951,1868,2025-11-21 14:10:28.951,413.415311,,,,,,,,,,,,,,,,,,,
2025-11-21 14:10:29.951,1869,2025-11-21 14:10:29.951,413.453811,,,,,,,,,,,,,,,,,,,
2025-11-21 14:10:30.951,1870,2025-11-21 14:10:30.951,413.499783,,,,,,,,,,,,,,,,,,,
2025-11-21 14:10:31.951,1871,2025-11-21 14:10:31.951,413.531971,,,,,,,,,,,,,,,,,,,
2025-11-21 14:10:32.951,1872,2025-11-21 14:10:32.951,413.574859,,,,,,,,,,,,,,,,,,,
2025-11-21 14:10:33.951,1873,2025-11-21 14:10:33.951,413.609775,,,,,,,,,,,,,,,,,,,
2025-11-21 14:10:34.951,1874,2025-11-21 14:10:34.951,413.650403,,,,,,,,,,,,,,,,,,,
2025-11-21 14:10:35.951,1875,2025-11-21 14:10:35.951,413.69166,,,,,,,,,,,,,,,,,,,
2025-11-21 14:10:36.951,1876,2025-11-21 14:10:36.951,413.730528,,,,,,,,,,,,,,,,,,,
2025-11-21 14:10:37.951,1877,2025-11-21 14:10:37.951,413.782469,,,,,,,,,,,,,,,,,,,
2025-11-21 14:10:38.951,1878,2025-11-21 14:10:38.951,413.823052,,,,,,,,,,,,,,,,,,,
2025-11-21 14:10:39.951,1879,2025-11-21 14:10:39.951,413.842034,,,,,,,,,,,,,,,,,,,
2025-11-21 14:10:40.951,1880,2025-11-21 14:10:40.951,413.902637,,,,,,,,,,,,,,,,,,,
2025-11-21 14:10:41.951,1881,2025-11-21 14:10:41.951,413.925543,,,,,,,,,,,,,,,,,,,
2025-11-21 14:10:42.951,1882,2025-11-21 14:10:42.951,413.972389,,,,,,,,,,,,,,,,,,,
2025-11-21 14:10:43.951,1883,2025-11-21 14:10:43.951,414.014145,,,,,,,,,,,,,,,,,,,
2025-11-21 14:10:44.973,1884,2025-11-21 14:10:44.973,414.044726,,,,,,,,,,,,,,,,,,,
2025-11-21 14:10:45.951,1885,2025-11-21 14:10:45.951,414.077255,,,,,,,,,,,,,,,,,,,
2025-11-21 14:10:46.951,1886,2025-11-21 14:10:46.951,414.124787,,,,,,,,,,,,,,,,,,,
2025-11-21 14:10:47.951,1887,2025-11-21 14:10:47.951,414.154469,,,,,,,,,,,,,,,,,,,
2025-11-21 14:10:48.951,1888,2025-11-21 14:10:48.951,414.197694,,,,,,,,,,,,,,,,,,,
2025-11-21 14:10:49.951,1889,2025-11-21 14:10:49.951,414.228487,,,,,,,,,,,,,,,,,,,
2025-11-21 14:10:50.951,1890,2025-11-21 14:10:50.951,414.272243,,,,,,,,,,,,,,,,,,,
2025-11-21 14:10:51.951,1891,2025-11-21 14:10:51.951,414.321012,,,,,,,,,,,,,,,,,,,
2025-11-21 14:10:52.951,1892,2025-11-21 14:10:52.951,414.367465,,,,,,,,,,,,,,,,,,,
2025-11-21 14:10:53.951,1893,2025-11-21 14:10:53.951,414.404287,,,,,,,,,,,,,,,,,,,
2025-11-21 14:10:54.951,1894,2025-11-21 14:10:54.951,414.447946,,,,,,,,,,,,,,,,,,,
2025-11-21 14:10:55.951,1895,2025-11-21 14:10:55.951,414.466252,,,,,,,,,,,,,,,,,,,
2025-11-21 14:10:56.951,1896,2025-11-21 14:10:56.951,414.500337,,,,,,,,,,,,,,,,,,,
2025-11-21 14:10:57.951,1897,2025-11-21 14:10:57.951,414.537438,,,,,,,,,,,,,,,,,,,
2025-11-21 14:10:58.951,1898,2025-11-21 14:10:58.951,414.58961,,,,,,,,,,,,,,,,,,,
2025-11-21 14:10:59.951,1899,2025-11-21 14:10:59.951,414.609493,,,,,,,,,,,,,,,,,,,
2025-11-21 14:11:00.951,1900,2025-11-21 14:11:00.951,414.678824,,,,,,,,,,,,,,,,,,,
2025-11-21 14:11:01.951,1901,2025-11-21 14:11:01.951,414.703202,,,,,,,,,,,,,,,,,,,
2025-11-21 14:11:02.951,1902,2025-11-21 14:11:02.951,414.747178,,,,,,,,,,,,,,,,,,,
2025-11-21 14:11:03.951,1903,2025-11-21 14:11:03.951,414.775122,,,,,,,,,,,,,,,,,,,
2025-11-21 14:11:04.951,1904,2025-11-21 14:11:04.951,414.816033,,,,,,,,,,,,,,,,,,,
2025-11-21 14:11:05.951,1905,2025-11-21 14:11:05.951,414.849167,,,,,,,,,,,,,,,,,,,
2025-11-21 14:11:06.951,1906,2025-11-21 14:11:06.951,414.892387,,,,,,,,,,,,,,,,,,,
2025-11-21 14:11:07.951,1907,2025-11-21 14:11:07.951,414.920631,,,,,,,,,,,,,,,,,,,
2025-11-21 14:11:08.951,1908,2025-11-21 14:11:08.951,414.967133,,,,,,,,,,,,,,,,,,,
2025-11-21 14:11:09.951,1909,2025-11-21 14:11:09.951,415.012756,,,,,,,,,,,,,,,,,,,
2025-11-21 14:11:10.951,1910,2025-11-21 14:11:10.951,415.037402,,,,,,,,,,,,,,,,,,,
2025-11-21 14:11:11.951,1911,2025-11-21 14:11:11.951,415.052628,,,,,,,,,,,,,,,,,,,
2025-11-21 14:11:12.951,1912,2025-11-21 14:11:12.951,415.10076,,,,,,,,,,,,,,,,,,,
2025-11-21 14:11:13.951,1913,2025-11-21 14:11:13.951,415.145961,,,,,,,,,,,,,,,,,,,
2025-11-21 14:11:14.951,1914,2025-11-21 14:11:14.951,415.175222,,,,,,,,,,,,,,,,,,,
2025-11-21 14:11:15.951,1915,2025-11-21 14:11:15.951,415.203284,,,,,,,,,,,,,,,,,,,
2025-11-21 14:11:16.951,1916,2025-11-21 14:11:16.951,415.258309,,,,,,,,,,,,,,,,,,,
2025-11-21 14:11:17.951,1917,2025-11-21 14:11:17.951,415.279285,,,,,,,,,,,,,,,,,,,
2025-11-21 14:11:18.951,1918,2025-11-21 14:11:18.951,415.331656,,,,,,,,,,,,,,,,,,,
2025-11-21 14:11:19.951,1919,2025-11-21 14:11:19.951,415.359706,,,,,,,,,,,,,,,,,,,
2025-11-21 14:11:20.951,1920,2025-11-21 14:11:20.951,415.406306,,,,,,,,,,,,,,,,,,,
2025-11-21 14:11:21.951,1921,2025-11-21 14:11:21.951,415.449024,,,,,,,,,,,,,,,,,,,
2025-11-21 14:11:22.951,1922,2025-11-21 14:11:22.951,415.468732,,,,,,,,,,,,,,,,,,,
2025-11-21 14:11:23.951,1923,2025-11-21 14:11:23.951,415.488328,,,,,,,,,,,,,,,,,,,
2025-11-21 14:11:24.951,1924,2025-11-21 14:11:24.951,415.534635,,,,,,,,,,,,,,,,,,,
2025-11-21 14:11:25.951,1925,2025-11-21 14:11:25.951,415.578682,,,,,,,,,,,,,,,,,,,
2025-11-21 14:11:26.951,1926,2025-11-21 14:11:26.951,415.610459,,,,,,,,,,,,,,,,,,,
2025-11-21 14:11:27.951,1927,2025-11-21 14:11:27.951,415.650795,,,,,,,,,,,,,,,,,,,
2025-11-21 14:11:28.951,1928,2025-11-21 14:11:28.951,415.677529,,,,,,,,,,,,,,,,,,,
2025-11-21 14:11:29.951,1929,2025-11-21 14:11:29.951,415.712927,,,,,,,,,,,,,,,,,,,
2025-11-21 14:11:30.951,1930,2025-11-21 14:11:30.951,415.749981,,,,,,,,,,,,,,,,,,,
2025-11-21 14:11:31.951,1931,2025-11-21 14:11:31.951,415.779836,,,,,,,,,,,,,,,,,,,
2025-11-21 14:11:32.951,1932,2025-11-21 14:11:32.951,415.835002,,,,,,,,,,,,,,,,,,,
2025-11-21 14:11:33.951,1933,2025-11-21 14:11:33.951,415.858664,,,,,,,,,,,,,,,,,,,
2025-11-21 14:11:34.951,1934,2025-11-21 14:11:34.951,415.860325,,,,,,,,,,,,,,,,,,,
2025-11-21 14:11:35.951,1935,2025-11-21 14:11:35.951,415.913875,,,,,,,,,,,,,,,,,,,
2025-11-21 14:11:36.951,1936,2025-11-21 14:11:36.951,415.958961,,,,,,,,,,,,,,,,,,,
2025-11-21 14:11:37.951,1937,2025-11-21 14:11:37.951,415.981837,,,,,,,,,,,,,,,,,,,
2025-11-21 14:11:38.951,1938,2025-11-21 14:11:38.951,416.020489,,,,,,,,,,,,,,,,,,,
2025-11-21 14:11:39.951,1939,2025-11-21 14:11:39.951,416.064275,,,,,,,,,,,,,,,,,,,
2025-11-21 14:11:40.951,1940,2025-11-21 14:11:40.951,416.115375,,,,,,,,,,,,,,,,,,,
2025-11-21 14:11:41.951,1941,2025-11-21 14:11:41.951,416.133293,,,,,,,,,,,,,,,,,,,
2025-11-21 14:11:42.951,1942,2025-11-21 14:11:42.951,416.151792,,,,,,,,,,,,,,,,,,,
2025-11-21 14:11:43.951,1943,2025-11-21 14:11:43.951,416.189074,,,,,,,,,,,,,,,,,,,
2025-11-21 14:11:44.951,1944,2025-11-21 14:11:44.951,416.21802,,,,,,,,,,,,,,,,,,,
2025-11-21 14:11:45.951,1945,2025-11-21 14:11:45.951,416.291696,,,,,,,,,,,,,,,,,,,
2025-11-21 14:11:46.951,1946,2025-11-21 14:11:46.951,416.272539,,,,,,,,,,,,,,,,,,,
2025-11-21 14:11:47.951,1947,2025-11-21 14:11:47.951,416.322542,,,,,,,,,,,,,,,,,,,
2025-11-21 14:11:48.951,1948,2025-11-21 14:11:48.951,416.363584,,,,,,,,,,,,,,,,,,,
2025-11-21 14:11:49.951,1949,2025-11-21 14:11:49.951,416.365576,,,,,,,,,,,,,,,,,,,
2025-11-21 14:11:50.951,1950,2025-11-21 14:11:50.951,416.421349,,,,,,,,,,,,,,,,,,,
2025-11-21 14:11:51.951,1951,2025-11-21 14:11:51.951,416.457092,,,,,,,,,,,,,,,,,,,
2025-11-21 14:11:52.951,1952,2025-11-21 14:11:52.951,416.477582,,,,,,,,,,,,,,,,,,,
2025-11-21 14:11:53.951,1953,2025-11-21 14:11:53.951,416.516264,,,,,,,,,,,,,,,,,,,
2025-11-21 14:11:54.951,1954,2025-11-21 14:11:54.951,416.540137,,,,,,,,,,,,,,,,,,,
2025-11-21 14:11:55.951,1955,2025-11-21 14:11:55.951,416.587934,,,,,,,,,,,,,,,,,,,
2025-11-21 14:11:56.951,1956,2025-11-21 14:11:56.951,416.615037,,,,,,,,,,,,,,,,,,,
2025-11-21 14:11:57.951,1957,2025-11-21 14:11:57.951,416.652796,,,,,,,,,,,,,,,,,,,
2025-11-21 14:11:58.951,1958,2025-11-21 14:11:58.951,416.67559,,,,,,,,,,,,,,,,,,,
2025-11-21 14:11:59.951,1959,2025-11-21 14:11:59.951,416.706711,,,,,,,,,,,,,,,,,,,
2025-11-21 14:12:00.951,1960,2025-11-21 14:12:00.951,416.738081,,,,,,,,,,,,,,,,,,,
2025-11-21 14:12:01.951,1961,2025-11-21 14:12:01.951,416.768735,,,,,,,,,,,,,,,,,,,
2025-11-21 14:12:02.951,1962,2025-11-21 14:12:02.951,416.78374,,,,,,,,,,,,,,,,,,,
2025-11-21 14:12:03.951,1963,2025-11-21 14:12:03.951,416.83761,,,,,,,,,,,,,,,,,,,
2025-11-21 14:12:04.951,1964,2025-11-21 14:12:04.951,416.85886,,,,,,,,,,,,,,,,,,,
2025-11-21 14:12:05.951,1965,2025-11-21 14:12:05.951,416.886577,,,,,,,,,,,,,,,,,,,
2025-11-21 14:12:06.951,1966,2025-11-21 14:12:06.951,416.937518,,,,,,,,,,,,,,,,,,,
2025-11-21 14:12:07.951,1967,2025-11-21 14:12:07.951,416.958127,,,,,,,,,,,,,,,,,,,
2025-11-21 14:12:08.951,1968,2025-11-21 14:12:08.951,416.996307,,,,,,,,,,,,,,,,,,,
2025-11-21 14:12:09.951,1969,2025-11-21 14:12:09.951,417.013486,,,,,,,,,,,,,,,,,,,
2025-11-21 14:12:10.951,1970,2025-11-21 14:12:10.951,417.051883,,,,,,,,,,,,,,,,,,,
2025-11-21 14:12:11.951,1971,2025-11-21 14:12:11.951,417.094207,,,,,,,,,,,,,,,,,,,
2025-11-21 14:12:12.951,1972,2025-11-21 14:12:12.951,417.107516,,,,,,,,,,,,,,,,,,,
2025-11-21 14:12:13.974,1973,2025-11-21 14:12:13.974,417.151411,,,,,,,,,,,,,,,,,,,
2025-11-21 14:12:14.951,1974,2025-11-21 14:12:14.951,417.177242,,,,,,,,,,,,,,,,,,,
2025-11-21 14:12:15.951,1975,2025-11-21 14:12:15.951,417.216763,,,,,,,,,,,,,,,,,,,
2025-11-21 14:12:16.951,1976,2025-11-21 14:12:16.951,417.23069,,,,,,,,,,,,,,,,,,,
2025-11-21 14:12:17.951,1977,2025-11-21 14:12:17.951,417.277369,,,,,,,,,,,,,,,,,,,
2025-11-21 14:12:18.951,1978,2025-11-21 14:12:18.951,417.304852,,,,,,,,,,,,,,,,,,,
2025-11-21 14:12:19.951,1979,2025-11-21 14:12:19.951,417.332253,,,,,,,,,,,,,,,,,,,
2025-11-21 14:12:20.951,1980,2025-11-21 14:12:20.951,417.377519,,,,,,,,,,,,,,,,,,,
2025-11-21 14:12:21.951,1981,2025-11-21 14:12:21.951,417.400245,,,,,,,,,,,,,,,,,,,
2025-11-21 14:12:22.951,1982,2025-11-21 14:12:22.951,417.445728,,,,,,,,,,,,,,,,,,,
2025-11-21 14:12:23.951,1983,2025-11-21 14:12:23.951,417.458503,,,,,,,,,,,,,,,,,,,
2025-11-21 14:12:24.951,1984,2025-11-21 14:12:24.951,417.490156,,,,,,,,,,,,,,,,,,,
2025-11-21 14:12:25.951,1985,2025-11-21 14:12:25.951,417.529653,,,,,,,,,,,,,,,,,,,
2025-11-21 14:12:26.951,1986,2025-11-21 14:12:26.951,417.558979,,,,,,,,,,,,,,,,,,,
2025-11-21 14:12:27.951,1987,2025-11-21 14:12:27.951,417.58949,,,,,,,,,,,,,,,,,,,
2025-11-21 14:12:28.951,1988,2025-11-21 14:12:28.951,417.612352,,,,,,,,,,,,,,,,,,,
2025-11-21 14:12:29.951,1989,2025-11-21 14:12:29.951,417.64919,,,,,,,,,,,,,,,,,,,
2025-11-21 14:12:30.951,1990,2025-11-21 14:12:30.951,417.669249,,,,,,,,,,,,,,,,,,,
2025-11-21 14:12:31.951,1991,2025-11-21 14:12:31.951,417.721949,,,,,,,,,,,,,,,,,,,
2025-11-21 14:12:32.951,1992,2025-11-21 14:12:32.951,417.743273,,,,,,,,,,,,,,,,,,,
2025-11-21 14:12:33.951,1993,2025-11-21 14:12:33.951,417.755533,,,,,,,,,,,,,,,,,,,
2025-11-21 14:12:34.951,1994,2025-11-21 14:12:34.951,417.814732,,,,,,,,,,,,,,,,,,,
2025-11-21 14:12:35.951,1995,2025-11-21 14:12:35.951,417.83692,,,,,,,,,,,,,,,,,,,
2025-11-21 14:12:36.951,1996,2025-11-21 14:12:36.951,417.871168,,,,,,,,,,,,,,,,,,,
2025-11-21 14:12:37.951,1997,2025-11-21 14:12:37.951,417.904855,,,,,,,,,,,,,,,,,,,
2025-11-21 14:12:38.951,1998,2025-11-21 14:12:38.951,417.923675,,,,,,,,,,,,,,,,,,,
2025-11-21 14:12:39.951,1999,2025-11-21 14:12:39.951,417.952839,,,,,,,,,,,,,,,,,,,
2025-11-21 14:12:40.951,2000,2025-11-21 14:12:40.951,417.978205,,,,,,,,,,,,,,,,,,,
2025-11-21 14:12:41.951,2001,2025-11-21 14:12:41.951,418.017966,,,,,,,,,,,,,,,,,,,
2025-11-21 14:12:42.951,2002,2025-11-21 14:12:42.951,418.0548,,,,,,,,,,,,,,,,,,,
2025-11-21 14:12:43.951,2003,2025-11-21 14:12:43.951,418.077056,,,,,,,,,,,,,,,,,,,
2025-11-21 14:12:44.951,2004,2025-11-21 14:12:44.951,418.086026,,,,,,,,,,,,,,,,,,,
2025-11-21 14:12:45.951,2005,2025-11-21 14:12:45.951,418.127487,,,,,,,,,,,,,,,,,,,
2025-11-21 14:12:46.951,2006,2025-11-21 14:12:46.951,418.152328,,,,,,,,,,,,,,,,,,,
2025-11-21 14:12:47.951,2007,2025-11-21 14:12:47.951,418.183792,,,,,,,,,,,,,,,,,,,
2025-11-21 14:12:48.951,2008,2025-11-21 14:12:48.951,418.2333,,,,,,,,,,,,,,,,,,,
2025-11-21 14:12:49.951,2009,2025-11-21 14:12:49.951,418.247703,,,,,,,,,,,,,,,,,,,
2025-11-21 14:12:50.951,2010,2025-11-21 14:12:50.951,418.278367,,,,,,,,,,,,,,,,,,,
2025-11-21 14:12:51.951,2011,2025-11-21 14:12:51.951,418.301887,,,,,,,,,,,,,,,,,,,
2025-11-21 14:12:52.951,2012,2025-11-21 14:12:52.951,418.33822,,,,,,,,,,,,,,,,,,,
2025-11-21 14:12:53.951,2013,2025-11-21 14:12:53.951,418.371286,,,,,,,,,,,,,,,,,,,
2025-11-21 14:12:54.951,2014,2025-11-21 14:12:54.951,418.412583,,,,,,,,,,,,,,,,,,,
2025-11-21 14:12:55.951,2015,2025-11-21 14:12:55.951,418.439274,,,,,,,,,,,,,,,,,,,
2025-11-21 14:12:56.951,2016,2025-11-21 14:12:56.951,418.470992,,,,,,,,,,,,,,,,,,,
2025-11-21 14:12:57.951,2017,2025-11-21 14:12:57.951,418.505956,,,,,,,,,,,,,,,,,,,
2025-11-21 14:12:58.951,2018,2025-11-21 14:12:58.951,418.515181,,,,,,,,,,,,,,,,,,,
2025-11-21 14:12:59.951,2019,2025-11-21 14:12:59.951,418.547132,,,,,,,,,,,,,,,,,,,
2025-11-21 14:13:00.951,2020,2025-11-21 14:13:00.951,418.566461,,,,,,,,,,,,,,,,,,,
2025-11-21 14:13:01.951,2021,2025-11-21 14:13:01.951,418.593556,,,,,,,,,,,,,,,,,,,
2025-11-21 14:13:02.951,2022,2025-11-21 14:13:02.951,418.627852,,,,,,,,,,,,,,,,,,,
2025-11-21 14:13:03.951,2023,2025-11-21 14:13:03.951,418.668907,,,,,,,,,,,,,,,,,,,
2025-11-21 14:13:04.951,2024,2025-11-21 14:13:04.951,418.693807,,,,,,,,,,,,,,,,,,,
2025-11-21 14:13:05.951,2025,2025-11-21 14:13:05.951,418.719676,,,,,,,,,,,,,,,,,,,
2025-11-21 14:13:06.951,2026,2025-11-21 14:13:06.951,418.74625,,,,,,,,,,,,,,,,,,,
2025-11-21 14:13:07.951,2027,2025-11-21 14:13:07.951,418.776782,,,,,,,,,,,,,,,,,,,
2025-11-21 14:13:08.951,2028,2025-11-21 14:13:08.951,418.796521,,,,,,,,,,,,,,,,,,,
2025-11-21 14:13:09.951,2029,2025-11-21 14:13:09.951,418.829858,,,,,,,,,,,,,,,,,,,
2025-11-21 14:13:10.951,2030,2025-11-21 14:13:10.951,418.862257,,,,,,,,,,,,,,,,,,,
2025-11-21 14:13:11.951,2031,2025-11-21 14:13:11.951,418.880077,,,,,,,,,,,,,,,,,,,
2025-11-21 14:13:12.951,2032,2025-11-21 14:13:12.951,418.920577,,,,,,,,,,,,,,,,,,,
2025-11-21 14:13:13.951,2033,2025-11-21 14:13:13.951,418.918524,,,,,,,,,,,,,,,,,,,
2025-11-21 14:13:14.951,2034,2025-11-21 14:13:14.951,418.96067,,,,,,,,,,,,,,,,,,,
2025-11-21 14:13:15.951,2035,2025-11-21 14:13:15.951,418.994988,,,,,,,,,,,,,,,,,,,
2025-11-21 14:13:16.951,2036,2025-11-21 14:13:16.951,419.027509,,,,,,,,,,,,,,,,,,,
2025-11-21 14:13:17.951,2037,2025-11-21 14:13:17.951,419.058394,,,,,,,,,,,,,,,,,,,
2025-11-21 14:13:18.951,2038,2025-11-21 14:13:18.951,419.080113,,,,,,,,,,,,,,,,,,,
2025-11-21 14:13:19.951,2039,2025-11-21 14:13:19.951,419.091703,,,,,,,,,,,,,,,,,,,
2025-11-21 14:13:20.951,2040,2025-11-21 14:13:20.951,419.137248,,,,,,,,,,,,,,,,,,,
2025-11-21 14:13:21.951,2041,2025-11-21 14:13:21.951,419.14899,,,,,,,,,,,,,,,,,,,
2025-11-21 14:13:22.951,2042,2025-11-21 14:13:22.951,419.191453,,,,,,,,,,,,,,,,,,,
2025-11-21 14:13:23.951,2043,2025-11-21 14:13:23.951,419.227696,,,,,,,,,,,,,,,,,,,
2025-11-21 14:13:24.951,2044,2025-11-21 14:13:24.951,419.251186,,,,,,,,,,,,,,,,,,,
2025-11-21 14:13:25.951,2045,2025-11-21 14:13:25.951,419.269495,,,,,,,,,,,,,,,,,,,
2025-11-21 14:13:26.951,2046,2025-11-21 14:13:26.951,419.30971,,,,,,,,,,,,,,,,,,,
2025-11-21 14:13:27.951,2047,2025-11-21 14:13:27.951,419.346519,,,,,,,,,,,,,,,,,,,
2025-11-21 14:13:28.951,2048,2025-11-21 14:13:28.951,419.359181,,,,,,,,,,,,,,,,,,,
2025-11-21 14:13:29.951,2049,2025-11-21 14:13:29.951,419.389724,,,,,,,,,,,,,,,,,,,
2025-11-21 14:13:30.951,2050,2025-11-21 14:13:30.951,419.398237,,,,,,,,,,,,,,,,,,,
2025-11-21 14:13:31.951,2051,2025-11-21 14:13:31.951,419.426997,,,,,,,,,,,,,,,,,,,
2025-11-21 14:13:32.951,2052,2025-11-21 14:13:32.951,419.459931,,,,,,,,,,,,,,,,,,,
2025-11-21 14:13:33.951,2053,2025-11-21 14:13:33.951,419.479602,,,,,,,,,,,,,,,,,,,
2025-11-21 14:13:34.951,2054,2025-11-21 14:13:34.951,419.513016,,,,,,,,,,,,,,,,,,,
2025-11-21 14:13:35.951,2055,2025-11-21 14:13:35.951,419.547058,,,,,,,,,,,,,,,,,,,
2025-11-21 14:13:36.951,2056,2025-11-21 14:13:36.951,419.560267,,,,,,,,,,,,,,,,,,,
2025-11-21 14:13:37.951,2057,2025-11-21 14:13:37.951,419.605298,,,,,,,,,,,,,,,,,,,
2025-11-21 14:13:38.951,2058,2025-11-21 14:13:38.951,419.631442,,,,,,,,,,,,,,,,,,,
2025-11-21 14:13:39.951,2059,2025-11-21 14:13:39.951,419.651821,,,,,,,,,,,,,,,,,,,
2025-11-21 14:13:40.951,2060,2025-11-21 14:13:40.951,419.690531,,,,,,,,,,,,,,,,,,,
2025-11-21 14:13:41.951,2061,2025-11-21 14:13:41.951,419.698006,,,,,,,,,,,,,,,,,,,
2025-11-21 14:13:42.951,2062,2025-11-21 14:13:42.951,419.739095,,,,,,,,,,,,,,,,,,,
2025-11-21 14:13:43.951,2063,2025-11-21 14:13:43.951,419.756582,,,,,,,,,,,,,,,,,,,
2025-11-21 14:13:44.951,2064,2025-11-21 14:13:44.951,419.786857,,,,,,,,,,,,,,,,,,,
2025-11-21 14:13:45.951,2065,2025-11-21 14:13:45.951,419.789056,,,,,,,,,,,,,,,,,,,
2025-11-21 14:13:47.037,2066,2025-11-21 14:13:47.037,419.836634,,,,,,,,,,,,,,,,,,,
2025-11-21 14:13:47.951,2067,2025-11-21 14:13:47.951,419.856911,,,,,,,,,,,,,,,,,,,
2025-11-21 14:13:48.951,2068,2025-11-21 14:13:48.951,419.882454,,,,,,,,,,,,,,,,,,,
2025-11-21 14:13:49.951,2069,2025-11-21 14:13:49.951,419.921547,,,,,,,,,,,,,,,,,,,
2025-11-21 14:13:50.951,2070,2025-11-21 14:13:50.951,419.937971,,,,,,,,,,,,,,,,,,,
2025-11-21 14:13:51.951,2071,2025-11-21 14:13:51.951,419.952744,,,,,,,,,,,,,,,,,,,
2025-11-21 14:13:52.951,2072,2025-11-21 14:13:52.951,419.974414,,,,,,,,,,,,,,,,,,,
2025-11-21 14:13:53.951,2073,2025-11-21 14:13:53.951,419.997335,,,,,,,,,,,,,,,,,,,
2025-11-21 14:13:54.951,2074,2025-11-21 14:13:54.951,420.037456,,,,,,,,,,,,,,,,,,,
2025-11-21 14:13:55.951,2075,2025-11-21 14:13:55.951,420.050522,,,,,,,,,,,,,,,,,,,
2025-11-21 14:13:56.951,2076,2025-11-21 14:13:56.951,420.087585,,,,,,,,,,,,,,,,,,,
2025-11-21 14:13:57.951,2077,2025-11-21 14:13:57.951,420.111132,,,,,,,,,,,,,,,,,,,
2025-11-21 14:13:58.951,2078,2025-11-21 14:13:58.951,420.128131,,,,,,,,,,,,,,,,,,,
2025-11-21 14:13:59.951,2079,2025-11-21 14:13:59.951,420.157303,,,,,,,,,,,,,,,,,,,
2025-11-21 14:14:00.951,2080,2025-11-21 14:14:00.951,420.177409,,,,,,,,,,,,,,,,,,,
2025-11-21 14:14:01.951,2081,2025-11-21 14:14:01.951,420.207506,,,,,,,,,,,,,,,,,,,
2025-11-21 14:14:02.951,2082,2025-11-21 14:14:02.951,420.234325,,,,,,,,,,,,,,,,,,,
2025-11-21 14:14:03.951,2083,2025-11-21 14:14:03.951,420.245399,,,,,,,,,,,,,,,,,,,
2025-11-21 14:14:04.951,2084,2025-11-21 14:14:04.951,420.272792,,,,,,,,,,,,,,,,,,,
2025-11-21 14:14:05.951,2085,2025-11-21 14:14:05.951,420.280441,,,,,,,,,,,,,,,,,,,
2025-11-21 14:14:06.951,2086,2025-11-21 14:14:06.951,420.334736,,,,,,,,,,,,,,,,,,,
2025-11-21 14:14:07.951,2087,2025-11-21 14:14:07.951,420.339917,,,,,,,,,,,,,,,,,,,
2025-11-21 14:14:08.951,2088,2025-11-21 14:14:08.951,420.361477,,,,,,,,,,,,,,,,,,,
2025-11-21 14:14:09.951,2089,2025-11-21 14:14:09.951,420.367304,,,,,,,,,,,,,,,,,,,
2025-11-21 14:14:10.951,2090,2025-11-21 14:14:10.951,420.403388,,,,,,,,,,,,,,,,,,,
2025-11-21 14:14:11.951,2091,2025-11-21 14:14:11.951,420.442401,,,,,,,,,,,,,,,,,,,
2025-11-21 14:14:12.951,2092,2025-11-21 14:14:12.951,420.460289,,,,,,,,,,,,,,,,,,,
2025-11-21 14:14:13.951,2093,2025-11-21 14:14:13.951,420.47673,,,,,,,,,,,,,,,,,,,
2025-11-21 14:14:14.951,2094,2025-11-21 14:14:14.951,420.492473,,,,,,,,,,,,,,,,,,,
2025-11-21 14:14:15.951,2095,2025-11-21 14:14:15.951,420.538018,,,,,,,,,,,,,,,,,,,
2025-11-21 14:14:16.951,2096,2025-11-21 14:14:16.951,420.538799,,,,,,,,,,,,,,,,,,,
2025-11-21 14:14:17.951,2097,2025-11-21 14:14:17.951,420.579288,,,,,,,,,,,,,,,,,,,
2025-11-21 14:14:18.951,2098,2025-11-21 14:14:18.951,420.589549,,,,,,,,,,,,,,,,,,,
2025-11-21 14:14:19.951,2099,2025-11-21 14:14:19.951,420.632871,,,,,,,,,,,,,,,,,,,
2025-11-21 14:14:20.951,2100,2025-11-21 14:14:20.951,420.641673,,,,,,,,,,,,,,,,,,,
2025-11-21 14:14:21.951,2101,2025-11-21 14:14:21.951,420.679517,,,,,,,,,,,,,,,,,,,
2025-11-21 14:14:22.951,2102,2025-11-21 14:14:22.951,420.691719,,,,,,,,,,,,,,,,,,,
2025-11-21 14:14:23.951,2103,2025-11-21 14:14:23.951,420.727246,,,,,,,,,,,,,,,,,,,
2025-11-21 14:14:24.951,2104,2025-11-21 14:14:24.951,420.771728,,,,,,,,,,,,,,,,,,,
2025-11-21 14:14:25.951,2105,2025-11-21 14:14:25.951,420.771957,,,,,,,,,,,,,,,,,,,
2025-11-21 14:14:26.951,2106,2025-11-21 14:14:26.951,420.798025,,,,,,,,,,,,,,,,,,,
2025-11-21 14:14:27.951,2107,2025-11-21 14:14:27.951,420.823923,,,,,,,,,,,,,,,,,,,
2025-11-21 14:14:28.951,2108,2025-11-21 14:14:28.951,420.852782,,,,,,,,,,,,,,,,,,,
2025-11-21 14:14:29.951,2109,2025-11-21 14:14:29.951,420.87084,,,,,,,,,,,,,,,,,,,
2025-11-21 14:14:30.951,2110,2025-11-21 14:14:30.951,420.901858,,,,,,,,,,,,,,,,,,,
2025-11-21 14:14:31.951,2111,2025-11-21 14:14:31.951,420.924794,,,,,,,,,,,,,,,,,,,
2025-11-21 14:14:32.951,2112,2025-11-21 14:14:32.951,420.940549,,,,,,,,,,,,,,,,,,,
2025-11-21 14:14:33.951,2113,2025-11-21 14:14:33.951,420.9578,,,,,,,,,,,,,,,,,,,
2025-11-21 14:14:34.951,2114,2025-11-21 14:14:34.951,420.989633,,,,,,,,,,,,,,,,,,,
2025-11-21 14:14:35.951,2115,2025-11-21 14:14:35.951,421.004435,,,,,,,,,,,,,,,,,,,
2025-11-21 14:14:36.951,2116,2025-11-21 14:14:36.951,421.030854,,,,,,,,,,,,,,,,,,,
2025-11-21 14:14:37.951,2117,2025-11-21 14:14:37.951,421.041253,,,,,,,,,,,,,,,,,,,
2025-11-21 14:14:38.951,2118,2025-11-21 14:14:38.951,421.052028,,,,,,,,,,,,,,,,,,,
2025-11-21 14:14:39.951,2119,2025-11-21 14:14:39.951,421.081504,,,,,,,,,,,,,,,,,,,
2025-11-21 14:14:40.951,2120,2025-11-21 14:14:40.951,421.123286,,,,,,,,,,,,,,,,,,,
2025-11-21 14:14:41.951,2121,2025-11-21 14:14:41.951,421.14662,,,,,,,,,,,,,,,,,,,
2025-11-21 14:14:42.951,2122,2025-11-21 14:14:42.951,421.16983,,,,,,,,,,,,,,,,,,,
2025-11-21 14:14:43.951,2123,2025-11-21 14:14:43.951,421.187189,,,,,,,,,,,,,,,,,,,
2025-11-21 14:14:44.951,2124,2025-11-21 14:14:44.951,421.211598,,,,,,,,,,,,,,,,,,,
2025-11-21 14:14:45.951,2125,2025-11-21 14:14:45.951,421.232407,,,,,,,,,,,,,,,,,,,
2025-11-21 14:14:46.951,2126,2025-11-21 14:14:46.951,421.24435,,,,,,,,,,,,,,,,,,,
2025-11-21 14:14:47.951,2127,2025-11-21 14:14:47.951,421.271214,,,,,,,,,,,,,,,,,,,
2025-11-21 14:14:48.951,2128,2025-11-21 14:14:48.951,421.277882,,,,,,,,,,,,,,,,,,,
2025-11-21 14:14:49.951,2129,2025-11-21 14:14:49.951,421.308122,,,,,,,,,,,,,,,,,,,
2025-11-21 14:14:50.951,2130,2025-11-21 14:14:50.951,421.333033,,,,,,,,,,,,,,,,,,,
2025-11-21 14:14:51.951,2131,2025-11-21 14:14:51.951,421.356434,,,,,,,,,,,,,,,,,,,
2025-11-21 14:14:52.951,2132,2025-11-21 14:14:52.951,421.364016,,,,,,,,,,,,,,,,,,,
2025-11-21 14:14:53.951,2133,2025-11-21 14:14:53.951,421.401808,,,,,,,,,,,,,,,,,,,
2025-11-21 14:14:54.951,2134,2025-11-21 14:14:54.951,421.409166,,,,,,,,,,,,,,,,,,,
2025-11-21 14:14:55.951,2135,2025-11-21 14:14:55.951,421.439202,,,,,,,,,,,,,,,,,,,
2025-11-21 14:14:56.951,2136,2025-11-21 14:14:56.951,421.441477,,,,,,,,,,,,,,,,,,,
2025-11-21 14:14:57.951,2137,2025-11-21 14:14:57.951,421.494577,,,,,,,,,,,,,,,,,,,
2025-11-21 14:14:58.951,2138,2025-11-21 14:14:58.951,421.4835,,,,,,,,,,,,,,,,,,,
2025-11-21 14:14:59.951,2139,2025-11-21 14:14:59.951,421.524938,,,,,,,,,,,,,,,,,,,
2025-11-21 14:15:00.951,2140,2025-11-21 14:15:00.951,421.536529,,,,,,,,,,,,,,,,,,,
2025-11-21 14:15:01.951,2141,2025-11-21 14:15:01.951,421.560694,,,,,,,,,,,,,,,,,,,
2025-11-21 14:15:02.951,2142,2025-11-21 14:15:02.951,421.574861,,,,,,,,,,,,,,,,,,,
2025-11-21 14:15:03.951,2143,2025-11-21 14:15:03.951,421.608515,,,,,,,,,,,,,,,,,,,
2025-11-21 14:15:04.951,2144,2025-11-21 14:15:04.951,421.625735,,,,,,,,,,,,,,,,,,,
2025-11-21 14:15:05.951,2145,2025-11-21 14:15:05.951,421.656427,,,,,,,,,,,,,,,,,,,
2025-11-21 14:15:06.951,2146,2025-11-21 14:15:06.951,421.671102,,,,,,,,,,,,,,,,,,,
2025-11-21 14:15:07.951,2147,2025-11-21 14:15:07.951,421.692938,,,,,,,,,,,,,,,,,,,
2025-11-21 14:15:08.951,2148,2025-11-21 14:15:08.951,421.695691,,,,,,,,,,,,,,,,,,,
2025-11-21 14:15:09.951,2149,2025-11-21 14:15:09.951,421.728236,,,,,,,,,,,,,,,,,,,
2025-11-21 14:15:10.951,2150,2025-11-21 14:15:10.951,421.762953,,,,,,,,,,,,,,,,,,,
2025-11-21 14:15:11.951,2151,2025-11-21 14:15:11.951,421.776805,,,,,,,,,,,,,,,,,,,
2025-11-21 14:15:12.951,2152,2025-11-21 14:15:12.951,421.80633,,,,,,,,,,,,,,,,,,,
2025-11-21 14:15:13.951,2153,2025-11-21 14:15:13.951,421.83509,,,,,,,,,,,,,,,,,,,
2025-11-21 14:15:14.951,2154,2025-11-21 14:15:14.951,421.865642,,,,,,,,,,,,,,,,,,,
2025-11-21 14:15:15.951,2155,2025-11-21 14:15:15.951,421.87867,,,,,,,,,,,,,,,,,,,
2025-11-21 14:15:16.951,2156,2025-11-21 14:15:16.951,421.904935,,,,,,,,,,,,,,,,,,,
2025-11-21 14:15:17.951,2157,2025-11-21 14:15:17.951,421.928776,,,,,,,,,,,,,,,,,,,
2025-11-21 14:15:18.951,2158,2025-11-21 14:15:18.951,421.941411,,,,,,,,,,,,,,,,,,,
2025-11-21 14:15:19.951,2159,2025-11-21 14:15:19.951,421.98582,,,,,,,,,,,,,,,,,,,
2025-11-21 14:15:20.969,2160,2025-11-21 14:15:20.969,422.01482,,,,,,,,,,,,,,,,,,,
2025-11-21 14:15:21.951,2161,2025-11-21 14:15:21.951,422.012151,,,,,,,,,,,,,,,,,,,
2025-11-21 14:15:22.951,2162,2025-11-21 14:15:22.951,422.039124,,,,,,,,,,,,,,,,,,,
2025-11-21 14:15:23.951,2163,2025-11-21 14:15:23.951,422.069042,,,,,,,,,,,,,,,,,,,
2025-11-21 14:15:24.951,2164,2025-11-21 14:15:24.951,422.080096,,,,,,,,,,,,,,,,,,,
2025-11-21 14:15:25.951,2165,2025-11-21 14:15:25.951,422.110348,,,,,,,,,,,,,,,,,,,
2025-11-21 14:15:26.951,2166,2025-11-21 14:15:26.951,422.156505,,,,,,,,,,,,,,,,,,,
2025-11-21 14:15:27.951,2167,2025-11-21 14:15:27.951,422.153407,,,,,,,,,,,,,,,,,,,
2025-11-21 14:15:28.951,2168,2025-11-21 14:15:28.951,422.178129,,,,,,,,,,,,,,,,,,,
2025-11-21 14:15:29.951,2169,2025-11-21 14:15:29.951,422.202319,,,,,,,,,,,,,,,,,,,
2025-11-21 14:15:30.951,2170,2025-11-21 14:15:30.951,422.217409,,,,,,,,,,,,,,,,,,,
2025-11-21 14:15:31.951,2171,2025-11-21 14:15:31.951,422.251581,,,,,,,,,,,,,,,,,,,
2025-11-21 14:15:32.951,2172,2025-11-21 14:15:32.951,422.27873,,,,,,,,,,,,,,,,,,,
2025-11-21 14:15:33.951,2173,2025-11-21 14:15:33.951,422.294591,,,,,,,,,,,,,,,,,,,
2025-11-21 14:15:34.951,2174,2025-11-21 14:15:34.951,422.320971,,,,,,,,,,,,,,,,,,,
2025-11-21 14:15:35.951,2175,2025-11-21 14:15:35.951,422.353406,,,,,,,,,,,,,,,,,,,
2025-11-21 14:15:36.951,2176,2025-11-21 14:15:36.951,422.365915,,,,,,,,,,,,,,,,,,,
2025-11-21 14:15:37.951,2177,2025-11-21 14:15:37.951,422.379569,,,,,,,,,,,,,,,,,,,
2025-11-21 14:15:38.951,2178,2025-11-21 14:15:38.951,422.389633,,,,,,,,,,,,,,,,,,,
2025-11-21 14:15:39.951,2179,2025-11-21 14:15:39.951,422.445689,,,,,,,,,,,,,,,,,,,
2025-11-21 14:15:40.951,2180,2025-11-21 14:15:40.951,422.467107,,,,,,,,,,,,,,,,,,,
2025-11-21 14:15:41.951,2181,2025-11-21 14:15:41.951,422.488581,,,,,,,,,,,,,,,,,,,
2025-11-21 14:15:42.951,2182,2025-11-21 14:15:42.951,422.531993,,,,,,,,,,,,,,,,,,,
2025-11-21 14:15:43.951,2183,2025-11-21 14:15:43.951,422.534777,,,,,,,,,,,,,,,,,,,
2025-11-21 14:15:44.951,2184,2025-11-21 14:15:44.951,422.553316,,,,,,,,,,,,,,,,,,,
2025-11-21 14:15:45.951,2185,2025-11-21 14:15:45.951,422.582639,,,,,,,,,,,,,,,,,,,
2025-11-21 14:15:46.951,2186,2025-11-21 14:15:46.951,422.599894,,,,,,,,,,,,,,,,,,,
2025-11-21 14:15:47.951,2187,2025-11-21 14:15:47.951,422.601705,,,,,,,,,,,,,,,,,,,
2025-11-21 14:15:48.951,2188,2025-11-21 14:15:48.951,422.637653,,,,,,,,,,,,,,,,,,,
2025-11-21 14:15:49.951,2189,2025-11-21 14:15:49.951,422.676989,,,,,,,,,,,,,,,,,,,
2025-11-21 14:15:50.951,2190,2025-11-21 14:15:50.951,422.686461,,,,,,,,,,,,,,,,,,,
2025-11-21 14:15:51.951,2191,2025-11-21 14:15:51.951,422.689996,,,,,,,,,,,,,,,,,,,
2025-11-21 14:15:52.951,2192,2025-11-21 14:15:52.951,422.730785,,,,,,,,,,,,,,,,,,,
2025-11-21 14:15:53.951,2193,2025-11-21 14:15:53.951,422.728264,,,,,,,,,,,,,,,,,,,
2025-11-21 14:15:54.951,2194,2025-11-21 14:15:54.951,422.753222,,,,,,,,,,,,,,,,,,,
2025-11-21 14:15:55.951,2195,2025-11-21 14:15:55.951,422.771379,,,,,,,,,,,,,,,,,,,
2025-11-21 14:15:56.951,2196,2025-11-21 14:15:56.951,422.801157,,,,,,,,,,,,,,,,,,,
2025-11-21 14:15:57.951,2197,2025-11-21 14:15:57.951,422.83309,,,,,,,,,,,,,,,,,,,
2025-11-21 14:15:58.951,2198,2025-11-21 14:15:58.951,422.831728,,,,,,,,,,,,,,,,,,,
2025-11-21 14:15:59.951,2199,2025-11-21 14:15:59.951,422.860845,,,,,,,,,,,,,,,,,,,
2025-11-21 14:16:00.951,2200,2025-11-21 14:16:00.951,422.886778,,,,,,,,,,,,,,,,,,,
2025-11-21 14:16:01.951,2201,2025-11-21 14:16:01.951,422.908117,,,,,,,,,,,,,,,,,,,
2025-11-21 14:16:02.951,2202,2025-11-21 14:16:02.951,422.922894,,,,,,,,,,,,,,,,,,,
2025-11-21 14:16:03.951,2203,2025-11-21 14:16:03.951,422.932525,,,,,,,,,,,,,,,,,,,
2025-11-21 14:16:04.951,2204,2025-11-21 14:16:04.951,422.942888,,,,,,,,,,,,,,,,,,,
2025-11-21 14:16:05.951,2205,2025-11-21 14:16:05.951,422.972912,,,,,,,,,,,,,,,,,,,
2025-11-21 14:16:06.951,2206,2025-11-21 14:16:06.951,422.99231,,,,,,,,,,,,,,,,,,,
2025-11-21 14:16:07.951,2207,2025-11-21 14:16:07.951,423.007393,,,,,,,,,,,,,,,,,,,
2025-11-21 14:16:08.951,2208,2025-11-21 14:16:08.951,423.023203,,,,,,,,,,,,,,,,,,,
2025-11-21 14:16:09.951,2209,2025-11-21 14:16:09.951,423.057233,,,,,,,,,,,,,,,,,,,
2025-11-21 14:16:10.951,2210,2025-11-21 14:16:10.951,423.070511,,,,,,,,,,,,,,,,,,,
2025-11-21 14:16:11.951,2211,2025-11-21 14:16:11.951,423.100315,,,,,,,,,,,,,,,,,,,
2025-11-21 14:16:12.951,2212,2025-11-21 14:16:12.951,423.118447,,,,,,,,,,,,,,,,,,,
2025-11-21 14:16:13.951,2213,2025-11-21 14:16:13.951,423.127054,,,,,,,,,,,,,,,,,,,
2025-11-21 14:16:14.951,2214,2025-11-21 14:16:14.951,423.142074,,,,,,,,,,,,,,,,,,,
2025-11-21 14:16:15.951,2215,2025-11-21 14:16:15.951,423.157414,,,,,,,,,,,,,,,,,,,
2025-11-21 14:16:16.951,2216,2025-11-21 14:16:16.951,423.1907,,,,,,,,,,,,,,,,,,,
2025-11-21 14:16:17.951,2217,2025-11-21 14:16:17.951,423.2144,,,,,,,,,,,,,,,,,,,
2025-11-21 14:16:18.951,2218,2025-11-21 14:16:18.951,423.230591,,,,,,,,,,,,,,,,,,,
2025-11-21 14:16:19.951,2219,2025-11-21 14:16:19.951,423.255711,,,,,,,,,,,,,,,,,,,
2025-11-21 14:16:20.951,2220,2025-11-21 14:16:20.951,423.265494,,,,,,,,,,,,,,,,,,,
2025-11-21 14:16:21.951,2221,2025-11-21 14:16:21.951,423.262352,,,,,,,,,,,,,,,,,,,
2025-11-21 14:16:22.951,2222,2025-11-21 14:16:22.951,423.279299,,,,,,,,,,,,,,,,,,,
2025-11-21 14:16:23.951,2223,2025-11-21 14:16:23.951,423.303022,,,,,,,,,,,,,,,,,,,
2025-11-21 14:16:24.951,2224,2025-11-21 14:16:24.951,423.35377,,,,,,,,,,,,,,,,,,,
2025-11-21 14:16:25.951,2225,2025-11-21 14:16:25.951,423.358937,,,,,,,,,,,,,,,,,,,
2025-11-21 14:16:26.951,2226,2025-11-21 14:16:26.951,423.392934,,,,,,,,,,,,,,,,,,,
2025-11-21 14:16:27.951,2227,2025-11-21 14:16:27.951,423.395928,,,,,,,,,,,,,,,,,,,
2025-11-21 14:16:28.951,2228,2025-11-21 14:16:28.951,423.415483,,,,,,,,,,,,,,,,,,,
2025-11-21 14:16:29.951,2229,2025-11-21 14:16:29.951,423.426379,,,,,,,,,,,,,,,,,,,
2025-11-21 14:16:30.951,2230,2025-11-21 14:16:30.951,423.451686,,,,,,,,,,,,,,,,,,,
2025-11-21 14:16:31.951,2231,2025-11-21 14:16:31.951,423.46511,,,,,,,,,,,,,,,,,,,
2025-11-21 14:16:32.951,2232,2025-11-21 14:16:32.951,423.482544,,,,,,,,,,,,,,,,,,,
2025-11-21 14:16:33.951,2233,2025-11-21 14:16:33.951,423.513409,,,,,,,,,,,,,,,,,,,
2025-11-21 14:16:34.951,2234,2025-11-21 14:16:34.951,423.515564,,,,,,,,,,,,,,,,,,,
2025-11-21 14:16:35.951,2235,2025-11-21 14:16:35.951,423.533575,,,,,,,,,,,,,,,,,,,
2025-11-21 14:16:36.951,2236,2025-11-21 14:16:36.951,423.545245,,,,,,,,,,,,,,,,,,,
2025-11-21 14:16:37.951,2237,2025-11-21 14:16:37.951,423.583032,,,,,,,,,,,,,,,,,,,
2025-11-21 14:16:38.951,2238,2025-11-21 14:16:38.951,423.601348,,,,,,,,,,,,,,,,,,,
2025-11-21 14:16:39.951,2239,2025-11-21 14:16:39.951,423.612705,,,,,,,,,,,,,,,,,,,
2025-11-21 14:16:40.951,2240,2025-11-21 14:16:40.951,423.60918,,,,,,,,,,,,,,,,,,,
2025-11-21 14:16:41.951,2241,2025-11-21 14:16:41.951,423.64836,,,,,,,,,,,,,,,,,,,
2025-11-21 14:16:42.951,2242,2025-11-21 14:16:42.951,423.668467,,,,,,,,,,,,,,,,,,,
2025-11-21 14:16:43.951,2243,2025-11-21 14:16:43.951,423.664163,,,,,,,,,,,,,,,,,,,
2025-11-21 14:16:44.951,2244,2025-11-21 14:16:44.951,423.697411,,,,,,,,,,,,,,,,,,,
2025-11-21 14:16:45.951,2245,2025-11-21 14:16:45.951,423.715731,,,,,,,,,,,,,,,,,,,
2025-11-21 14:16:46.951,2246,2025-11-21 14:16:46.951,423.739927,,,,,,,,,,,,,,,,,,,
2025-11-21 14:16:47.951,2247,2025-11-21 14:16:47.951,423.735066,,,,,,,,,,,,,,,,,,,
2025-11-21 14:16:48.951,2248,2025-11-21 14:16:48.951,423.784312,,,,,,,,,,,,,,,,,,,
2025-11-21 14:16:49.951,2249,2025-11-21 14:16:49.951,423.7779,,,,,,,,,,,,,,,,,,,
2025-11-21 14:16:50.951,2250,2025-11-21 14:16:50.951,423.796213,,,,,,,,,,,,,,,,,,,
2025-11-21 14:16:51.951,2251,2025-11-21 14:16:51.951,423.826644,,,,,,,,,,,,,,,,,,,
2025-11-21 14:16:52.951,2252,2025-11-21 14:16:52.951,423.86118,,,,,,,,,,,,,,,,,,,
2025-11-21 14:16:53.951,2253,2025-11-21 14:16:53.951,423.874364,,,,,,,,,,,,,,,,,,,
2025-11-21 14:16:54.951,2254,2025-11-21 14:16:54.951,423.885051,,,,,,,,,,,,,,,,,,,
2025-11-21 14:16:55.951,2255,2025-11-21 14:16:55.951,423.901034,,,,,,,,,,,,,,,,,,,
2025-11-21 14:16:56.951,2256,2025-11-21 14:16:56.951,423.923059,,,,,,,,,,,,,,,,,,,
2025-11-21 14:16:57.951,2257,2025-11-21 14:16:57.951,423.954512,,,,,,,,,,,,,,,,,,,
2025-11-21 14:16:58.951,2258,2025-11-21 14:16:58.951,423.954632,,,,,,,,,,,,,,,,,,,
2025-11-21 14:16:59.951,2259,2025-11-21 14:16:59.951,423.991837,,,,,,,,,,,,,,,,,,,
2025-11-21 14:17:00.951,2260,2025-11-21 14:17:00.951,423.996916,,,,,,,,,,,,,,,,,,,
2025-11-21 14:17:01.951,2261,2025-11-21 14:17:01.951,424.008047,,,,,,,,,,,,,,,,,,,
2025-11-21 14:17:02.951,2262,2025-11-21 14:17:02.951,424.03397,,,,,,,,,,,,,,,,,,,
2025-11-21 14:17:03.951,2263,2025-11-21 14:17:03.951,424.048242,,,,,,,,,,,,,,,,,,,
2025-11-21 14:17:04.951,2264,2025-11-21 14:17:04.951,424.057384,,,,,,,,,,,,,,,,,,,
2025-11-21 14:17:05.951,2265,2025-11-21 14:17:05.951,424.055587,,,,,,,,,,,,,,,,,,,
2025-11-21 14:17:06.951,2266,2025-11-21 14:17:06.951,424.081723,,,,,,,,,,,,,,,,,,,
2025-11-21 14:17:07.951,2267,2025-11-21 14:17:07.951,424.102915,,,,,,,,,,,,,,,,,,,
2025-11-21 14:17:08.951,2268,2025-11-21 14:17:08.951,424.109003,,,,,,,,,,,,,,,,,,,
2025-11-21 14:17:09.951,2269,2025-11-21 14:17:09.951,424.144347,,,,,,,,,,,,,,,,,,,
2025-11-21 14:17:10.951,2270,2025-11-21 14:17:10.951,424.160663,,,,,,,,,,,,,,,,,,,
2025-11-21 14:17:11.951,2271,2025-11-21 14:17:11.951,424.146798,,,,,,,,,,,,,,,,,,,
2025-11-21 14:17:12.951,2272,2025-11-21 14:17:12.951,424.195776,,,,,,,,,,,,,,,,,,,
2025-11-21 14:17:13.951,2273,2025-11-21 14:17:13.951,424.193261,,,,,,,,,,,,,,,,,,,
2025-11-21 14:17:14.951,2274,2025-11-21 14:17:14.951,424.209287,,,,,,,,,,,,,,,,,,,
2025-11-21 14:17:15.951,2275,2025-11-21 14:17:15.951,424.219457,,,,,,,,,,,,,,,,,,,
2025-11-21 14:17:16.951,2276,2025-11-21 14:17:16.951,424.239157,,,,,,,,,,,,,,,,,,,
2025-11-21 14:17:17.951,2277,2025-11-21 14:17:17.951,424.276611,,,,,,,,,,,,,,,,,,,
2025-11-21 14:17:18.951,2278,2025-11-21 14:17:18.951,424.289098,,,,,,,,,,,,,,,,,,,
2025-11-21 14:17:19.951,2279,2025-11-21 14:17:19.951,424.273034,,,,,,,,,,,,,,,,,,,
2025-11-21 14:17:20.951,2280,2025-11-21 14:17:20.951,424.313746,,,,,,,,,,,,,,,,,,,
2025-11-21 14:17:21.951,2281,2025-11-21 14:17:21.951,424.316073,,,,,,,,,,,,,,,,,,,
2025-11-21 14:17:22.951,2282,2025-11-21 14:17:22.951,424.34521,,,,,,,,,,,,,,,,,,,
2025-11-21 14:17:23.951,2283,2025-11-21 14:17:23.951,424.361772,,,,,,,,,,,,,,,,,,,
2025-11-21 14:17:24.951,2284,2025-11-21 14:17:24.951,424.362091,,,,,,,,,,,,,,,,,,,
2025-11-21 14:17:25.951,2285,2025-11-21 14:17:25.951,424.38359,,,,,,,,,,,,,,,,,,,
2025-11-21 14:17:26.951,2286,2025-11-21 14:17:26.951,424.385099,,,,,,,,,,,,,,,,,,,
2025-11-21 14:17:27.951,2287,2025-11-21 14:17:27.951,424.419192,,,,,,,,,,,,,,,,,,,
2025-11-21 14:17:28.951,2288,2025-11-21 14:17:28.951,424.427625,,,,,,,,,,,,,,,,,,,
2025-11-21 14:17:29.951,2289,2025-11-21 14:17:29.951,424.459129,,,,,,,,,,,,,,,,,,,
2025-11-21 14:17:30.951,2290,2025-11-21 14:17:30.951,424.479182,,,,,,,,,,,,,,,,,,,
2025-11-21 14:17:31.951,2291,2025-11-21 14:17:31.951,424.486629,,,,,,,,,,,,,,,,,,,
2025-11-21 14:17:32.951,2292,2025-11-21 14:17:32.951,424.490064,,,,,,,,,,,,,,,,,,,
2025-11-21 14:17:33.951,2293,2025-11-21 14:17:33.951,424.500767,,,,,,,,,,,,,,,,,,,
2025-11-21 14:17:34.951,2294,2025-11-21 14:17:34.951,424.51717,,,,,,,,,,,,,,,,,,,
2025-11-21 14:17:35.951,2295,2025-11-21 14:17:35.951,424.530973,,,,,,,,,,,,,,,,,,,
2025-11-21 14:17:36.951,2296,2025-11-21 14:17:36.951,424.549335,,,,,,,,,,,,,,,,,,,
2025-11-21 14:17:37.951,2297,2025-11-21 14:17:37.951,424.582162,,,,,,,,,,,,,,,,,,,
2025-11-21 14:17:38.951,2298,2025-11-21 14:17:38.951,424.586411,,,,,,,,,,,,,,,,,,,
2025-11-21 14:17:39.951,2299,2025-11-21 14:17:39.951,424.603135,,,,,,,,,,,,,,,,,,,
2025-11-21 14:17:40.951,2300,2025-11-21 14:17:40.951,424.609444,,,,,,,,,,,,,,,,,,,
2025-11-21 14:17:41.951,2301,2025-11-21 14:17:41.951,424.633575,,,,,,,,,,,,,,,,,,,
2025-11-21 14:17:42.951,2302,2025-11-21 14:17:42.951,424.628556,,,,,,,,,,,,,,,,,,,
2025-11-21 14:17:43.951,2303,2025-11-21 14:17:43.951,424.658496,,,,,,,,,,,,,,,,,,,
2025-11-21 14:17:44.951,2304,2025-11-21 14:17:44.951,424.676243,,,,,,,,,,,,,,,,,,,
2025-11-21 14:17:45.951,2305,2025-11-21 14:17:45.951,424.669753,,,,,,,,,,,,,,,,,,,
2025-11-21 14:17:46.951,2306,2025-11-21 14:17:46.951,424.717121,,,,,,,,,,,,,,,,,,,
2025-11-21 14:17:47.951,2307,2025-11-21 14:17:47.951,424.730546,,,,,,,,,,,,,,,,,,,
2025-11-21 14:17:48.951,2308,2025-11-21 14:17:48.951,424.7303,,,,,,,,,,,,,,,,,,,
2025-11-21 14:17:49.951,2309,2025-11-21 14:17:49.951,424.741142,,,,,,,,,,,,,,,,,,,
2025-11-21 14:17:50.951,2310,2025-11-21 14:17:50.951,424.761623,,,,,,,,,,,,,,,,,,,
2025-11-21 14:17:51.951,2311,2025-11-21 14:17:51.951,424.788966,,,,,,,,,,,,,,,,,,,
2025-11-21 14:17:52.951,2312,2025-11-21 14:17:52.951,424.791175,,,,,,,,,,,,,,,,,,,
2025-11-21 14:17:53.951,2313,2025-11-21 14:17:53.951,424.802417,,,,,,,,,,,,,,,,,,,
2025-11-21 14:17:54.951,2314,2025-11-21 14:17:54.951,424.828682,,,,,,,,,,,,,,,,,,,
2025-11-21 14:17:55.951,2315,2025-11-21 14:17:55.951,424.841337,,,,,,,,,,,,,,,,,,,
2025-11-21 14:17:56.951,2316,2025-11-21 14:17:56.951,424.837368,,,,,,,,,,,,,,,,,,,
2025-11-21 14:17:57.951,2317,2025-11-21 14:17:57.951,424.851047,,,,,,,,,,,,,,,,,,,
2025-11-21 14:17:58.951,2318,2025-11-21 14:17:58.951,424.880247,,,,,,,,,,,,,,,,,,,
2025-11-21 14:17:59.951,2319,2025-11-21 14:17:59.951,424.894116,,,,,,,,,,,,,,,,,,,
2025-11-21 14:18:00.951,2320,2025-11-21 14:18:00.951,424.912644,,,,,,,,,,,,,,,,,,,
2025-11-21 14:18:01.951,2321,2025-11-21 14:18:01.951,424.916036,,,,,,,,,,,,,,,,,,,
2025-11-21 14:18:02.951,2322,2025-11-21 14:18:02.951,424.928556,,,,,,,,,,,,,,,,,,,
2025-11-21 14:18:03.951,2323,2025-11-21 14:18:03.951,424.951219,,,,,,,,,,,,,,,,,,,
2025-11-21 14:18:04.951,2324,2025-11-21 14:18:04.951,424.967096,,,,,,,,,,,,,,,,,,,
2025-11-21 14:18:05.951,2325,2025-11-21 14:18:05.951,424.985225,,,,,,,,,,,,,,,,,,,
2025-11-21 14:18:06.951,2326,2025-11-21 14:18:06.951,424.988394,,,,,,,,,,,,,,,,,,,
2025-11-21 14:18:07.951,2327,2025-11-21 14:18:07.951,424.998758,,,,,,,,,,,,,,,,,,,
2025-11-21 14:18:08.951,2328,2025-11-21 14:18:08.951,425.013229,,,,,,,,,,,,,,,,,,,
2025-11-21 14:18:09.951,2329,2025-11-21 14:18:09.951,425.040396,,,,,,,,,,,,,,,,,,,
2025-11-21 14:18:10.951,2330,2025-11-21 14:18:10.951,425.06051,,,,,,,,,,,,,,,,,,,
2025-11-21 14:18:11.951,2331,2025-11-21 14:18:11.951,425.059056,,,,,,,,,,,,,,,,,,,
2025-11-21 14:18:12.951,2332,2025-11-21 14:18:12.951,425.058875,,,,,,,,,,,,,,,,,,,
2025-11-21 14:18:13.951,2333,2025-11-21 14:18:13.951,425.10094,,,,,,,,,,,,,,,,,,,
2025-11-21 14:18:14.951,2334,2025-11-21 14:18:14.951,425.100033,,,,,,,,,,,,,,,,,,,
2025-11-21 14:18:15.951,2335,2025-11-21 14:18:15.951,425.104794,,,,,,,,,,,,,,,,,,,
2025-11-21 14:18:16.951,2336,2025-11-21 14:18:16.951,425.143026,,,,,,,,,,,,,,,,,,,
2025-11-21 14:18:17.951,2337,2025-11-21 14:18:17.951,425.149416,,,,,,,,,,,,,,,,,,,
2025-11-21 14:18:18.951,2338,2025-11-21 14:18:18.951,425.165899,,,,,,,,,,,,,,,,,,,
2025-11-21 14:18:19.951,2339,2025-11-21 14:18:19.951,425.17957,,,,,,,,,,,,,,,,,,,
2025-11-21 14:18:20.951,2340,2025-11-21 14:18:20.951,425.189216,,,,,,,,,,,,,,,,,,,
2025-11-21 14:18:21.951,2341,2025-11-21 14:18:21.951,425.192655,,,,,,,,,,,,,,,,,,,
2025-11-21 14:18:22.951,2342,2025-11-21 14:18:22.951,425.24374,,,,,,,,,,,,,,,,,,,
2025-11-21 14:18:23.951,2343,2025-11-21 14:18:23.951,425.242235,,,,,,,,,,,,,,,,,,,
2025-11-21 14:18:24.951,2344,2025-11-21 14:18:24.951,425.241218,,,,,,,,,,,,,,,,,,,
2025-11-21 14:18:25.951,2345,2025-11-21 14:18:25.951,425.249151,,,,,,,,,,,,,,,,,,,
2025-11-21 14:18:26.951,2346,2025-11-21 14:18:26.951,425.259502,,,,,,,,,,,,,,,,,,,
2025-11-21 14:18:27.951,2347,2025-11-21 14:18:27.951,425.294085,,,,,,,,,,,,,,,,,,,
2025-11-21 14:18:28.951,2348,2025-11-21 14:18:28.951,425.307651,,,,,,,,,,,,,,,,,,,
2025-11-21 14:18:29.951,2349,2025-11-21 14:18:29.951,425.327791,,,,,,,,,,,,,,,,,,,
2025-11-21 14:18:30.951,2350,2025-11-21 14:18:30.951,425.336266,,,,,,,,,,,,,,,,,,,
2025-11-21 14:18:31.951,2351,2025-11-21 14:18:31.951,425.338379,,,,,,,,,,,,,,,,,,,
2025-11-21 14:18:32.951,2352,2025-11-21 14:18:32.951,425.371202,,,,,,,,,,,,,,,,,,,
2025-11-21 14:18:33.951,2353,2025-11-21 14:18:33.951,425.380753,,,,,,,,,,,,,,,,,,,
2025-11-21 14:18:34.951,2354,2025-11-21 14:18:34.951,425.403853,,,,,,,,,,,,,,,,,,,
2025-11-21 14:18:35.951,2355,2025-11-21 14:18:35.951,425.409661,,,,,,,,,,,,,,,,,,,
2025-11-21 14:18:36.951,2356,2025-11-21 14:18:36.951,425.434087,,,,,,,,,,,,,,,,,,,
2025-11-21 14:18:37.951,2357,2025-11-21 14:18:37.951,425.43459,,,,,,,,,,,,,,,,,,,
2025-11-21 14:18:38.951,2358,2025-11-21 14:18:38.951,425.475243,,,,,,,,,,,,,,,,,,,
2025-11-21 14:18:39.951,2359,2025-11-21 14:18:39.951,425.490287,,,,,,,,,,,,,,,,,,,
2025-11-21 14:18:40.951,2360,2025-11-21 14:18:40.951,425.477484,,,,,,,,,,,,,,,,,,,
2025-11-21 14:18:41.951,2361,2025-11-21 14:18:41.951,425.488282,,,,,,,,,,,,,,,,,,,
2025-11-21 14:18:42.951,2362,2025-11-21 14:18:42.951,425.518207,,,,,,,,,,,,,,,,,,,
2025-11-21 14:18:43.951,2363,2025-11-21 14:18:43.951,425.521088,,,,,,,,,,,,,,,,,,,
2025-11-21 14:18:44.951,2364,2025-11-21 14:18:44.951,425.542845,,,,,,,,,,,,,,,,,,,
2025-11-21 14:18:45.951,2365,2025-11-21 14:18:45.951,425.557267,,,,,,,,,,,,,,,,,,,
2025-11-21 14:18:46.951,2366,2025-11-21 14:18:46.951,425.56428,,,,,,,,,,,,,,,,,,,
2025-11-21 14:18:47.951,2367,2025-11-21 14:18:47.951,425.599896,,,,,,,,,,,,,,,,,,,
2025-11-21 14:18:48.951,2368,2025-11-21 14:18:48.951,425.587076,,,,,,,,,,,,,,,,,,,
2025-11-21 14:18:49.951,2369,2025-11-21 14:18:49.951,425.623695,,,,,,,,,,,,,,,,,,,
2025-11-21 14:18:50.951,2370,2025-11-21 14:18:50.951,425.619037,,,,,,,,,,,,,,,,,,,
2025-11-21 14:18:51.951,2371,2025-11-21 14:18:51.951,425.642249,,,,,,,,,,,,,,,,,,,
2025-11-21 14:18:52.951,2372,2025-11-21 14:18:52.951,425.666318,,,,,,,,,,,,,,,,,,,
2025-11-21 14:18:53.951,2373,2025-11-21 14:18:53.951,425.676269,,,,,,,,,,,,,,,,,,,
2025-11-21 14:18:54.951,2374,2025-11-21 14:18:54.951,425.683589,,,,,,,,,,,,,,,,,,,
2025-11-21 14:18:55.951,2375,2025-11-21 14:18:55.951,425.705399,,,,,,,,,,,,,,,,,,,
2025-11-21 14:18:56.951,2376,2025-11-21 14:18:56.951,425.748978,,,,,,,,,,,,,,,,,,,
2025-11-21 14:18:57.951,2377,2025-11-21 14:18:57.951,425.745637,,,,,,,,,,,,,,,,,,,
2025-11-21 14:18:58.951,2378,2025-11-21 14:18:58.951,425.782449,,,,,,,,,,,,,,,,,,,
2025-11-21 14:18:59.951,2379,2025-11-21 14:18:59.951,425.769227,,,,,,,,,,,,,,,,,,,
2025-11-21 14:19:00.951,2380,2025-11-21 14:19:00.951,425.778848,,,,,,,,,,,,,,,,,,,
2025-11-21 14:19:01.951,2381,2025-11-21 14:19:01.951,425.805896,,,,,,,,,,,,,,,,,,,
2025-11-21 14:19:02.951,2382,2025-11-21 14:19:02.951,425.83003,,,,,,,,,,,,,,,,,,,
2025-11-21 14:19:03.951,2383,2025-11-21 14:19:03.951,425.824557,,,,,,,,,,,,,,,,,,,
2025-11-21 14:19:04.951,2384,2025-11-21 14:19:04.951,425.841077,,,,,,,,,,,,,,,,,,,
2025-11-21 14:19:05.951,2385,2025-11-21 14:19:05.951,425.857532,,,,,,,,,,,,,,,,,,,
2025-11-21 14:19:06.951,2386,2025-11-21 14:19:06.951,425.852497,,,,,,,,,,,,,,,,,,,
2025-11-21 14:19:07.951,2387,2025-11-21 14:19:07.951,425.886132,,,,,,,,,,,,,,,,,,,
2025-11-21 14:19:08.951,2388,2025-11-21 14:19:08.951,425.899662,,,,,,,,,,,,,,,,,,,
2025-11-21 14:19:09.951,2389,2025-11-21 14:19:09.951,425.913631,,,,,,,,,,,,,,,,,,,
2025-11-21 14:19:10.951,2390,2025-11-21 14:19:10.951,425.934564,,,,,,,,,,,,,,,,,,,
2025-11-21 14:19:11.951,2391,2025-11-21 14:19:11.951,425.942879,,,,,,,,,,,,,,,,,,,
2025-11-21 14:19:12.951,2392,2025-11-21 14:19:12.951,425.941166,,,,,,,,,,,,,,,,,,,
2025-11-21 14:19:13.951,2393,2025-11-21 14:19:13.951,425.983957,,,,,,,,,,,,,,,,,,,
2025-11-21 14:19:14.951,2394,2025-11-21 14:19:14.951,425.988631,,,,,,,,,,,,,,,,,,,
2025-11-21 14:19:15.951,2395,2025-11-21 14:19:15.951,425.99422,,,,,,,,,,,,,,,,,,,
2025-11-21 14:19:16.951,2396,2025-11-21 14:19:16.951,426.005148,,,,,,,,,,,,,,,,,,,
2025-11-21 14:19:17.951,2397,2025-11-21 14:19:17.951,426.02569,,,,,,,,,,,,,,,,,,,
2025-11-21 14:19:18.951,2398,2025-11-21 14:19:18.951,426.030287,,,,,,,,,,,,,,,,,,,
2025-11-21 14:19:19.951,2399,2025-11-21 14:19:19.951,426.053238,,,,,,,,,,,,,,,,,,,
2025-11-21 14:19:20.951,2400,2025-11-21 14:19:20.951,426.078284,,,,,,,,,,,,,,,,,,,
2025-11-21 14:19:21.951,2401,2025-11-21 14:19:21.951,426.079831,,,,,,,,,,,,,,,,,,,
2025-11-21 14:19:22.951,2402,2025-11-21 14:19:22.951,426.106736,,,,,,,,,,,,,,,,,,,
2025-11-21 14:19:23.951,2403,2025-11-21 14:19:23.951,426.104066,,,,,,,,,,,,,,,,,,,
2025-11-21 14:19:24.951,2404,2025-11-21 14:19:24.951,426.120521,,,,,,,,,,,,,,,,,,,
2025-11-21 14:19:25.951,2405,2025-11-21 14:19:25.951,426.126804,,,,,,,,,,,,,,,,,,,
2025-11-21 14:19:26.951,2406,2025-11-21 14:19:26.951,426.136638,,,,,,,,,,,,,,,,,,,
2025-11-21 14:19:27.951,2407,2025-11-21 14:19:27.951,426.156622,,,,,,,,,,,,,,,,,,,
2025-11-21 14:19:28.951,2408,2025-11-21 14:19:28.951,426.175404,,,,,,,,,,,,,,,,,,,
2025-11-21 14:19:29.951,2409,2025-11-21 14:19:29.951,426.201518,,,,,,,,,,,,,,,,,,,
2025-11-21 14:19:30.951,2410,2025-11-21 14:19:30.951,426.185922,,,,,,,,,,,,,,,,,,,
2025-11-21 14:19:31.951,2411,2025-11-21 14:19:31.951,426.219274,,,,,,,,,,,,,,,,,,,
2025-11-21 14:19:32.951,2412,2025-11-21 14:19:32.951,426.210653,,,,,,,,,,,,,,,,,,,
2025-11-21 14:19:33.951,2413,2025-11-21 14:19:33.951,426.229422,,,,,,,,,,,,,,,,,,,
2025-11-21 14:19:34.951,2414,2025-11-21 14:19:34.951,426.245701,,,,,,,,,,,,,,,,,,,
2025-11-21 14:19:35.951,2415,2025-11-21 14:19:35.951,426.238327,,,,,,,,,,,,,,,,,,,
2025-11-21 14:19:36.951,2416,2025-11-21 14:19:36.951,426.245447,,,,,,,,,,,,,,,,,,,
2025-11-21 14:19:37.951,2417,2025-11-21 14:19:37.951,426.283502,,,,,,,,,,,,,,,,,,,
2025-11-21 14:19:38.951,2418,2025-11-21 14:19:38.951,426.284155,,,,,,,,,,,,,,,,,,,
2025-11-21 14:19:39.951,2419,2025-11-21 14:19:39.951,426.290815,,,,,,,,,,,,,,,,,,,
2025-11-21 14:19:40.951,2420,2025-11-21 14:19:40.951,426.321288,,,,,,,,,,,,,,,,,,,
2025-11-21 14:19:41.951,2421,2025-11-21 14:19:41.951,426.330309,,,,,,,,,,,,,,,,,,,
2025-11-21 14:19:42.951,2422,2025-11-21 14:19:42.951,426.343696,,,,,,,,,,,,,,,,,,,
2025-11-21 14:19:43.951,2423,2025-11-21 14:19:43.951,426.375717,,,,,,,,,,,,,,,,,,,
2025-11-21 14:19:44.951,2424,2025-11-21 14:19:44.951,426.368689,,,,,,,,,,,,,,,,,,,
2025-11-21 14:19:45.951,2425,2025-11-21 14:19:45.951,426.393462,,,,,,,,,,,,,,,,,,,
2025-11-21 14:19:46.951,2426,2025-11-21 14:19:46.951,426.405559,,,,,,,,,,,,,,,,,,,
2025-11-21 14:19:47.951,2427,2025-11-21 14:19:47.951,426.412659,,,,,,,,,,,,,,,,,,,
2025-11-21 14:19:48.951,2428,2025-11-21 14:19:48.951,426.428309,,,,,,,,,,,,,,,,,,,
2025-11-21 14:19:49.951,2429,2025-11-21 14:19:49.951,426.436404,,,,,,,,,,,,,,,,,,,
2025-11-21 14:19:50.951,2430,2025-11-21 14:19:50.951,426.451511,,,,,,,,,,,,,,,,,,,
2025-11-21 14:19:51.951,2431,2025-11-21 14:19:51.951,426.449138,,,,,,,,,,,,,,,,,,,
2025-11-21 14:19:52.951,2432,2025-11-21 14:19:52.951,426.465267,,,,,,,,,,,,,,,,,,,
2025-11-21 14:19:53.951,2433,2025-11-21 14:19:53.951,426.482008,,,,,,,,,,,,,,,,,,,
2025-11-21 14:19:54.951,2434,2025-11-21 14:19:54.951,426.495536,,,,,,,,,,,,,,,,,,,
2025-11-21 14:19:55.951,2435,2025-11-21 14:19:55.951,426.482513,,,,,,,,,,,,,,,,,,,
2025-11-21 14:19:56.976,2436,2025-11-21 14:19:56.976,426.524305,,,,,,,,,,,,,,,,,,,
2025-11-21 14:19:57.951,2437,2025-11-21 14:19:57.951,426.519052,,,,,,,,,,,,,,,,,,,
2025-11-21 14:19:58.951,2438,2025-11-21 14:19:58.951,426.531574,,,,,,,,,,,,,,,,,,,
2025-11-21 14:19:59.951,2439,2025-11-21 14:19:59.951,426.547464,,,,,,,,,,,,,,,,,,,
2025-11-21 14:20:00.951,2440,2025-11-21 14:20:00.951,426.553906,,,,,,,,,,,,,,,,,,,
2025-11-21 14:20:01.951,2441,2025-11-21 14:20:01.951,426.564362,,,,,,,,,,,,,,,,,,,
2025-11-21 14:20:02.951,2442,2025-11-21 14:20:02.951,426.592361,,,,,,,,,,,,,,,,,,,
2025-11-21 14:20:03.951,2443,2025-11-21 14:20:03.951,426.613722,,,,,,,,,,,,,,,,,,,
2025-11-21 14:20:04.951,2444,2025-11-21 14:20:04.951,426.618716,,,,,,,,,,,,,,,,,,,
2025-11-21 14:20:05.951,2445,2025-11-21 14:20:05.951,426.631162,,,,,,,,,,,,,,,,,,,
2025-11-21 14:20:06.951,2446,2025-11-21 14:20:06.951,426.632508,,,,,,,,,,,,,,,,,,,
2025-11-21 14:20:07.951,2447,2025-11-21 14:20:07.951,426.660865,,,,,,,,,,,,,,,,,,,
2025-11-21 14:20:08.951,2448,2025-11-21 14:20:08.951,426.659922,,,,,,,,,,,,,,,,,,,
2025-11-21 14:20:09.951,2449,2025-11-21 14:20:09.951,426.67075,,,,,,,,,,,,,,,,,,,
2025-11-21 14:20:10.951,2450,2025-11-21 14:20:10.951,426.688265,,,,,,,,,,,,,,,,,,,
2025-11-21 14:20:11.951,2451,2025-11-21 14:20:11.951,426.718412,,,,,,,,,,,,,,,,,,,
2025-11-21 14:20:12.951,2452,2025-11-21 14:20:12.951,426.713351,,,,,,,,,,,,,,,,,,,
2025-11-21 14:20:13.951,2453,2025-11-21 14:20:13.951,426.730242,,,,,,,,,,,,,,,,,,,
2025-11-21 14:20:14.951,2454,2025-11-21 14:20:14.951,426.732828,,,,,,,,,,,,,,,,,,,
2025-11-21 14:20:15.951,2455,2025-11-21 14:20:15.951,426.756701,,,,,,,,,,,,,,,,,,,
2025-11-21 14:20:16.951,2456,2025-11-21 14:20:16.951,426.769349,,,,,,,,,,,,,,,,,,,
2025-11-21 14:20:17.951,2457,2025-11-21 14:20:17.951,426.753921,,,,,,,,,,,,,,,,,,,
2025-11-21 14:20:18.951,2458,2025-11-21 14:20:18.951,426.771876,,,,,,,,,,,,,,,,,,,
2025-11-21 14:20:19.951,2459,2025-11-21 14:20:19.951,426.792823,,,,,,,,,,,,,,,,,,,
2025-11-21 14:20:20.951,2460,2025-11-21 14:20:20.951,426.810658,,,,,,,,,,,,,,,,,,,
2025-11-21 14:20:21.951,2461,2025-11-21 14:20:21.951,426.816002,,,,,,,,,,,,,,,,,,,
2025-11-21 14:20:22.951,2462,2025-11-21 14:20:22.951,426.828895,,,,,,,,,,,,,,,,,,,
2025-11-21 14:20:23.951,2463,2025-11-21 14:20:23.951,426.839628,,,,,,,,,,,,,,,,,,,
2025-11-21 14:20:24.951,2464,2025-11-21 14:20:24.951,426.856793,,,,,,,,,,,,,,,,,,,
2025-11-21 14:20:25.951,2465,2025-11-21 14:20:25.951,426.857607,,,,,,,,,,,,,,,,,,,
2025-11-21 14:20:26.951,2466,2025-11-21 14:20:26.951,426.848136,,,,,,,,,,,,,,,,,,,
2025-11-21 14:20:27.951,2467,2025-11-21 14:20:27.951,426.888708,,,,,,,,,,,,,,,,,,,
2025-11-21 14:20:28.951,2468,2025-11-21 14:20:28.951,426.895032,,,,,,,,,,,,,,,,,,,
2025-11-21 14:20:29.951,2469,2025-11-21 14:20:29.951,426.899915,,,,,,,,,,,,,,,,,,,
2025-11-21 14:20:30.951,2470,2025-11-21 14:20:30.951,426.917356,,,,,,,,,,,,,,,,,,,
2025-11-21 14:20:31.951,2471,2025-11-21 14:20:31.951,426.934663,,,,,,,,,,,,,,,,,,,
2025-11-21 14:20:32.951,2472,2025-11-21 14:20:32.951,426.950191,,,,,,,,,,,,,,,,,,,
2025-11-21 14:20:33.951,2473,2025-11-21 14:20:33.951,426.956593,,,,,,,,,,,,,,,,,,,
2025-11-21 14:20:34.951,2474,2025-11-21 14:20:34.951,426.990633,,,,,,,,,,,,,,,,,,,
2025-11-21 14:20:35.951,2475,2025-11-21 14:20:35.951,426.996202,,,,,,,,,,,,,,,,,,,
2025-11-21 14:20:36.951,2476,2025-11-21 14:20:36.951,426.998895,,,,,,,,,,,,,,,,,,,
2025-11-21 14:20:37.951,2477,2025-11-21 14:20:37.951,427.012488,,,,,,,,,,,,,,,,,,,
2025-11-21 14:20:38.951,2478,2025-11-21 14:20:38.951,427.020265,,,,,,,,,,,,,,,,,,,
2025-11-21 14:20:39.951,2479,2025-11-21 14:20:39.951,427.038467,,,,,,,,,,,,,,,,,,,
2025-11-21 14:20:40.951,2480,2025-11-21 14:20:40.951,427.042462,,,,,,,,,,,,,,,,,,,
2025-11-21 14:20:41.951,2481,2025-11-21 14:20:41.951,427.06738,,,,,,,,,,,,,,,,,,,
2025-11-21 14:20:42.951,2482,2025-11-21 14:20:42.951,427.077489,,,,,,,,,,,,,,,,,,,
2025-11-21 14:20:43.951,2483,2025-11-21 14:20:43.951,427.09235,,,,,,,,,,,,,,,,,,,
2025-11-21 14:20:44.951,2484,2025-11-21 14:20:44.951,427.106595,,,,,,,,,,,,,,,,,,,
2025-11-21 14:20:45.951,2485,2025-11-21 14:20:45.951,427.112749,,,,,,,,,,,,,,,,,,,
2025-11-21 14:20:46.951,2486,2025-11-21 14:20:46.951,427.133305,,,,,,,,,,,,,,,,,,,
2025-11-21 14:20:47.951,2487,2025-11-21 14:20:47.951,427.152653,,,,,,,,,,,,,,,,,,,
2025-11-21 14:20:48.951,2488,2025-11-21 14:20:48.951,427.168183,,,,,,,,,,,,,,,,,,,
2025-11-21 14:20:49.951,2489,2025-11-21 14:20:49.951,427.162297,,,,,,,,,,,,,,,,,,,
2025-11-21 14:20:50.951,2490,2025-11-21 14:20:50.951,427.172114,,,,,,,,,,,,,,,,,,,
2025-11-21 14:20:51.951,2491,2025-11-21 14:20:51.951,427.183799,,,,,,,,,,,,,,,,,,,
2025-11-21 14:20:52.951,2492,2025-11-21 14:20:52.951,427.195812,,,,,,,,,,,,,,,,,,,
2025-11-21 14:20:53.951,2493,2025-11-21 14:20:53.951,427.224381,,,,,,,,,,,,,,,,,,,
2025-11-21 14:20:54.951,2494,2025-11-21 14:20:54.951,427.210565,,,,,,,,,,,,,,,,,,,
2025-11-21 14:20:55.951,2495,2025-11-21 14:20:55.951,427.232472,,,,,,,,,,,,,,,,,,,
2025-11-21 14:20:56.951,2496,2025-11-21 14:20:56.951,427.233254,,,,,,,,,,,,,,,,,,,
2025-11-21 14:20:57.951,2497,2025-11-21 14:20:57.951,427.243641,,,,,,,,,,,,,,,,,,,
2025-11-21 14:20:58.951,2498,2025-11-21 14:20:58.951,427.248177,,,,,,,,,,,,,,,,,,,
2025-11-21 14:20:59.951,2499,2025-11-21 14:20:59.951,427.279335,,,,,,,,,,,,,,,,,,,
2025-11-21 14:21:00.951,2500,2025-11-21 14:21:00.951,427.281056,,,,,,,,,,,,,,,,,,,
2025-11-21 14:21:01.951,2501,2025-11-21 14:21:01.951,427.288762,,,,,,,,,,,,,,,,,,,
2025-11-21 14:21:02.951,2502,2025-11-21 14:21:02.951,427.316178,,,,,,,,,,,,,,,,,,,
2025-11-21 14:21:03.951,2503,2025-11-21 14:21:03.951,427.318791,,,,,,,,,,,,,,,,,,,
2025-11-21 14:21:04.951,2504,2025-11-21 14:21:04.951,427.351102,,,,,,,,,,,,,,,,,,,
2025-11-21 14:21:05.951,2505,2025-11-21 14:21:05.951,427.334198,,,,,,,,,,,,,,,,,,,
2025-11-21 14:21:06.951,2506,2025-11-21 14:21:06.951,427.355665,,,,,,,,,,,,,,,,,,,
2025-11-21 14:21:07.951,2507,2025-11-21 14:21:07.951,427.371433,,,,,,,,,,,,,,,,,,,
2025-11-21 14:21:08.951,2508,2025-11-21 14:21:08.951,427.376958,,,,,,,,,,,,,,,,,,,
2025-11-21 14:21:09.951,2509,2025-11-21 14:21:09.951,427.396956,,,,,,,,,,,,,,,,,,,
2025-11-21 14:21:10.951,2510,2025-11-21 14:21:10.951,427.423224,,,,,,,,,,,,,,,,,,,
2025-11-21 14:21:11.951,2511,2025-11-21 14:21:11.951,427.42464,,,,,,,,,,,,,,,,,,,
2025-11-21 14:21:12.951,2512,2025-11-21 14:21:12.951,427.427293,,,,,,,,,,,,,,,,,,,
2025-11-21 14:21:13.951,2513,2025-11-21 14:21:13.951,427.449608,,,,,,,,,,,,,,,,,,,
2025-11-21 14:21:14.951,2514,2025-11-21 14:21:14.951,427.46449,,,,,,,,,,,,,,,,,,,
2025-11-21 14:21:15.951,2515,2025-11-21 14:21:15.951,427.481651,,,,,,,,,,,,,,,,,,,
2025-11-21 14:21:16.951,2516,2025-11-21 14:21:16.951,427.466135,,,,,,,,,,,,,,,,,,,
2025-11-21 14:21:17.951,2517,2025-11-21 14:21:17.951,427.488597,,,,,,,,,,,,,,,,,,,
2025-11-21 14:21:18.951,2518,2025-11-21 14:21:18.951,427.498292,,,,,,,,,,,,,,,,,,,
2025-11-21 14:21:19.951,2519,2025-11-21 14:21:19.951,427.50244,,,,,,,,,,,,,,,,,,,
2025-11-21 14:21:20.951,2520,2025-11-21 14:21:20.951,427.49615,,,,,,,,,,,,,,,,,,,
2025-11-21 14:21:21.951,2521,2025-11-21 14:21:21.951,427.49844,,,,,,,,,,,,,,,,,,,
2025-11-21 14:21:22.951,2522,2025-11-21 14:21:22.951,427.522361,,,,,,,,,,,,,,,,,,,
2025-11-21 14:21:23.951,2523,2025-11-21 14:21:23.951,427.514191,,,,,,,,,,,,,,,,,,,
2025-11-21 14:21:24.951,2524,2025-11-21 14:21:24.951,427.535335,,,,,,,,,,,,,,,,,,,
2025-11-21 14:21:25.951,2525,2025-11-21 14:21:25.951,427.550113,,,,,,,,,,,,,,,,,,,
2025-11-21 14:21:26.951,2526,2025-11-21 14:21:26.951,427.555951,,,,,,,,,,,,,,,,,,,
2025-11-21 14:21:27.951,2527,2025-11-21 14:21:27.951,427.557935,,,,,,,,,,,,,,,,,,,
2025-11-21 14:21:28.951,2528,2025-11-21 14:21:28.951,427.574423,,,,,,,,,,,,,,,,,,,
2025-11-21 14:21:29.951,2529,2025-11-21 14:21:29.951,427.578555,,,,,,,,,,,,,,,,,,,
2025-11-21 14:21:30.976,2530,2025-11-21 14:21:30.976,427.59954,,,,,,,,,,,,,,,,,,,
2025-11-21 14:21:31.951,2531,2025-11-21 14:21:31.951,427.590096,,,,,,,,,,,,,,,,,,,
2025-11-21 14:21:32.951,2532,2025-11-21 14:21:32.951,427.613176,,,,,,,,,,,,,,,,,,,
2025-11-21 14:21:33.951,2533,2025-11-21 14:21:33.951,427.617497,,,,,,,,,,,,,,,,,,,
2025-11-21 14:21:34.951,2534,2025-11-21 14:21:34.951,427.617792,,,,,,,,,,,,,,,,,,,
2025-11-21 14:21:35.951,2535,2025-11-21 14:21:35.951,427.61825,,,,,,,,,,,,,,,,,,,
2025-11-21 14:21:36.951,2536,2025-11-21 14:21:36.951,427.624152,,,,,,,,,,,,,,,,,,,
2025-11-21 14:21:37.951,2537,2025-11-21 14:21:37.951,427.65451,,,,,,,,,,,,,,,,,,,
2025-11-21 14:21:38.951,2538,2025-11-21 14:21:38.951,427.66215,,,,,,,,,,,,,,,,,,,
2025-11-21 14:21:39.951,2539,2025-11-21 14:21:39.951,427.648299,,,,,,,,,,,,,,,,,,,
2025-11-21 14:21:40.951,2540,2025-11-21 14:21:40.951,427.653808,,,,,,,,,,,,,,,,,,,
2025-11-21 14:21:41.951,2541,2025-11-21 14:21:41.951,427.684748,,,,,,,,,,,,,,,,,,,
2025-11-21 14:21:42.951,2542,2025-11-21 14:21:42.951,427.679551,,,,,,,,,,,,,,,,,,,
2025-11-21 14:21:43.951,2543,2025-11-21 14:21:43.951,427.667506,,,,,,,,,,,,,,,,,,,
2025-11-21 14:21:44.951,2544,2025-11-21 14:21:44.951,427.655645,,,,,,,,,,,,,,,,,,,
2025-11-21 14:21:45.951,2545,2025-11-21 14:21:45.951,427.676445,,,,,,,,,,,,,,,,,,,
2025-11-21 14:21:46.951,2546,2025-11-21 14:21:46.951,427.697785,,,,,,,,,,,,,,,,,,,
2025-11-21 14:21:47.951,2547,2025-11-21 14:21:47.951,427.705425,,,,,,,,,,,,,,,,,,,
2025-11-21 14:21:48.951,2548,2025-11-21 14:21:48.951,427.728817,,,,,,,,,,,,,,,,,,,
2025-11-21 14:21:49.951,2549,2025-11-21 14:21:49.951,427.704645,,,,,,,,,,,,,,,,,,,
2025-11-21 14:21:50.951,2550,2025-11-21 14:21:50.951,427.680056,,,,,,,,,,,,,,,,,,,
2025-11-21 14:21:51.951,2551,2025-11-21 14:21:51.951,427.655532,,,,,,,,,,,,,,,,,,,
2025-11-21 14:21:52.951,2552,2025-11-21 14:21:52.951,427.641022,,,,,,,,,,,,,,,,,,,
2025-11-21 14:21:53.951,2553,2025-11-21 14:21:53.951,427.639843,,,,,,,,,,,,,,,,,,,
2025-11-21 14:21:54.951,2554,2025-11-21 14:21:54.951,427.6498,,,,,,,,,,,,,,,,,,,
2025-11-21 14:21:55.951,2555,2025-11-21 14:21:55.951,427.611033,,,,,,,,,,,,,,,,,,,
2025-11-21 14:21:56.951,2556,2025-11-21 14:21:56.951,427.604201,,,,,,,,,,,,,,,,,,,
2025-11-21 14:21:57.951,2557,2025-11-21 14:21:57.951,427.575163,,,,,,,,,,,,,,,,,,,
2025-11-21 14:21:58.951,2558,2025-11-21 14:21:58.951,427.538356,,,,,,,,,,,,,,,,,,,
2025-11-21 14:21:59.951,2559,2025-11-21 14:21:59.951,427.498976,,,,,,,,,,,,,,,,,,,
2025-11-21 14:22:00.951,2560,2025-11-21 14:22:00.951,427.482329,,,,,,,,,,,,,,,,,,,
2025-11-21 14:22:01.951,2561,2025-11-21 14:22:01.951,427.452184,,,,,,,,,,,,,,,,,,,
2025-11-21 14:22:02.951,2562,2025-11-21 14:22:02.951,427.376508,,,,,,,,,,,,,,,,,,,
2025-11-21 14:22:03.951,2563,2025-11-21 14:22:03.951,427.3198,,,,,,,,,,,,,,,,,,,
2025-11-21 14:22:04.951,2564,2025-11-21 14:22:04.951,427.250768,,,,,,,,,,,,,,,,,,,
2025-11-21 14:22:05.951,2565,2025-11-21 14:22:05.951,427.204025,,,,,,,,,,,,,,,,,,,
2025-11-21 14:22:06.951,2566,2025-11-21 14:22:06.951,427.104756,,,,,,,,,,,,,,,,,,,
2025-11-21 14:22:07.951,2567,2025-11-21 14:22:07.951,427.037787,,,,,,,,,,,,,,,,,,,
2025-11-21 14:22:08.951,2568,2025-11-21 14:22:08.951,426.975476,,,,,,,,,,,,,,,,,,,
2025-11-21 14:22:09.951,2569,2025-11-21 14:22:09.951,426.896476,,,,,,,,,,,,,,,,,,,
2025-11-21 14:22:10.951,2570,2025-11-21 14:22:10.951,426.797917,,,,,,,,,,,,,,,,,,,
2025-11-21 14:22:11.951,2571,2025-11-21 14:22:11.951,426.729771,,,,,,,,,,,,,,,,,,,
2025-11-21 14:22:12.951,2572,2025-11-21 14:22:12.951,426.654767,,,,,,,,,,,,,,,,,,,
2025-11-21 14:22:13.951,2573,2025-11-21 14:22:13.951,426.58611,,,,,,,,,,,,,,,,,,,
2025-11-21 14:22:14.951,2574,2025-11-21 14:22:14.951,426.517495,,,,,,,,,,,,,,,,,,,
2025-11-21 14:22:15.951,2575,2025-11-21 14:22:15.951,426.444453,,,,,,,,,,,,,,,,,,,
2025-11-21 14:22:16.951,2576,2025-11-21 14:22:16.951,426.382264,,,,,,,,,,,,,,,,,,,
2025-11-21 14:22:17.951,2577,2025-11-21 14:22:17.951,426.319406,,,,,,,,,,,,,,,,,,,
2025-11-21 14:22:18.951,2578,2025-11-21 14:22:18.951,426.236086,,,,,,,,,,,,,,,,,,,
2025-11-21 14:22:19.951,2579,2025-11-21 14:22:19.951,426.182408,,,,,,,,,,,,,,,,,,,
2025-11-21 14:22:20.951,2580,2025-11-21 14:22:20.951,426.10869,,,,,,,,,,,,,,,,,,,
2025-11-21 14:22:21.951,2581,2025-11-21 14:22:21.951,426.044724,,,,,,,,,,,,,,,,,,,
2025-11-21 14:22:22.951,2582,2025-11-21 14:22:22.951,425.997527,,,,,,,,,,,,,,,,,,,
2025-11-21 14:22:23.951,2583,2025-11-21 14:22:23.951,425.942392,,,,,,,,,,,,,,,,,,,
2025-11-21 14:22:24.951,2584,2025-11-21 14:22:24.951,425.880003,,,,,,,,,,,,,,,,,,,
2025-11-21 14:22:25.951,2585,2025-11-21 14:22:25.951,425.836698,,,,,,,,,,,,,,,,,,,
2025-11-21 14:22:26.951,2586,2025-11-21 14:22:26.951,425.782827,,,,,,,,,,,,,,,,,,,
2025-11-21 14:22:27.951,2587,2025-11-21 14:22:27.951,425.746108,,,,,,,,,,,,,,,,,,,
2025-11-21 14:22:28.951,2588,2025-11-21 14:22:28.951,425.674997,,,,,,,,,,,,,,,,,,,
2025-11-21 14:22:29.951,2589,2025-11-21 14:22:29.951,425.633019,,,,,,,,,,,,,,,,,,,
2025-11-21 14:22:30.951,2590,2025-11-21 14:22:30.951,425.600532,,,,,,,,,,,,,,,,,,,
2025-11-21 14:22:31.951,2591,2025-11-21 14:22:31.951,425.525915,,,,,,,,,,,,,,,,,,,
2025-11-21 14:22:32.951,2592,2025-11-21 14:22:32.951,425.47351,,,,,,,,,,,,,,,,,,,
2025-11-21 14:22:33.951,2593,2025-11-21 14:22:33.951,425.428781,,,,,,,,,,,,,,,,,,,
2025-11-21 14:22:34.951,2594,2025-11-21 14:22:34.951,425.390579,,,,,,,,,,,,,,,,,,,
2025-11-21 14:22:35.951,2595,2025-11-21 14:22:35.951,425.347139,,,,,,,,,,,,,,,,,,,
2025-11-21 14:22:36.951,2596,2025-11-21 14:22:36.951,425.286572,,,,,,,,,,,,,,,,,,,
2025-11-21 14:22:37.951,2597,2025-11-21 14:22:37.951,425.236948,,,,,,,,,,,,,,,,,,,
2025-11-21 14:22:38.951,2598,2025-11-21 14:22:38.951,425.202988,,,,,,,,,,,,,,,,,,,
2025-11-21 14:22:39.951,2599,2025-11-21 14:22:39.951,425.157996,,,,,,,,,,,,,,,,,,,
2025-11-21 14:22:40.951,2600,2025-11-21 14:22:40.951,425.124187,,,,,,,,,,,,,,,,,,,
2025-11-21 14:22:41.951,2601,2025-11-21 14:22:41.951,425.080724,,,,,,,,,,,,,,,,,,,
2025-11-21 14:22:42.951,2602,2025-11-21 14:22:42.951,425.053225,,,,,,,,,,,,,,,,,,,
2025-11-21 14:22:43.951,2603,2025-11-21 14:22:43.951,425.017022,,,,,,,,,,,,,,,,,,,
2025-11-21 14:22:44.951,2604,2025-11-21 14:22:44.951,424.969802,,,,,,,,,,,,,,,,,,,
2025-11-21 14:22:45.951,2605,2025-11-21 14:22:45.951,424.940623,,,,,,,,,,,,,,,,,,,
2025-11-21 14:22:46.951,2606,2025-11-21 14:22:46.951,424.899614,,,,,,,,,,,,,,,,,,,
2025-11-21 14:22:47.951,2607,2025-11-21 14:22:47.951,424.877979,,,,,,,,,,,,,,,,,,,
2025-11-21 14:22:48.951,2608,2025-11-21 14:22:48.951,424.826373,,,,,,,,,,,,,,,,,,,
2025-11-21 14:22:49.951,2609,2025-11-21 14:22:49.951,424.802409,,,,,,,,,,,,,,,,,,,
2025-11-21 14:22:50.951,2610,2025-11-21 14:22:50.951,424.75943,,,,,,,,,,,,,,,,,,,
2025-11-21 14:22:51.951,2611,2025-11-21 14:22:51.951,424.732682,,,,,,,,,,,,,,,,,,,
2025-11-21 14:22:52.951,2612,2025-11-21 14:22:52.951,424.704033,,,,,,,,,,,,,,,,,,,
2025-11-21 14:22:53.951,2613,2025-11-21 14:22:53.951,424.666914,,,,,,,,,,,,,,,,,,,
2025-11-21 14:22:54.951,2614,2025-11-21 14:22:54.951,424.623973,,,,,,,,,,,,,,,,,,,
2025-11-21 14:22:55.951,2615,2025-11-21 14:22:55.951,424.595378,,,,,,,,,,,,,,,,,,,
2025-11-21 14:22:56.951,2616,2025-11-21 14:22:56.951,424.553399,,,,,,,,,,,,,,,,,,,
2025-11-21 14:22:57.951,2617,2025-11-21 14:22:57.951,424.523562,,,,,,,,,,,,,,,,,,,
2025-11-21 14:22:58.951,2618,2025-11-21 14:22:58.951,424.497697,,,,,,,,,,,,,,,,,,,
2025-11-21 14:22:59.951,2619,2025-11-21 14:22:59.951,424.4923,,,,,,,,,,,,,,,,,,,
2025-11-21 14:23:00.951,2620,2025-11-21 14:23:00.951,424.432934,,,,,,,,,,,,,,,,,,,
2025-11-21 14:23:01.951,2621,2025-11-21 14:23:01.951,424.421802,,,,,,,,,,,,,,,,,,,
2025-11-21 14:23:03.005,2622,2025-11-21 14:23:03.005,424.384654,,,,,,,,,,,,,,,,,,,
2025-11-21 14:23:03.951,2623,2025-11-21 14:23:03.951,424.370083,,,,,,,,,,,,,,,,,,,
2025-11-21 14:23:04.951,2624,2025-11-21 14:23:04.951,424.351121,,,,,,,,,,,,,,,,,,,
2025-11-21 14:23:05.951,2625,2025-11-21 14:23:05.951,424.319057,,,,,,,,,,,,,,,,,,,
2025-11-21 14:23:06.951,2626,2025-11-21 14:23:06.951,424.299348,,,,,,,,,,,,,,,,,,,
2025-11-21 14:23:07.951,2627,2025-11-21 14:23:07.951,424.292426,,,,,,,,,,,,,,,,,,,
2025-11-21 14:23:08.951,2628,2025-11-21 14:23:08.951,424.259808,,,,,,,,,,,,,,,,,,,
2025-11-21 14:23:09.951,2629,2025-11-21 14:23:09.951,424.227828,,,,,,,,,,,,,,,,,,,
2025-11-21 14:23:10.951,2630,2025-11-21 14:23:10.951,424.201528,,,,,,,,,,,,,,,,,,,
2025-11-21 14:23:11.951,2631,2025-11-21 14:23:11.951,424.178394,,,,,,,,,,,,,,,,,,,
2025-11-21 14:23:12.951,2632,2025-11-21 14:23:12.951,424.178281,,,,,,,,,,,,,,,,,,,
2025-11-21 14:23:13.951,2633,2025-11-21 14:23:13.951,424.147467,,,,,,,,,,,,,,,,,,,
2025-11-21 14:23:14.951,2634,2025-11-21 14:23:14.951,424.138767,,,,,,,,,,,,,,,,,,,
2025-11-21 14:23:15.951,2635,2025-11-21 14:23:15.951,424.117734,,,,,,,,,,,,,,,,,,,
2025-11-21 14:23:16.951,2636,2025-11-21 14:23:16.951,424.099313,,,,,,,,,,,,,,,,,,,
2025-11-21 14:23:17.951,2637,2025-11-21 14:23:17.951,424.068023,,,,,,,,,,,,,,,,,,,
2025-11-21 14:23:18.951,2638,2025-11-21 14:23:18.951,424.06203,,,,,,,,,,,,,,,,,,,
2025-11-21 14:23:19.951,2639,2025-11-21 14:23:19.951,424.034404,,,,,,,,,,,,,,,,,,,
2025-11-21 14:23:20.951,2640,2025-11-21 14:23:20.951,424.020215,,,,,,,,,,,,,,,,,,,
2025-11-21 14:23:21.951,2641,2025-11-21 14:23:21.951,423.996249,,,,,,,,,,,,,,,,,,,
2025-11-21 14:23:22.951,2642,2025-11-21 14:23:22.951,423.99894,,,,,,,,,,,,,,,,,,,
2025-11-21 14:23:23.951,2643,2025-11-21 14:23:23.951,423.992658,,,,,,,,,,,,,,,,,,,
2025-11-21 14:23:24.951,2644,2025-11-21 14:23:24.951,423.987689,,,,,,,,,,,,,,,,,,,
2025-11-21 14:23:25.951,2645,2025-11-21 14:23:25.951,423.986415,,,,,,,,,,,,,,,,,,,
2025-11-21 14:23:26.951,2646,2025-11-21 14:23:26.951,423.958172,,,,,,,,,,,,,,,,,,,
2025-11-21 14:23:27.951,2647,2025-11-21 14:23:27.951,423.956609,,,,,,,,,,,,,,,,,,,
2025-11-21 14:23:28.951,2648,2025-11-21 14:23:28.951,423.954478,,,,,,,,,,,,,,,,,,,
2025-11-21 14:23:29.951,2649,2025-11-21 14:23:29.951,423.946282,,,,,,,,,,,,,,,,,,,
2025-11-21 14:23:30.951,2650,2025-11-21 14:23:30.951,423.93481,,,,,,,,,,,,,,,,,,,
2025-11-21 14:23:31.951,2651,2025-11-21 14:23:31.951,423.935559,,,,,,,,,,,,,,,,,,,
2025-11-21 14:23:32.951,2652,2025-11-21 14:23:32.951,423.927317,,,,,,,,,,,,,,,,,,,
2025-11-21 14:23:33.951,2653,2025-11-21 14:23:33.951,423.899484,,,,,,,,,,,,,,,,,,,
2025-11-21 14:23:34.951,2654,2025-11-21 14:23:34.951,423.914396,,,,,,,,,,,,,,,,,,,
2025-11-21 14:23:35.951,2655,2025-11-21 14:23:35.951,423.912181,,,,,,,,,,,,,,,,,,,
2025-11-21 14:23:36.951,2656,2025-11-21 14:23:36.951,423.895236,,,,,,,,,,,,,,,,,,,
2025-11-21 14:23:37.951,2657,2025-11-21 14:23:37.951,423.875628,,,,,,,,,,,,,,,,,,,
2025-11-21 14:23:38.951,2658,2025-11-21 14:23:38.951,423.884482,,,,,,,,,,,,,,,,,,,
2025-11-21 14:23:39.951,2659,2025-11-21 14:23:39.951,423.867766,,,,,,,,,,,,,,,,,,,
2025-11-21 14:23:40.951,2660,2025-11-21 14:23:40.951,423.867629,,,,,,,,,,,,,,,,,,,
2025-11-21 14:23:41.951,2661,2025-11-21 14:23:41.951,423.863391,,,,,,,,,,,,,,,,,,,
2025-11-21 14:23:42.951,2662,2025-11-21 14:23:42.951,423.87131,,,,,,,,,,,,,,,,,,,
2025-11-21 14:23:43.951,2663,2025-11-21 14:23:43.951,423.853599,,,,,,,,,,,,,,,,,,,
2025-11-21 14:23:44.951,2664,2025-11-21 14:23:44.951,423.836949,,,,,,,,,,,,,,,,,,,
2025-11-21 14:23:45.951,2665,2025-11-21 14:23:45.951,423.849661,,,,,,,,,,,,,,,,,,,
2025-11-21 14:23:46.951,2666,2025-11-21 14:23:46.951,423.843531,,,,,,,,,,,,,,,,,,,
2025-11-21 14:23:47.951,2667,2025-11-21 14:23:47.951,423.820408,,,,,,,,,,,,,,,,,,,
2025-11-21 14:23:48.951,2668,2025-11-21 14:23:48.951,423.817728,,,,,,,,,,,,,,,,,,,
2025-11-21 14:23:49.951,2669,2025-11-21 14:23:49.951,423.802806,,,,,,,,,,,,,,,,,,,
2025-11-21 14:23:50.951,2670,2025-11-21 14:23:50.951,423.805748,,,,,,,,,,,,,,,,,,,
2025-11-21 14:23:51.951,2671,2025-11-21 14:23:51.951,423.812024,,,,,,,,,,,,,,,,,,,
2025-11-21 14:23:52.951,2672,2025-11-21 14:23:52.951,423.794198,,,,,,,,,,,,,,,,,,,
2025-11-21 14:23:53.951,2673,2025-11-21 14:23:53.951,423.795561,,,,,,,,,,,,,,,,,,,
2025-11-21 14:23:54.951,2674,2025-11-21 14:23:54.951,423.79759,,,,,,,,,,,,,,,,,,,
2025-11-21 14:23:55.951,2675,2025-11-21 14:23:55.951,423.811468,,,,,,,,,,,,,,,,,,,
2025-11-21 14:23:56.951,2676,2025-11-21 14:23:56.951,423.783493,,,,,,,,,,,,,,,,,,,
2025-11-21 14:23:57.951,2677,2025-11-21 14:23:57.951,423.770763,,,,,,,,,,,,,,,,,,,
2025-11-21 14:23:58.951,2678,2025-11-21 14:23:58.951,423.759837,,,,,,,,,,,,,,,,,,,
2025-11-21 14:23:59.951,2679,2025-11-21 14:23:59.951,423.754561,,,,,,,,,,,,,,,,,,,
2025-11-21 14:24:00.951,2680,2025-11-21 14:24:00.951,423.748102,,,,,,,,,,,,,,,,,,,
2025-11-21 14:24:01.951,2681,2025-11-21 14:24:01.951,423.761953,,,,,,,,,,,,,,,,,,,
2025-11-21 14:24:02.951,2682,2025-11-21 14:24:02.951,423.731586,,,,,,,,,,,,,,,,,,,
2025-11-21 14:24:03.951,2683,2025-11-21 14:24:03.951,423.551067,,,,,,,,,,,,,,,,,,,
2025-11-21 14:24:04.951,2684,2025-11-21 14:24:04.951,422.883735,,,,,,,,,,,,,,,,,,,
2025-11-21 14:24:05.951,2685,2025-11-21 14:24:05.951,422.369148,,,,,,,,,,,,,,,,,,,
2025-11-21 14:24:06.951,2686,2025-11-21 14:24:06.951,421.900503,,,,,,,,,,,,,,,,,,,
2025-11-21 14:24:07.951,2687,2025-11-21 14:24:07.951,421.424914,,,,,,,,,,,,,,,,,,,
2025-11-21 14:24:08.951,2688,2025-11-21 14:24:08.951,421.211922,,,,,,,,,,,,,,,,,,,
2025-11-21 14:24:09.951,2689,2025-11-21 14:24:09.951,421.437524,,,,,,,,,,,,,,,,,,,
2025-11-21 14:24:10.951,2690,2025-11-21 14:24:10.951,421.33266,,,,,,,,,,,,,,,,,,,
2025-11-21 14:24:11.951,2691,2025-11-21 14:24:11.951,421.184576,,,,,,,,,,,,,,,,,,,
2025-11-21 14:24:12.951,2692,2025-11-21 14:24:12.951,421.079583,,,,,,,,,,,,,,,,,,,
2025-11-21 14:24:13.951,2693,2025-11-21 14:24:13.951,420.988791,,,,,,,,,,,,,,,,,,,
2025-11-21 14:24:14.951,2694,2025-11-21 14:24:14.951,420.966823,,,,,,,,,,,,,,,,,,,
2025-11-21 14:24:15.951,2695,2025-11-21 14:24:15.951,421.07395,,,,,,,,,,,,,,,,,,,
2025-11-21 14:24:16.951,2696,2025-11-21 14:24:16.951,421.10983,,,,,,,,,,,,,,,,,,,
2025-11-21 14:24:17.951,2697,2025-11-21 14:24:17.951,420.428733,,,,,,,,,,,,,,,,,,,
2025-11-21 14:24:18.951,2698,2025-11-21 14:24:18.951,419.686528,,,,,,,,,,,,,,,,,,,
2025-11-21 14:24:19.951,2699,2025-11-21 14:24:19.951,419.179046,,,,,,,,,,,,,,,,,,,
2025-11-21 14:24:20.951,2700,2025-11-21 14:24:20.951,418.850018,,,,,,,,,,,,,,,,,,,
2025-11-21 14:24:21.951,2701,2025-11-21 14:24:21.951,418.697573,,,,,,,,,,,,,,,,,,,
2025-11-21 14:24:22.951,2702,2025-11-21 14:24:22.951,416.489172,,,,,,,,,,,,,,,,,,,
2025-11-21 14:24:23.951,2703,2025-11-21 14:24:23.951,413.007677,,,,,,,,,,,,,,,,,,,
2025-11-21 14:24:24.951,2704,2025-11-21 14:24:24.951,410.524377,,,,,,,,,,,,,,,,,,,
2025-11-21 14:24:25.951,2705,2025-11-21 14:24:25.951,408.257901,,,,,,,,,,,,,,,,,,,
2025-11-21 14:24:26.951,2706,2025-11-21 14:24:26.951,406.363582,,,,,,,,,,,,,,,,,,,
2025-11-21 14:24:27.951,2707,2025-11-21 14:24:27.951,404.859166,,,,,,,,,,,,,,,,,,,
2025-11-21 14:24:28.951,2708,2025-11-21 14:24:28.951,403.682743,,,,,,,,,,,,,,,,,,,
2025-11-21 14:24:29.951,2709,2025-11-21 14:24:29.951,402.75907,,,,,,,,,,,,,,,,,,,
2025-11-21 14:24:30.951,2710,2025-11-21 14:24:30.951,402.083113,,,,,,,,,,,,,,,,,,,
2025-11-21 14:24:31.951,2711,2025-11-21 14:24:31.951,401.472748,,,,,,,,,,,,,,,,,,,
2025-11-21 14:24:33.000,2712,2025-11-21 14:24:33.000,400.936258,,,,,,,,,,,,,,,,,,,
2025-11-21 14:24:33.951,2713,2025-11-21 14:24:33.951,400.492392,,,,,,,,,,,,,,,,,,,
2025-11-21 14:24:34.951,2714,2025-11-21 14:24:34.951,400.068738,,,,,,,,,,,,,,,,,,,
2025-11-21 14:24:35.951,2715,2025-11-21 14:24:35.951,399.665585,,,,,,,,,,,,,,,,,,,
2025-11-21 14:24:36.951,2716,2025-11-21 14:24:36.951,399.461387,,,,,,,,,,,,,,,,,,,
2025-11-21 14:24:37.951,2717,2025-11-21 14:24:37.951,399.529847,,,,,,,,,,,,,,,,,,,
2025-11-21 14:24:38.951,2718,2025-11-21 14:24:38.951,399.823592,,,,,,,,,,,,,,,,,,,
2025-11-21 14:24:39.951,2719,2025-11-21 14:24:39.951,399.818678,,,,,,,,,,,,,,,,,,,
2025-11-21 14:24:40.951,2720,2025-11-21 14:24:40.951,399.236221,,,,,,,,,,,,,,,,,,,
2025-11-21 14:24:41.951,2721,2025-11-21 14:24:41.951,399.284039,,,,,,,,,,,,,,,,,,,
2025-11-21 14:24:42.951,2722,2025-11-21 14:24:42.951,399.757464,,,,,,,,,,,,,,,,,,,
2025-11-21 14:24:43.951,2723,2025-11-21 14:24:43.951,400.180609,,,,,,,,,,,,,,,,,,,
2025-11-21 14:24:44.951,2724,2025-11-21 14:24:44.951,400.783515,,,,,,,,,,,,,,,,,,,
2025-11-21 14:24:45.951,2725,2025-11-21 14:24:45.951,401.02575,,,,,,,,,,,,,,,,,,,
2025-11-21 14:24:46.951,2726,2025-11-21 14:24:46.951,401.166348,,,,,,,,,,,,,,,,,,,
2025-11-21 14:24:47.951,2727,2025-11-21 14:24:47.951,401.24426,,,,,,,,,,,,,,,,,,,
2025-11-21 14:24:48.951,2728,2025-11-21 14:24:48.951,401.201161,,,,,,,,,,,,,,,,,,,
2025-11-21 14:24:49.951,2729,2025-11-21 14:24:49.951,401.098353,,,,,,,,,,,,,,,,,,,
2025-11-21 14:24:50.951,2730,2025-11-21 14:24:50.951,401.049958,,,,,,,,,,,,,,,,,,,
2025-11-21 14:24:51.951,2731,2025-11-21 14:24:51.951,400.976703,,,,,,,,,,,,,,,,,,,
2025-11-21 14:24:52.951,2732,2025-11-21 14:24:52.951,400.871006,,,,,,,,,,,,,,,,,,,
2025-11-21 14:24:53.951,2733,2025-11-21 14:24:53.951,400.778489,,,,,,,,,,,,,,,,,,,
2025-11-21 14:24:54.951,2734,2025-11-21 14:24:54.951,400.65936,,,,,,,,,,,,,,,,,,,
2025-11-21 14:24:55.951,2735,2025-11-21 14:24:55.951,400.562719,,,,,,,,,,,,,,,,,,,
2025-11-21 14:24:56.951,2736,2025-11-21 14:24:56.951,401.970872,,,,,,,,,,,,,,,,,,,
2025-11-21 14:24:57.951,2737,2025-11-21 14:24:57.951,404.886003,,,,,,,,,,,,,,,,,,,
2025-11-21 14:24:58.951,2738,2025-11-21 14:24:58.951,406.227224,,,,,,,,,,,,,,,,,,,
2025-11-21 14:24:59.951,2739,2025-11-21 14:24:59.951,407.02335,,,,,,,,,,,,,,,,,,,
2025-11-21 14:25:00.951,2740,2025-11-21 14:25:00.951,407.689965,,,,,,,,,,,,,,,,,,,
2025-11-21 14:25:01.951,2741,2025-11-21 14:25:01.951,408.260137,,,,,,,,,,,,,,,,,,,
2025-11-21 14:25:02.951,2742,2025-11-21 14:25:02.951,408.683724,,,,,,,,,,,,,,,,,,,
2025-11-21 14:25:03.951,2743,2025-11-21 14:25:03.951,409.002355,,,,,,,,,,,,,,,,,,,
2025-11-21 14:25:04.951,2744,2025-11-21 14:25:04.951,409.267284,,,,,,,,,,,,,,,,,,,
2025-11-21 14:25:05.951,2745,2025-11-21 14:25:05.951,409.506212,,,,,,,,,,,,,,,,,,,
2025-11-21 14:25:06.951,2746,2025-11-21 14:25:06.951,409.682955,,,,,,,,,,,,,,,,,,,
2025-11-21 14:25:07.951,2747,2025-11-21 14:25:07.951,409.859198,,,,,,,,,,,,,,,,,,,
2025-11-21 14:25:08.951,2748,2025-11-21 14:25:08.951,410.011708,,,,,,,,,,,,,,,,,,,
2025-11-21 14:25:09.951,2749,2025-11-21 14:25:09.951,410.156014,,,,,,,,,,,,,,,,,,,
2025-11-21 14:25:10.951,2750,2025-11-21 14:25:10.951,410.281183,,,,,,,,,,,,,,,,,,,
2025-11-21 14:25:11.951,2751,2025-11-21 14:25:11.951,410.39017,,,,,,,,,,,,,,,,,,,
2025-11-21 14:25:12.951,2752,2025-11-21 14:25:12.951,410.520955,,,,,,,,,,,,,,,,,,,
2025-11-21 14:25:13.951,2753,2025-11-21 14:25:13.951,410.631792,,,,,,,,,,,,,,,,,,,
2025-11-21 14:25:14.951,2754,2025-11-21 14:25:14.951,410.732665,,,,,,,,,,,,,,,,,,,
2025-11-21 14:25:15.951,2755,2025-11-21 14:25:15.951,410.834332,,,,,,,,,,,,,,,,,,,
2025-11-21 14:25:16.951,2756,2025-11-21 14:25:16.951,410.951198,,,,,,,,,,,,,,,,,,,
2025-11-21 14:25:17.951,2757,2025-11-21 14:25:17.951,411.039733,,,,,,,,,,,,,,,,,,,
2025-11-21 14:25:18.951,2758,2025-11-21 14:25:18.951,411.121694,,,,,,,,,,,,,,,,,,,
2025-11-21 14:25:19.951,2759,2025-11-21 14:25:19.951,411.203305,,,,,,,,,,,,,,,,,,,
2025-11-21 14:25:20.951,2760,2025-11-21 14:25:20.951,411.31133,,,,,,,,,,,,,,,,,,,
2025-11-21 14:25:21.951,2761,2025-11-21 14:25:21.951,411.376045,,,,,,,,,,,,,,,,,,,
2025-11-21 14:25:22.951,2762,2025-11-21 14:25:22.951,411.477578,,,,,,,,,,,,,,,,,,,
2025-11-21 14:25:23.951,2763,2025-11-21 14:25:23.951,411.547164,,,,,,,,,,,,,,,,,,,
2025-11-21 14:25:24.951,2764,2025-11-21 14:25:24.951,411.620538,,,,,,,,,,,,,,,,,,,
2025-11-21 14:25:25.951,2765,2025-11-21 14:25:25.951,411.682962,,,,,,,,,,,,,,,,,,,
2025-11-21 14:25:26.951,2766,2025-11-21 14:25:26.951,411.763169,,,,,,,,,,,,,,,,,,,
2025-11-21 14:25:27.951,2767,2025-11-21 14:25:27.951,411.83393,,,,,,,,,,,,,,,,,,,
2025-11-21 14:25:28.951,2768,2025-11-21 14:25:28.951,411.900534,,,,,,,,,,,,,,,,,,,
2025-11-21 14:25:29.951,2769,2025-11-21 14:25:29.951,411.981097,,,,,,,,,,,,,,,,,,,
2025-11-21 14:25:30.951,2770,2025-11-21 14:25:30.951,412.033804,,,,,,,,,,,,,,,,,,,
